time,temperature_2m,relative_humidity_2m,shortwave_radiation,wind_speed_10m,precipitation,cloud_cover
2023-01-01 00:00:00,9.2,90,0.0,8.1,0.0,0
2023-01-01 01:00:00,8.8,91,0.0,8.0,0.0,0
2023-01-01 02:00:00,8.2,92,0.0,6.8,0.0,2
2023-01-01 03:00:00,7.9,93,0.0,6.9,0.0,95
2023-01-01 04:00:00,7.9,93,0.0,6.9,0.0,98
2023-01-01 05:00:00,8.0,95,0.0,6.9,0.0,88
2023-01-01 06:00:00,8.0,95,0.0,7.2,0.0,99
2023-01-01 07:00:00,8.1,95,1.0,7.6,0.0,11
2023-01-01 08:00:00,9.5,90,75.0,8.7,0.0,13
2023-01-01 09:00:00,12.0,84,234.0,6.9,0.0,0
2023-01-01 10:00:00,14.4,75,392.0,6.5,0.0,0
2023-01-01 11:00:00,16.2,68,509.0,6.3,0.0,0
2023-01-01 12:00:00,17.3,63,567.0,5.5,0.0,0
2023-01-01 13:00:00,18.0,60,560.0,6.0,0.0,0
2023-01-01 14:00:00,18.3,56,489.0,5.9,0.0,21
2023-01-01 15:00:00,18.2,55,360.0,5.8,0.0,37
2023-01-01 16:00:00,17.4,62,190.0,5.0,0.0,23
2023-01-01 17:00:00,16.8,63,51.0,4.9,0.0,86
2023-01-01 18:00:00,15.8,67,0.0,1.1,0.0,49
2023-01-01 19:00:00,14.9,71,0.0,1.8,0.0,35
2023-01-01 20:00:00,12.0,82,0.0,3.9,0.0,0
2023-01-01 21:00:00,10.6,85,0.0,5.5,0.0,0
2023-01-01 22:00:00,10.8,82,0.0,5.6,0.0,0
2023-01-01 23:00:00,11.2,78,0.0,5.4,0.0,0
2023-01-02 00:00:00,9.3,86,0.0,7.3,0.0,0
2023-01-02 01:00:00,8.6,90,0.0,8.1,0.0,0
2023-01-02 02:00:00,8.1,92,0.0,8.5,0.0,0
2023-01-02 03:00:00,7.3,95,0.0,9.2,0.0,0
2023-01-02 04:00:00,8.9,92,0.0,6.1,0.0,0
2023-01-02 05:00:00,6.5,95,0.0,5.1,0.0,0
2023-01-02 06:00:00,6.7,95,0.0,4.6,0.0,0
2023-01-02 07:00:00,6.3,95,1.0,5.0,0.0,0
2023-01-02 08:00:00,8.8,91,76.0,6.4,0.0,0
2023-01-02 09:00:00,12.1,83,233.0,4.0,0.0,0
2023-01-02 10:00:00,15.0,73,404.0,3.1,0.0,0
2023-01-02 11:00:00,16.6,65,520.0,2.0,0.0,0
2023-01-02 12:00:00,17.5,58,571.0,2.4,0.0,0
2023-01-02 13:00:00,18.0,55,565.0,4.1,0.0,0
2023-01-02 14:00:00,18.2,53,495.0,5.8,0.0,0
2023-01-02 15:00:00,17.9,53,370.0,7.0,0.0,0
2023-01-02 16:00:00,17.0,59,208.0,4.9,0.0,0
2023-01-02 17:00:00,15.2,68,55.0,3.7,0.0,0
2023-01-02 18:00:00,14.1,73,0.0,1.3,0.0,4
2023-01-02 19:00:00,13.3,76,0.0,2.2,0.0,0
2023-01-02 20:00:00,12.8,77,0.0,3.9,0.0,0
2023-01-02 21:00:00,12.4,79,0.0,5.2,0.0,0
2023-01-02 22:00:00,12.2,80,0.0,4.3,0.0,0
2023-01-02 23:00:00,11.7,82,0.0,5.0,0.0,0
2023-01-03 00:00:00,11.0,86,0.0,5.1,0.0,0
2023-01-03 01:00:00,10.4,90,0.0,5.9,0.0,12
2023-01-03 02:00:00,9.5,93,0.0,6.0,0.0,37
2023-01-03 03:00:00,8.5,98,0.0,4.1,0.0,54
2023-01-03 04:00:00,7.8,99,0.0,2.4,0.0,100
2023-01-03 05:00:00,6.0,98,0.0,1.8,0.0,100
2023-01-03 06:00:00,6.5,99,0.0,4.7,0.0,100
2023-01-03 07:00:00,6.7,99,1.0,5.5,0.0,100
2023-01-03 08:00:00,7.8,96,47.0,5.9,0.0,100
2023-01-03 09:00:00,9.7,93,139.0,5.7,0.0,100
2023-01-03 10:00:00,11.1,92,259.0,4.5,0.0,0
2023-01-03 11:00:00,13.6,78,430.0,6.7,0.0,18
2023-01-03 12:00:00,15.3,67,566.0,7.7,0.0,0
2023-01-03 13:00:00,16.2,62,566.0,8.9,0.0,0
2023-01-03 14:00:00,16.6,59,497.0,9.4,0.0,0
2023-01-03 15:00:00,16.5,57,372.0,9.7,0.0,0
2023-01-03 16:00:00,15.8,61,211.0,9.7,0.0,0
2023-01-03 17:00:00,11.9,81,58.0,6.4,0.0,0
2023-01-03 18:00:00,10.7,87,0.0,7.7,0.0,0
2023-01-03 19:00:00,10.0,88,0.0,7.9,0.0,0
2023-01-03 20:00:00,9.6,88,0.0,8.7,0.0,0
2023-01-03 21:00:00,8.9,90,0.0,9.2,0.0,0
2023-01-03 22:00:00,8.2,93,0.0,7.9,0.0,0
2023-01-03 23:00:00,7.6,95,0.0,7.1,0.0,0
2023-01-04 00:00:00,7.3,96,0.0,7.3,0.0,0
2023-01-04 01:00:00,7.3,96,0.0,8.7,0.0,0
2023-01-04 02:00:00,7.1,97,0.0,8.7,0.0,0
2023-01-04 03:00:00,6.8,97,0.0,8.7,0.0,0
2023-01-04 04:00:00,6.6,98,0.0,8.4,0.0,0
2023-01-04 05:00:00,5.4,99,0.0,8.5,0.0,53
2023-01-04 06:00:00,5.7,99,0.0,8.1,0.0,100
2023-01-04 07:00:00,5.9,99,1.0,8.9,0.0,100
2023-01-04 08:00:00,7.1,96,60.0,10.0,0.0,98
2023-01-04 09:00:00,9.1,90,173.0,11.2,0.0,45
2023-01-04 10:00:00,11.3,83,348.0,8.6,0.0,4
2023-01-04 11:00:00,13.2,76,515.0,8.4,0.0,0
2023-01-04 12:00:00,14.8,70,578.0,8.7,0.0,0
2023-01-04 13:00:00,15.8,65,576.0,8.7,0.0,0
2023-01-04 14:00:00,16.4,63,507.0,8.5,0.0,0
2023-01-04 15:00:00,16.5,62,381.0,8.5,0.0,0
2023-01-04 16:00:00,15.9,65,217.0,9.3,0.0,0
2023-01-04 17:00:00,11.1,87,60.0,6.1,0.0,0
2023-01-04 18:00:00,10.0,90,0.0,7.4,0.0,0
2023-01-04 19:00:00,9.5,91,0.0,7.7,0.0,0
2023-01-04 20:00:00,8.5,93,0.0,7.1,0.0,0
2023-01-04 21:00:00,7.6,95,0.0,7.9,0.0,0
2023-01-04 22:00:00,6.7,97,0.0,9.8,0.0,0
2023-01-04 23:00:00,7.1,97,0.0,7.9,0.0,0
2023-01-05 00:00:00,6.4,98,0.0,6.9,0.0,1
2023-01-05 01:00:00,5.8,99,0.0,5.6,0.0,0
2023-01-05 02:00:00,6.0,99,0.0,7.4,0.0,100
2023-01-05 03:00:00,5.9,99,0.0,8.8,0.0,100
2023-01-05 04:00:00,5.7,100,0.0,8.7,0.0,100
2023-01-05 05:00:00,5.4,99,0.0,7.6,0.0,100
2023-01-05 06:00:00,5.7,98,0.0,8.3,0.0,100
2023-01-05 07:00:00,5.8,99,1.0,8.8,0.0,100
2023-01-05 08:00:00,6.5,98,38.0,8.1,0.0,100
2023-01-05 09:00:00,7.8,97,117.0,8.6,0.0,100
2023-01-05 10:00:00,9.1,95,205.0,8.7,0.0,100
2023-01-05 11:00:00,11.4,83,333.0,8.0,0.0,49
2023-01-05 12:00:00,13.3,76,555.0,8.1,0.0,17
2023-01-05 13:00:00,14.6,68,567.0,8.6,0.0,5
2023-01-05 14:00:00,15.4,64,504.0,9.4,0.0,0
2023-01-05 15:00:00,15.4,64,386.0,9.4,0.0,0
2023-01-05 16:00:00,14.9,67,222.0,8.4,0.0,0
2023-01-05 17:00:00,10.8,84,62.0,7.1,0.0,0
2023-01-05 18:00:00,9.8,86,0.0,6.9,0.0,0
2023-01-05 19:00:00,8.7,90,0.0,7.7,0.0,0
2023-01-05 20:00:00,8.7,92,0.0,7.6,0.0,0
2023-01-05 21:00:00,8.4,93,0.0,7.2,0.0,0
2023-01-05 22:00:00,6.9,96,0.0,8.4,0.0,0
2023-01-05 23:00:00,5.6,97,0.0,10.2,0.0,0
2023-01-06 00:00:00,4.9,99,0.0,10.9,0.0,3
2023-01-06 01:00:00,4.8,100,0.0,8.9,0.0,99
2023-01-06 02:00:00,4.9,99,0.0,4.0,0.0,100
2023-01-06 03:00:00,5.0,99,0.0,5.1,0.0,100
2023-01-06 04:00:00,5.0,99,0.0,5.8,0.0,100
2023-01-06 05:00:00,6.4,97,0.0,4.6,0.0,100
2023-01-06 06:00:00,6.9,97,0.0,5.5,0.0,100
2023-01-06 07:00:00,7.1,93,1.0,6.4,0.0,100
2023-01-06 08:00:00,7.4,91,34.0,6.3,0.0,100
2023-01-06 09:00:00,7.9,86,127.0,6.3,0.0,94
2023-01-06 10:00:00,9.3,80,286.0,6.6,0.0,79
2023-01-06 11:00:00,10.6,76,411.0,5.6,0.0,82
2023-01-06 12:00:00,12.1,73,549.0,6.3,0.0,90
2023-01-06 13:00:00,13.1,71,559.0,5.2,0.0,98
2023-01-06 14:00:00,13.9,67,502.0,6.2,0.0,100
2023-01-06 15:00:00,14.1,66,377.0,6.1,0.0,100
2023-01-06 16:00:00,13.6,67,211.0,6.4,0.0,100
2023-01-06 17:00:00,10.6,82,55.0,7.0,0.0,26
2023-01-06 18:00:00,8.3,90,0.0,8.9,0.0,0
2023-01-06 19:00:00,8.4,91,0.0,6.9,0.0,0
2023-01-06 20:00:00,8.0,91,0.0,7.4,0.0,0
2023-01-06 21:00:00,6.1,94,0.0,9.7,0.0,0
2023-01-06 22:00:00,6.1,95,0.0,6.9,0.0,0
2023-01-06 23:00:00,5.3,96,0.0,8.1,0.0,0
2023-01-07 00:00:00,4.6,98,0.0,9.5,0.0,0
2023-01-07 01:00:00,4.0,99,0.0,9.1,0.0,6
2023-01-07 02:00:00,4.4,99,0.0,5.4,0.0,100
2023-01-07 03:00:00,4.5,99,0.0,8.2,0.0,100
2023-01-07 04:00:00,4.3,100,0.0,7.2,0.0,100
2023-01-07 05:00:00,3.8,99,0.0,10.0,0.0,100
2023-01-07 06:00:00,4.7,97,0.0,11.6,0.0,100
2023-01-07 07:00:00,5.4,96,1.0,13.0,0.0,100
2023-01-07 08:00:00,5.9,97,40.0,13.2,0.0,100
2023-01-07 09:00:00,6.9,93,119.0,12.2,0.0,91
2023-01-07 10:00:00,8.8,85,251.0,10.5,0.0,81
2023-01-07 11:00:00,10.8,79,457.0,9.2,0.0,58
2023-01-07 12:00:00,12.6,73,563.0,8.6,0.0,32
2023-01-07 13:00:00,14.2,67,575.0,8.4,0.0,9
2023-01-07 14:00:00,15.1,64,510.0,8.2,0.0,0
2023-01-07 15:00:00,15.3,63,385.0,7.8,0.0,0
2023-01-07 16:00:00,14.7,67,223.0,7.8,0.0,0
2023-01-07 17:00:00,10.1,85,64.0,8.6,0.0,0
2023-01-07 18:00:00,8.9,87,0.0,8.4,0.0,16
2023-01-07 19:00:00,8.6,88,0.0,7.3,0.0,6
2023-01-07 20:00:00,8.3,88,0.0,8.6,0.0,10
2023-01-07 21:00:00,7.9,89,0.0,8.8,0.0,8
2023-01-07 22:00:00,7.4,92,0.0,8.3,0.0,0
2023-01-07 23:00:00,6.8,94,0.0,8.0,0.0,0
2023-01-08 00:00:00,6.4,95,0.0,8.0,0.0,0
2023-01-08 01:00:00,6.0,97,0.0,7.8,0.0,0
2023-01-08 02:00:00,5.8,97,0.0,8.5,0.0,0
2023-01-08 03:00:00,5.8,97,0.0,10.2,0.0,0
2023-01-08 04:00:00,5.8,98,0.0,12.0,0.0,0
2023-01-08 05:00:00,5.7,99,0.0,13.2,0.0,17
2023-01-08 06:00:00,6.0,100,0.0,13.3,0.0,100
2023-01-08 07:00:00,6.5,99,1.0,14.2,0.0,100
2023-01-08 08:00:00,7.1,99,35.0,13.9,0.0,100
2023-01-08 09:00:00,8.2,97,126.0,13.8,0.0,100
2023-01-08 10:00:00,10.0,89,236.0,13.4,0.0,72
2023-01-08 11:00:00,12.4,80,449.0,10.3,0.0,26
2023-01-08 12:00:00,14.4,74,563.0,9.7,0.0,28
2023-01-08 13:00:00,15.9,69,571.0,9.8,0.0,1
2023-01-08 14:00:00,16.8,66,510.0,9.2,0.0,0
2023-01-08 15:00:00,17.1,64,387.0,9.1,0.0,20
2023-01-08 16:00:00,16.5,69,223.0,9.4,0.0,7
2023-01-08 17:00:00,11.8,88,66.0,8.9,0.0,0
2023-01-08 18:00:00,10.7,88,0.0,8.9,0.0,0
2023-01-08 19:00:00,11.1,86,0.0,7.7,0.0,0
2023-01-08 20:00:00,9.4,91,0.0,8.9,0.0,0
2023-01-08 21:00:00,11.2,88,0.0,7.0,0.0,0
2023-01-08 22:00:00,11.1,88,0.0,3.4,0.0,0
2023-01-08 23:00:00,11.2,87,0.0,2.3,0.0,0
2023-01-09 00:00:00,10.8,87,0.0,3.8,0.0,0
2023-01-09 01:00:00,8.2,93,0.0,4.7,0.0,0
2023-01-09 02:00:00,6.0,99,0.0,5.8,0.0,25
2023-01-09 03:00:00,5.7,100,0.0,5.1,0.0,100
2023-01-09 04:00:00,6.6,100,0.0,5.4,0.0,100
2023-01-09 05:00:00,6.6,99,0.0,5.0,0.0,100
2023-01-09 06:00:00,6.6,99,0.0,5.1,0.0,100
2023-01-09 07:00:00,6.6,98,1.0,5.0,0.0,100
2023-01-09 08:00:00,7.4,98,36.0,4.5,0.0,100
2023-01-09 09:00:00,8.7,96,125.0,3.3,0.0,100
2023-01-09 10:00:00,10.7,91,215.0,3.1,0.0,100
2023-01-09 11:00:00,12.6,88,342.0,3.6,0.0,90
2023-01-09 12:00:00,15.3,78,542.0,5.9,0.0,100
2023-01-09 13:00:00,16.8,70,537.0,6.9,0.0,100
2023-01-09 14:00:00,17.2,66,394.0,5.9,0.0,100
2023-01-09 15:00:00,17.4,65,295.0,4.6,0.0,100
2023-01-09 16:00:00,16.9,70,168.0,4.3,0.0,100
2023-01-09 17:00:00,13.8,86,49.0,7.7,0.0,100
2023-01-09 18:00:00,13.4,85,0.0,6.9,0.0,100
2023-01-09 19:00:00,13.0,87,0.0,6.6,0.0,100
2023-01-09 20:00:00,12.2,89,0.0,7.1,0.0,100
2023-01-09 21:00:00,12.5,89,0.0,5.9,0.0,100
2023-01-09 22:00:00,10.5,95,0.0,7.4,0.0,96
2023-01-09 23:00:00,10.5,95,0.0,5.4,0.0,93
2023-01-10 00:00:00,9.6,96,0.0,5.4,0.0,96
2023-01-10 01:00:00,9.4,97,0.0,7.2,0.0,100
2023-01-10 02:00:00,9.4,97,0.0,7.5,0.0,100
2023-01-10 03:00:00,9.5,97,0.0,8.2,0.0,90
2023-01-10 04:00:00,8.8,98,0.0,7.8,0.0,59
2023-01-10 05:00:00,7.5,99,0.0,8.4,0.0,100
2023-01-10 06:00:00,7.6,99,0.0,7.1,0.0,100
2023-01-10 07:00:00,7.6,98,1.0,8.1,0.0,100
2023-01-10 08:00:00,8.3,96,38.0,9.1,0.0,100
2023-01-10 09:00:00,9.2,95,113.0,8.1,0.0,100
2023-01-10 10:00:00,10.7,95,186.0,8.4,0.0,100
2023-01-10 11:00:00,12.9,88,326.0,8.9,0.0,98
2023-01-10 12:00:00,15.5,78,549.0,9.9,0.0,80
2023-01-10 13:00:00,17.2,71,575.0,12.9,0.0,0
2023-01-10 14:00:00,18.1,67,514.0,14.0,0.0,0
2023-01-10 15:00:00,18.4,66,391.0,14.4,0.0,0
2023-01-10 16:00:00,17.8,69,229.0,12.6,0.0,0
2023-01-10 17:00:00,14.0,85,70.0,6.4,0.0,0
2023-01-10 18:00:00,12.1,89,1.0,7.7,0.0,0
2023-01-10 19:00:00,11.4,91,0.0,7.5,0.0,0
2023-01-10 20:00:00,11.3,91,0.0,8.4,0.0,0
2023-01-10 21:00:00,10.7,92,0.0,8.0,0.0,0
2023-01-10 22:00:00,10.4,93,0.0,9.3,0.0,0
2023-01-10 23:00:00,9.9,95,0.0,9.1,0.0,0
2023-01-11 00:00:00,9.5,96,0.0,8.6,0.0,0
2023-01-11 01:00:00,8.8,97,0.0,7.6,0.0,0
2023-01-11 02:00:00,8.7,97,0.0,8.1,0.0,0
2023-01-11 03:00:00,8.4,98,0.0,8.1,0.0,22
2023-01-11 04:00:00,8.4,99,0.0,9.4,0.0,100
2023-01-11 05:00:00,7.6,99,0.0,7.6,0.0,100
2023-01-11 06:00:00,7.7,100,0.0,7.7,0.0,100
2023-01-11 07:00:00,8.0,99,1.0,6.3,0.0,100
2023-01-11 08:00:00,8.6,98,44.0,7.4,0.0,100
2023-01-11 09:00:00,9.5,97,129.0,6.2,0.0,100
2023-01-11 10:00:00,11.6,90,247.0,5.0,0.0,97
2023-01-11 11:00:00,14.3,82,455.0,4.3,0.0,60
2023-01-11 12:00:00,16.7,71,564.0,3.7,0.0,49
2023-01-11 13:00:00,18.4,61,578.0,3.0,0.0,81
2023-01-11 14:00:00,19.4,56,504.0,1.8,0.0,89
2023-01-11 15:00:00,19.7,54,363.0,3.2,0.0,88
2023-01-11 16:00:00,18.9,64,213.0,4.7,0.0,41
2023-01-11 17:00:00,14.8,76,71.0,7.2,0.0,21
2023-01-11 18:00:00,13.6,81,1.0,9.4,0.0,0
2023-01-11 19:00:00,12.8,85,0.0,9.8,0.0,7
2023-01-11 20:00:00,12.3,87,0.0,10.2,0.0,8
2023-01-11 21:00:00,11.7,90,0.0,12.0,0.0,25
2023-01-11 22:00:00,11.4,93,0.0,11.5,0.0,39
2023-01-11 23:00:00,11.5,93,0.0,13.7,0.0,100
2023-01-12 00:00:00,12.0,89,0.0,15.0,0.1,80
2023-01-12 01:00:00,11.3,92,0.0,15.2,0.0,48
2023-01-12 02:00:00,11.0,91,0.0,15.7,0.0,100
2023-01-12 03:00:00,11.2,88,0.0,14.9,0.0,100
2023-01-12 04:00:00,11.3,87,0.0,14.4,0.0,100
2023-01-12 05:00:00,10.5,91,0.0,10.6,0.0,27
2023-01-12 06:00:00,10.2,91,0.0,10.8,0.0,2
2023-01-12 07:00:00,9.8,92,1.0,10.6,0.0,8
2023-01-12 08:00:00,11.5,85,70.0,15.6,0.0,17
2023-01-12 09:00:00,14.1,77,218.0,15.3,0.0,78
2023-01-12 10:00:00,16.4,69,343.0,15.6,0.0,18
2023-01-12 11:00:00,18.2,63,498.0,16.0,0.0,56
2023-01-12 12:00:00,19.1,63,538.0,14.6,0.0,17
2023-01-12 13:00:00,19.7,64,556.0,12.5,0.0,21
2023-01-12 14:00:00,20.1,64,477.0,12.3,0.0,27
2023-01-12 15:00:00,19.8,65,353.0,12.7,0.0,56
2023-01-12 16:00:00,19.0,67,201.0,12.5,0.0,59
2023-01-12 17:00:00,17.0,77,57.0,10.2,0.0,43
2023-01-12 18:00:00,15.9,81,1.0,11.1,0.0,41
2023-01-12 19:00:00,15.1,85,0.0,9.4,0.0,39
2023-01-12 20:00:00,14.5,87,0.0,10.2,0.0,6
2023-01-12 21:00:00,13.9,89,0.0,11.7,0.0,0
2023-01-12 22:00:00,13.1,92,0.0,10.6,0.0,0
2023-01-12 23:00:00,12.6,92,0.0,8.9,0.0,0
2023-01-13 00:00:00,12.0,92,0.0,7.6,0.0,0
2023-01-13 01:00:00,11.6,92,0.0,8.8,0.0,1
2023-01-13 02:00:00,11.3,92,0.0,9.6,0.0,7
2023-01-13 03:00:00,10.8,94,0.0,7.9,0.0,25
2023-01-13 04:00:00,10.6,94,0.0,7.3,0.0,25
2023-01-13 05:00:00,11.1,94,0.0,12.2,0.6,52
2023-01-13 06:00:00,11.5,92,0.0,12.4,0.6,71
2023-01-13 07:00:00,11.3,90,1.0,7.2,5.2,35
2023-01-13 08:00:00,12.3,87,57.0,12.7,1.0,31
2023-01-13 09:00:00,13.9,84,187.0,13.4,1.4,53
2023-01-13 10:00:00,15.4,80,290.0,13.6,0.0,78
2023-01-13 11:00:00,16.5,78,404.0,10.7,4.3,86
2023-01-13 12:00:00,16.9,81,387.0,11.0,3.8,99
2023-01-13 13:00:00,17.2,78,356.0,16.6,1.2,50
2023-01-13 14:00:00,17.9,74,377.0,15.0,0.1,4
2023-01-13 15:00:00,18.6,72,338.0,9.1,0.0,2
2023-01-13 16:00:00,18.4,73,221.0,6.8,0.0,17
2023-01-13 17:00:00,16.7,83,66.0,4.7,0.0,26
2023-01-13 18:00:00,14.6,91,1.0,4.9,0.0,37
2023-01-13 19:00:00,14.4,93,0.0,8.4,0.0,17
2023-01-13 20:00:00,13.4,94,0.0,6.3,0.0,46
2023-01-13 21:00:00,13.0,94,0.0,5.6,0.0,26
2023-01-13 22:00:00,12.9,94,0.0,9.7,0.0,13
2023-01-13 23:00:00,12.5,96,0.0,7.9,0.0,19
2023-01-14 00:00:00,12.2,97,0.0,10.6,0.0,9
2023-01-14 01:00:00,11.7,98,0.0,10.5,0.0,2
2023-01-14 02:00:00,11.3,98,0.0,11.1,0.0,2
2023-01-14 03:00:00,11.1,98,0.0,12.3,0.0,15
2023-01-14 04:00:00,10.9,99,0.0,12.9,0.0,100
2023-01-14 05:00:00,10.4,98,0.0,14.5,0.0,100
2023-01-14 06:00:00,10.3,98,0.0,14.6,0.0,100
2023-01-14 07:00:00,10.4,96,1.0,15.4,0.0,100
2023-01-14 08:00:00,10.7,92,52.0,14.9,0.0,37
2023-01-14 09:00:00,11.7,84,188.0,14.3,0.0,10
2023-01-14 10:00:00,13.1,75,401.0,13.5,0.0,0
2023-01-14 11:00:00,14.6,69,545.0,14.5,0.0,0
2023-01-14 12:00:00,15.9,61,603.0,16.2,0.0,0
2023-01-14 13:00:00,16.7,53,606.0,17.1,0.0,0
2023-01-14 14:00:00,17.0,48,541.0,16.7,0.0,0
2023-01-14 15:00:00,16.7,46,417.0,16.0,0.0,0
2023-01-14 16:00:00,15.8,49,251.0,14.2,0.0,0
2023-01-14 17:00:00,13.3,59,82.0,10.0,0.0,0
2023-01-14 18:00:00,11.6,63,1.0,11.2,0.0,0
2023-01-14 19:00:00,10.6,63,0.0,12.7,0.0,0
2023-01-14 20:00:00,9.6,62,0.0,13.1,0.0,30
2023-01-14 21:00:00,8.9,66,0.0,12.1,0.0,76
2023-01-14 22:00:00,8.4,70,0.0,11.3,0.0,86
2023-01-14 23:00:00,8.0,74,0.0,11.5,0.0,48
2023-01-15 00:00:00,7.5,79,0.0,11.8,0.0,8
2023-01-15 01:00:00,7.0,84,0.0,12.1,0.0,0
2023-01-15 02:00:00,6.6,87,0.0,13.4,0.0,0
2023-01-15 03:00:00,6.3,89,0.0,13.9,0.0,0
2023-01-15 04:00:00,6.1,90,0.0,14.2,0.0,0
2023-01-15 05:00:00,6.0,84,0.0,14.5,0.0,0
2023-01-15 06:00:00,5.7,81,0.0,14.8,0.0,0
2023-01-15 07:00:00,5.5,80,1.0,14.3,0.0,0
2023-01-15 08:00:00,6.8,77,83.0,15.7,0.0,0
2023-01-15 09:00:00,8.9,69,257.0,14.5,0.0,0
2023-01-15 10:00:00,11.2,59,428.0,14.5,0.0,0
2023-01-15 11:00:00,13.1,51,558.0,15.5,0.0,0
2023-01-15 12:00:00,14.5,43,626.0,15.8,0.0,0
2023-01-15 13:00:00,15.1,40,626.0,15.6,0.0,0
2023-01-15 14:00:00,15.3,40,558.0,15.6,0.0,0
2023-01-15 15:00:00,15.1,39,430.0,15.9,0.0,0
2023-01-15 16:00:00,14.5,41,259.0,13.8,0.0,0
2023-01-15 17:00:00,11.6,53,85.0,6.7,0.0,0
2023-01-15 18:00:00,9.7,61,2.0,8.0,0.0,4
2023-01-15 19:00:00,9.0,64,0.0,7.5,0.0,70
2023-01-15 20:00:00,8.3,66,0.0,8.1,0.0,17
2023-01-15 21:00:00,7.9,67,0.0,9.1,0.0,0
2023-01-15 22:00:00,7.4,65,0.0,9.4,0.0,0
2023-01-15 23:00:00,6.9,65,0.0,8.9,0.0,0
2023-01-16 00:00:00,6.3,66,0.0,8.5,0.0,0
2023-01-16 01:00:00,5.7,68,0.0,8.1,0.0,0
2023-01-16 02:00:00,5.1,71,0.0,7.9,0.0,0
2023-01-16 03:00:00,4.7,73,0.0,7.7,0.0,0
2023-01-16 04:00:00,4.2,75,0.0,7.2,0.0,0
2023-01-16 05:00:00,4.2,79,0.0,8.7,0.0,0
2023-01-16 06:00:00,3.9,80,0.0,8.7,0.0,18
2023-01-16 07:00:00,3.7,80,1.0,8.4,0.0,0
2023-01-16 08:00:00,5.7,73,82.0,10.1,0.0,0
2023-01-16 09:00:00,8.5,66,254.0,8.0,0.0,0
2023-01-16 10:00:00,11.0,59,424.0,8.7,0.0,0
2023-01-16 11:00:00,13.1,53,553.0,9.2,0.0,0
2023-01-16 12:00:00,14.6,47,621.0,11.0,0.0,0
2023-01-16 13:00:00,15.3,44,622.0,13.0,0.0,0
2023-01-16 14:00:00,15.5,43,555.0,13.3,0.0,0
2023-01-16 15:00:00,15.4,44,429.0,13.1,0.0,0
2023-01-16 16:00:00,14.8,47,259.0,11.8,0.0,0
2023-01-16 17:00:00,12.2,59,87.0,6.9,0.0,0
2023-01-16 18:00:00,10.7,63,2.0,7.9,0.0,0
2023-01-16 19:00:00,9.9,64,0.0,9.1,0.0,0
2023-01-16 20:00:00,9.2,65,0.0,10.0,0.0,0
2023-01-16 21:00:00,8.5,67,0.0,9.9,0.0,0
2023-01-16 22:00:00,7.8,67,0.0,9.9,0.0,0
2023-01-16 23:00:00,6.8,71,0.0,8.2,0.0,0
2023-01-17 00:00:00,6.0,74,0.0,7.6,0.0,0
2023-01-17 01:00:00,5.7,75,0.0,8.0,0.0,0
2023-01-17 02:00:00,5.1,76,0.0,8.3,0.0,0
2023-01-17 03:00:00,4.6,79,0.0,8.8,0.0,0
2023-01-17 04:00:00,4.2,80,0.0,9.4,0.0,0
2023-01-17 05:00:00,4.0,84,0.0,9.8,0.0,0
2023-01-17 06:00:00,3.8,85,0.0,9.7,0.0,0
2023-01-17 07:00:00,3.6,86,1.0,9.7,0.0,0
2023-01-17 08:00:00,5.6,78,84.0,12.2,0.0,0
2023-01-17 09:00:00,8.6,69,259.0,9.8,0.0,0
2023-01-17 10:00:00,11.3,61,430.0,9.7,0.0,0
2023-01-17 11:00:00,13.6,52,559.0,11.3,0.0,0
2023-01-17 12:00:00,15.1,45,627.0,12.7,0.0,0
2023-01-17 13:00:00,16.0,40,628.0,13.6,0.0,0
2023-01-17 14:00:00,16.4,37,561.0,14.4,0.0,0
2023-01-17 15:00:00,16.2,36,433.0,13.8,0.0,0
2023-01-17 16:00:00,15.5,39,263.0,12.2,0.0,0
2023-01-17 17:00:00,12.6,51,89.0,7.1,0.0,0
2023-01-17 18:00:00,11.0,56,2.0,7.6,0.0,0
2023-01-17 19:00:00,9.5,60,0.0,8.7,0.0,0
2023-01-17 20:00:00,8.3,65,0.0,9.2,0.0,0
2023-01-17 21:00:00,7.2,69,0.0,10.3,0.0,0
2023-01-17 22:00:00,6.4,70,0.0,10.0,0.0,0
2023-01-17 23:00:00,5.7,73,0.0,9.6,0.0,0
2023-01-18 00:00:00,5.0,76,0.0,9.8,0.0,0
2023-01-18 01:00:00,4.6,77,0.0,10.2,0.0,0
2023-01-18 02:00:00,4.3,79,0.0,10.2,0.0,0
2023-01-18 03:00:00,3.8,81,0.0,10.2,0.0,59
2023-01-18 04:00:00,3.6,81,0.0,9.5,0.0,13
2023-01-18 05:00:00,3.6,85,0.0,7.9,0.0,27
2023-01-18 06:00:00,3.2,86,0.0,7.8,0.0,3
2023-01-18 07:00:00,3.6,83,1.0,5.5,0.0,1
2023-01-18 08:00:00,6.1,74,83.0,9.4,0.0,0
2023-01-18 09:00:00,9.5,66,255.0,8.0,0.0,1
2023-01-18 10:00:00,12.3,56,425.0,6.5,0.0,2
2023-01-18 11:00:00,14.3,48,553.0,6.1,0.0,0
2023-01-18 12:00:00,15.6,42,622.0,7.9,0.0,0
2023-01-18 13:00:00,16.3,40,623.0,9.7,0.0,0
2023-01-18 14:00:00,16.6,40,556.0,9.9,0.0,0
2023-01-18 15:00:00,16.5,40,429.0,9.8,0.0,0
2023-01-18 16:00:00,15.9,43,261.0,9.0,0.0,0
2023-01-18 17:00:00,13.1,54,89.0,6.7,0.0,0
2023-01-18 18:00:00,11.6,57,2.0,7.4,0.0,1
2023-01-18 19:00:00,10.2,63,0.0,7.8,0.0,0
2023-01-18 20:00:00,8.7,71,0.0,9.6,0.0,0
2023-01-18 21:00:00,8.0,73,0.0,8.5,0.0,0
2023-01-18 22:00:00,6.9,77,0.0,10.6,0.0,8
2023-01-18 23:00:00,7.8,70,0.0,7.9,0.0,1
2023-01-19 00:00:00,6.7,75,0.0,7.4,0.0,67
2023-01-19 01:00:00,7.0,73,0.0,7.7,0.0,78
2023-01-19 02:00:00,7.0,72,0.0,7.1,0.0,31
2023-01-19 03:00:00,6.4,75,0.0,7.6,0.0,92
2023-01-19 04:00:00,7.8,69,0.0,9.2,0.0,85
2023-01-19 05:00:00,8.3,71,0.0,5.6,0.0,100
2023-01-19 06:00:00,8.2,73,0.0,6.8,0.0,100
2023-01-19 07:00:00,8.2,75,1.0,6.9,0.3,86
2023-01-19 08:00:00,9.1,78,75.0,8.3,0.0,7
2023-01-19 09:00:00,11.7,70,243.0,7.3,0.0,12
2023-01-19 10:00:00,14.0,61,406.0,5.1,0.0,14
2023-01-19 11:00:00,15.9,52,523.0,4.7,0.0,40
2023-01-19 12:00:00,16.9,48,525.0,3.4,0.0,2
2023-01-19 13:00:00,17.9,44,612.0,3.2,0.0,1
2023-01-19 14:00:00,18.4,42,541.0,4.3,0.0,0
2023-01-19 15:00:00,18.3,43,396.0,6.0,0.0,75
2023-01-19 16:00:00,17.6,44,248.0,6.3,0.0,69
2023-01-19 17:00:00,15.1,61,81.0,8.1,0.0,51
2023-01-19 18:00:00,14.2,63,2.0,7.1,0.0,100
2023-01-19 19:00:00,12.8,71,0.0,10.1,0.0,100
2023-01-19 20:00:00,13.2,68,0.0,7.7,0.0,82
2023-01-19 21:00:00,12.7,68,0.0,7.5,0.0,100
2023-01-19 22:00:00,12.9,67,0.0,10.3,0.0,100
2023-01-19 23:00:00,13.1,67,0.0,15.5,0.0,100
2023-01-20 00:00:00,12.1,70,0.0,14.9,0.0,100
2023-01-20 01:00:00,12.0,75,0.0,14.8,0.0,100
2023-01-20 02:00:00,12.0,76,0.0,12.2,0.0,100
2023-01-20 03:00:00,11.6,80,0.0,10.9,0.0,98
2023-01-20 04:00:00,10.6,86,0.0,7.6,0.0,100
2023-01-20 05:00:00,10.9,87,0.0,10.0,0.0,85
2023-01-20 06:00:00,9.9,91,0.0,8.0,0.0,97
2023-01-20 07:00:00,9.7,91,1.0,6.5,0.0,0
2023-01-20 08:00:00,11.1,85,81.0,8.3,0.0,0
2023-01-20 09:00:00,13.3,75,248.0,7.8,0.0,0
2023-01-20 10:00:00,15.4,67,424.0,5.4,0.0,18
2023-01-20 11:00:00,17.3,61,505.0,6.1,0.0,12
2023-01-20 12:00:00,18.5,57,571.0,9.5,0.0,36
2023-01-20 13:00:00,19.2,50,559.0,12.6,0.0,49
2023-01-20 14:00:00,19.5,46,488.0,13.3,0.0,21
2023-01-20 15:00:00,19.7,45,422.0,12.7,0.0,13
2023-01-20 16:00:00,19.0,45,259.0,12.4,0.0,20
2023-01-20 17:00:00,17.7,52,85.0,11.9,0.0,30
2023-01-20 18:00:00,15.9,58,3.0,14.8,0.0,9
2023-01-20 19:00:00,14.3,64,0.0,12.8,0.0,3
2023-01-20 20:00:00,13.3,70,0.0,11.3,0.0,4
2023-01-20 21:00:00,12.3,77,0.0,10.6,0.0,4
2023-01-20 22:00:00,11.5,84,0.0,9.2,0.0,0
2023-01-20 23:00:00,10.7,90,0.0,7.8,0.0,0
2023-01-21 00:00:00,10.3,92,0.0,7.5,0.0,0
2023-01-21 01:00:00,10.1,91,0.0,7.9,0.0,0
2023-01-21 02:00:00,9.4,91,0.0,7.0,0.0,0
2023-01-21 03:00:00,8.8,91,0.0,6.5,0.0,0
2023-01-21 04:00:00,8.5,91,0.0,6.4,0.0,0
2023-01-21 05:00:00,8.4,95,0.0,6.0,0.0,0
2023-01-21 06:00:00,7.5,96,0.0,6.8,0.0,0
2023-01-21 07:00:00,7.0,97,2.0,8.2,0.0,0
2023-01-21 08:00:00,9.7,90,81.0,5.5,0.0,0
2023-01-21 09:00:00,12.3,82,248.0,3.1,0.0,0
2023-01-21 10:00:00,15.1,73,416.0,2.5,0.0,0
2023-01-21 11:00:00,17.5,64,544.0,2.2,0.0,0
2023-01-21 12:00:00,19.1,58,614.0,0.8,0.0,0
2023-01-21 13:00:00,20.0,53,618.0,1.5,0.0,0
2023-01-21 14:00:00,20.5,50,554.0,1.3,0.0,0
2023-01-21 15:00:00,20.5,49,430.0,2.2,0.0,0
2023-01-21 16:00:00,20.1,50,265.0,3.9,0.0,0
2023-01-21 17:00:00,17.4,69,94.0,6.7,0.0,0
2023-01-21 18:00:00,14.5,82,3.0,8.7,0.0,0
2023-01-21 19:00:00,13.6,86,0.0,7.1,0.0,0
2023-01-21 20:00:00,12.6,87,0.0,8.7,0.0,0
2023-01-21 21:00:00,12.6,86,0.0,7.5,0.0,0
2023-01-21 22:00:00,11.9,87,0.0,7.6,0.0,0
2023-01-21 23:00:00,11.0,90,0.0,7.7,0.0,0
2023-01-22 00:00:00,10.4,91,0.0,7.2,0.0,0
2023-01-22 01:00:00,10.3,91,0.0,7.9,0.0,0
2023-01-22 02:00:00,10.3,89,0.0,10.4,0.0,0
2023-01-22 03:00:00,10.3,85,0.0,10.6,0.0,0
2023-01-22 04:00:00,9.0,89,0.0,8.9,0.0,0
2023-01-22 05:00:00,8.8,91,0.0,7.6,0.0,0
2023-01-22 06:00:00,8.5,93,0.0,7.9,0.0,13
2023-01-22 07:00:00,8.1,95,2.0,7.3,0.0,46
2023-01-22 08:00:00,11.0,88,75.0,5.9,0.0,97
2023-01-22 09:00:00,13.7,80,213.0,5.6,0.0,59
2023-01-22 10:00:00,16.6,71,382.0,6.8,0.0,0
2023-01-22 11:00:00,19.2,60,548.0,8.7,0.0,0
2023-01-22 12:00:00,20.8,47,620.0,9.4,0.0,9
2023-01-22 13:00:00,21.5,39,586.0,8.1,0.0,21
2023-01-22 14:00:00,21.7,37,505.0,10.2,0.0,15
2023-01-22 15:00:00,21.5,36,418.0,10.2,0.0,17
2023-01-22 16:00:00,20.8,39,253.0,9.3,0.0,22
2023-01-22 17:00:00,17.4,58,90.0,8.0,0.0,17
2023-01-22 18:00:00,15.4,63,3.0,9.2,0.0,14
2023-01-22 19:00:00,14.1,70,0.0,9.8,0.0,4
2023-01-22 20:00:00,13.5,72,0.0,9.1,0.0,4
2023-01-22 21:00:00,12.5,74,0.0,9.5,0.0,17
2023-01-22 22:00:00,11.8,78,0.0,9.6,0.0,91
2023-01-22 23:00:00,12.4,75,0.0,5.9,0.0,47
2023-01-23 00:00:00,12.5,71,0.0,7.1,0.0,1
2023-01-23 01:00:00,12.0,69,0.0,7.5,0.0,1
2023-01-23 02:00:00,12.0,67,0.0,8.3,0.0,6
2023-01-23 03:00:00,10.5,72,0.0,7.8,0.0,6
2023-01-23 04:00:00,9.8,75,0.0,7.6,0.0,16
2023-01-23 05:00:00,8.4,89,0.0,10.0,0.0,18
2023-01-23 06:00:00,8.8,88,0.0,8.4,0.0,7
2023-01-23 07:00:00,8.6,89,2.0,8.2,0.0,5
2023-01-23 08:00:00,11.3,78,83.0,7.4,0.0,3
2023-01-23 09:00:00,14.2,69,251.0,4.8,0.0,1
2023-01-23 10:00:00,17.1,60,419.0,5.2,0.0,0
2023-01-23 11:00:00,19.7,50,549.0,6.2,0.0,0
2023-01-23 12:00:00,21.4,42,622.0,6.9,0.0,0
2023-01-23 13:00:00,22.4,37,626.0,7.0,0.0,0
2023-01-23 14:00:00,22.8,35,563.0,6.5,0.0,48
2023-01-23 15:00:00,22.7,36,430.0,7.0,0.0,97
2023-01-23 16:00:00,21.7,42,238.0,6.0,0.0,100
2023-01-23 17:00:00,21.4,46,85.0,3.3,0.0,28
2023-01-23 18:00:00,20.4,50,4.0,3.8,0.0,51
2023-01-23 19:00:00,16.8,66,0.0,5.6,0.0,35
2023-01-23 20:00:00,15.7,72,0.0,5.4,0.0,16
2023-01-23 21:00:00,14.3,76,0.0,6.5,0.0,17
2023-01-23 22:00:00,13.6,78,0.0,6.2,0.0,58
2023-01-23 23:00:00,14.0,75,0.0,3.8,0.0,41
2023-01-24 00:00:00,13.9,75,0.0,5.0,0.0,52
2023-01-24 01:00:00,13.8,93,0.0,5.8,9.8,97
2023-01-24 02:00:00,15.2,83,0.0,5.0,0.2,100
2023-01-24 03:00:00,14.0,91,0.0,3.5,0.0,35
2023-01-24 04:00:00,13.2,93,0.0,6.1,0.0,17
2023-01-24 05:00:00,13.1,95,0.0,6.9,0.0,48
2023-01-24 06:00:00,13.2,95,0.0,7.2,0.2,53
2023-01-24 07:00:00,13.4,92,1.0,10.6,0.0,97
2023-01-24 08:00:00,14.7,90,74.0,12.5,0.0,28
2023-01-24 09:00:00,17.0,87,239.0,12.5,0.0,25
2023-01-24 10:00:00,19.2,78,383.0,18.8,0.0,50
2023-01-24 11:00:00,20.7,68,466.0,22.8,0.0,99
2023-01-24 12:00:00,19.9,71,420.0,23.2,0.1,90
2023-01-24 13:00:00,20.8,68,368.0,20.1,0.0,55
2023-01-24 14:00:00,21.2,65,308.0,17.9,0.0,94
2023-01-24 15:00:00,20.9,67,278.0,18.0,0.2,74
2023-01-24 16:00:00,20.4,71,173.0,14.5,0.3,91
2023-01-24 17:00:00,18.7,75,63.0,10.8,0.0,53
2023-01-24 18:00:00,18.5,76,2.0,11.6,0.1,100
2023-01-24 19:00:00,17.9,81,0.0,11.6,0.1,100
2023-01-24 20:00:00,17.5,82,0.0,8.4,0.3,100
2023-01-24 21:00:00,17.0,86,0.0,8.7,0.0,100
2023-01-24 22:00:00,15.9,90,0.0,12.5,0.0,100
2023-01-24 23:00:00,15.7,91,0.0,13.0,0.0,15
2023-01-25 00:00:00,15.2,93,0.0,11.5,0.0,53
2023-01-25 01:00:00,15.3,93,0.0,8.8,0.1,40
2023-01-25 02:00:00,13.9,96,0.0,7.3,0.1,57
2023-01-25 03:00:00,14.1,96,0.0,5.4,0.2,33
2023-01-25 04:00:00,13.4,97,0.0,5.8,0.1,36
2023-01-25 05:00:00,13.2,95,0.0,2.2,0.1,100
2023-01-25 06:00:00,12.1,98,0.0,4.5,0.0,15
2023-01-25 07:00:00,11.9,100,2.0,5.0,0.0,100
2023-01-25 08:00:00,13.6,98,74.0,4.0,0.0,23
2023-01-25 09:00:00,16.1,87,188.0,1.8,0.1,34
2023-01-25 10:00:00,17.8,81,334.0,2.5,0.0,73
2023-01-25 11:00:00,18.7,77,357.0,1.1,0.0,85
2023-01-25 12:00:00,19.8,71,444.0,3.3,0.1,43
2023-01-25 13:00:00,20.6,67,442.0,4.0,0.1,46
2023-01-25 14:00:00,21.0,64,450.0,5.6,0.1,17
2023-01-25 15:00:00,21.1,63,366.0,7.1,0.0,20
2023-01-25 16:00:00,20.5,64,245.0,9.8,0.0,23
2023-01-25 17:00:00,18.4,73,92.0,7.5,0.0,10
2023-01-25 18:00:00,17.7,78,2.0,8.2,0.0,27
2023-01-25 19:00:00,17.0,81,0.0,8.2,0.0,20
2023-01-25 20:00:00,15.9,86,0.0,6.3,0.0,42
2023-01-25 21:00:00,15.9,84,0.0,7.1,0.0,100
2023-01-25 22:00:00,16.2,80,0.0,9.0,0.0,100
2023-01-25 23:00:00,15.8,81,0.0,9.7,0.0,100
2023-01-26 00:00:00,15.5,86,0.0,10.1,0.0,87
2023-01-26 01:00:00,15.1,87,0.0,10.4,0.0,52
2023-01-26 02:00:00,14.0,87,0.0,10.4,0.0,14
2023-01-26 03:00:00,12.7,90,0.0,10.7,0.0,5
2023-01-26 04:00:00,11.7,92,0.0,10.0,0.0,14
2023-01-26 05:00:00,12.1,83,0.0,9.8,0.0,9
2023-01-26 06:00:00,12.0,84,0.0,10.0,0.0,26
2023-01-26 07:00:00,11.6,91,2.0,11.3,0.0,100
2023-01-26 08:00:00,12.8,95,56.0,12.5,0.0,100
2023-01-26 09:00:00,13.6,92,119.0,14.8,0.0,100
2023-01-26 10:00:00,15.6,79,319.0,13.5,0.0,13
2023-01-26 11:00:00,17.0,70,537.0,14.3,0.0,3
2023-01-26 12:00:00,18.2,61,632.0,15.0,0.0,2
2023-01-26 13:00:00,18.8,57,643.0,14.8,0.0,0
2023-01-26 14:00:00,19.0,55,581.0,15.6,0.0,0
2023-01-26 15:00:00,18.8,52,458.0,16.4,0.0,0
2023-01-26 16:00:00,18.1,52,289.0,16.4,0.0,0
2023-01-26 17:00:00,15.9,68,110.0,13.2,0.0,0
2023-01-26 18:00:00,14.1,75,5.0,12.0,0.0,0
2023-01-26 19:00:00,13.2,77,0.0,12.5,0.0,0
2023-01-26 20:00:00,12.4,79,0.0,12.6,0.0,0
2023-01-26 21:00:00,11.6,79,0.0,13.0,0.0,0
2023-01-26 22:00:00,10.8,77,0.0,13.4,0.0,0
2023-01-26 23:00:00,9.9,76,0.0,12.4,0.0,0
2023-01-27 00:00:00,9.3,76,0.0,13.5,0.0,0
2023-01-27 01:00:00,8.8,76,0.0,14.5,0.0,0
2023-01-27 02:00:00,8.3,79,0.0,14.0,0.0,0
2023-01-27 03:00:00,7.9,83,0.0,14.0,0.0,0
2023-01-27 04:00:00,7.6,86,0.0,14.4,0.0,0
2023-01-27 05:00:00,7.8,91,0.0,14.0,0.0,0
2023-01-27 06:00:00,7.6,92,0.0,12.9,0.0,0
2023-01-27 07:00:00,7.5,91,2.0,13.7,0.0,0
2023-01-27 08:00:00,9.1,81,92.0,15.9,0.0,0
2023-01-27 09:00:00,11.5,68,273.0,15.2,0.0,0
2023-01-27 10:00:00,13.8,57,452.0,15.6,0.0,0
2023-01-27 11:00:00,15.8,52,587.0,16.5,0.0,0
2023-01-27 12:00:00,17.3,49,662.0,16.9,0.0,0
2023-01-27 13:00:00,18.2,48,668.0,17.3,0.0,0
2023-01-27 14:00:00,18.6,46,602.0,17.4,0.0,0
2023-01-27 15:00:00,18.4,47,475.0,17.4,0.0,0
2023-01-27 16:00:00,17.8,49,301.0,16.9,0.0,0
2023-01-27 17:00:00,16.1,57,116.0,12.7,0.0,0
2023-01-27 18:00:00,14.0,64,6.0,11.9,0.0,0
2023-01-27 19:00:00,12.7,67,0.0,12.2,0.0,0
2023-01-27 20:00:00,11.9,69,0.0,13.2,0.0,0
2023-01-27 21:00:00,11.2,69,0.0,14.0,0.0,0
2023-01-27 22:00:00,10.5,69,0.0,14.2,0.0,0
2023-01-27 23:00:00,9.7,71,0.0,12.6,0.0,0
2023-01-28 00:00:00,9.0,72,0.0,13.3,0.0,0
2023-01-28 01:00:00,8.5,73,0.0,13.4,0.0,0
2023-01-28 02:00:00,8.0,74,0.0,11.8,0.0,0
2023-01-28 03:00:00,7.5,75,0.0,13.6,0.0,0
2023-01-28 04:00:00,7.1,75,0.0,14.2,0.0,0
2023-01-28 05:00:00,7.2,78,0.0,12.4,0.0,0
2023-01-28 06:00:00,6.6,79,0.0,13.3,0.0,0
2023-01-28 07:00:00,6.5,79,2.0,14.8,0.0,0
2023-01-28 08:00:00,8.4,73,95.0,15.3,0.0,0
2023-01-28 09:00:00,11.6,66,279.0,12.1,0.0,0
2023-01-28 10:00:00,14.8,58,458.0,12.3,0.0,0
2023-01-28 11:00:00,17.4,53,593.0,12.7,0.0,0
2023-01-28 12:00:00,19.1,50,666.0,13.0,0.0,0
2023-01-28 13:00:00,20.2,48,669.0,12.7,0.0,0
2023-01-28 14:00:00,20.7,46,604.0,11.0,0.0,0
2023-01-28 15:00:00,20.5,48,474.0,11.7,0.0,0
2023-01-28 16:00:00,19.8,51,300.0,11.4,0.0,0
2023-01-28 17:00:00,17.3,61,116.0,7.7,0.0,0
2023-01-28 18:00:00,14.1,75,7.0,9.2,0.0,0
2023-01-28 19:00:00,12.6,81,0.0,10.0,0.0,0
2023-01-28 20:00:00,11.4,84,0.0,9.4,0.0,0
2023-01-28 21:00:00,11.0,83,0.0,8.4,0.0,0
2023-01-28 22:00:00,10.0,86,0.0,7.6,0.0,9
2023-01-28 23:00:00,12.1,75,0.0,4.5,0.0,75
2023-01-29 00:00:00,13.8,68,0.0,3.2,0.0,52
2023-01-29 01:00:00,13.1,71,0.0,5.1,0.0,99
2023-01-29 02:00:00,10.1,85,0.0,5.7,0.0,98
2023-01-29 03:00:00,9.4,89,0.0,7.0,0.0,100
2023-01-29 04:00:00,8.9,93,0.0,7.9,0.0,99
2023-01-29 05:00:00,8.3,97,0.0,7.6,0.0,100
2023-01-29 06:00:00,10.4,90,0.0,8.3,0.0,100
2023-01-29 07:00:00,10.9,88,2.0,7.4,0.0,100
2023-01-29 08:00:00,12.4,81,30.0,13.4,0.0,100
2023-01-29 09:00:00,13.9,77,83.0,14.3,0.0,100
2023-01-29 10:00:00,14.3,77,87.0,9.0,0.0,100
2023-01-29 11:00:00,14.8,78,137.0,9.7,0.4,100
2023-01-29 12:00:00,14.9,82,185.0,8.3,0.2,100
2023-01-29 13:00:00,15.0,80,169.0,10.0,0.0,100
2023-01-29 14:00:00,16.0,76,251.0,8.3,0.2,100
2023-01-29 15:00:00,16.4,76,278.0,15.2,0.7,100
2023-01-29 16:00:00,16.1,75,160.0,10.1,0.0,100
2023-01-29 17:00:00,14.2,88,71.0,6.0,0.1,100
2023-01-29 18:00:00,13.5,91,4.0,9.0,2.5,81
2023-01-29 19:00:00,13.0,91,0.0,11.4,0.0,83
2023-01-29 20:00:00,11.7,95,0.0,8.7,0.0,100
2023-01-29 21:00:00,12.9,91,0.0,10.9,0.1,90
2023-01-29 22:00:00,12.2,92,0.0,14.1,0.0,100
2023-01-29 23:00:00,12.1,92,0.0,12.0,0.0,100
2023-01-30 00:00:00,12.2,93,0.0,5.4,0.1,100
2023-01-30 01:00:00,11.6,95,0.0,5.6,0.6,100
2023-01-30 02:00:00,12.2,89,0.0,1.1,4.1,100
2023-01-30 03:00:00,12.2,91,0.0,16.6,2.8,96
2023-01-30 04:00:00,12.0,93,0.0,5.7,0.2,100
2023-01-30 05:00:00,12.1,86,0.0,22.3,1.5,100
2023-01-30 06:00:00,12.5,88,0.0,5.4,0.3,100
2023-01-30 07:00:00,12.3,90,1.0,6.1,0.0,100
2023-01-30 08:00:00,13.0,86,23.0,10.4,0.1,100
2023-01-30 09:00:00,13.3,89,65.0,12.0,0.4,100
2023-01-30 10:00:00,13.7,86,71.0,13.3,0.1,100
2023-01-30 11:00:00,14.4,84,176.0,15.2,0.0,100
2023-01-30 12:00:00,15.1,79,237.0,13.4,0.0,100
2023-01-30 13:00:00,15.6,75,267.0,12.7,0.0,100
2023-01-30 14:00:00,15.5,74,227.0,10.8,0.0,100
2023-01-30 15:00:00,16.2,73,300.0,9.6,0.0,100
2023-01-30 16:00:00,15.9,74,176.0,9.4,0.0,100
2023-01-30 17:00:00,15.2,89,86.0,3.2,0.0,18
2023-01-30 18:00:00,13.2,90,7.0,4.4,0.0,9
2023-01-30 19:00:00,11.9,94,0.0,4.9,0.0,1
2023-01-30 20:00:00,11.8,93,0.0,4.3,0.0,1
2023-01-30 21:00:00,11.7,92,0.0,3.1,0.0,1
2023-01-30 22:00:00,12.6,90,0.0,3.5,0.0,0
2023-01-30 23:00:00,10.4,96,0.0,5.8,0.0,5
2023-01-31 00:00:00,10.4,97,0.0,5.9,0.0,23
2023-01-31 01:00:00,10.5,98,0.0,8.2,0.0,69
2023-01-31 02:00:00,10.6,98,0.0,9.1,0.0,93
2023-01-31 03:00:00,10.3,99,0.0,9.6,0.0,100
2023-01-31 04:00:00,9.7,100,0.0,9.7,0.0,100
2023-01-31 05:00:00,11.0,99,0.0,10.6,0.0,100
2023-01-31 06:00:00,11.0,99,0.0,12.1,0.0,100
2023-01-31 07:00:00,10.8,99,3.0,12.6,0.0,99
2023-01-31 08:00:00,11.7,97,80.0,13.6,0.0,100
2023-01-31 09:00:00,13.9,89,242.0,12.6,0.0,0
2023-01-31 10:00:00,16.5,80,436.0,14.3,0.0,0
2023-01-31 11:00:00,18.5,71,574.0,17.1,0.0,0
2023-01-31 12:00:00,19.6,65,648.0,19.4,0.0,0
2023-01-31 13:00:00,20.3,61,655.0,20.4,0.0,0
2023-01-31 14:00:00,20.5,59,593.0,20.7,0.0,0
2023-01-31 15:00:00,20.2,56,470.0,20.2,0.0,0
2023-01-31 16:00:00,19.4,57,302.0,18.2,0.0,0
2023-01-31 17:00:00,16.4,73,121.0,15.9,0.0,0
2023-01-31 18:00:00,14.8,78,8.0,15.5,0.0,0
2023-01-31 19:00:00,13.8,81,0.0,15.5,0.0,0
2023-01-31 20:00:00,13.1,85,0.0,16.1,0.0,0
2023-01-31 21:00:00,12.5,87,0.0,16.9,0.0,0
2023-01-31 22:00:00,12.0,88,0.0,16.6,0.0,0
2023-01-31 23:00:00,11.4,90,0.0,15.6,0.0,0
2023-02-01 00:00:00,10.9,91,0.0,15.6,0.0,0
2023-02-01 01:00:00,10.5,93,0.0,16.4,0.0,0
2023-02-01 02:00:00,10.2,93,0.0,17.0,0.0,0
2023-02-01 03:00:00,10.0,93,0.0,17.9,0.0,0
2023-02-01 04:00:00,9.8,93,0.0,17.9,0.0,0
2023-02-01 05:00:00,9.5,95,0.0,17.4,0.0,0
2023-02-01 06:00:00,9.5,94,0.0,16.2,0.0,0
2023-02-01 07:00:00,9.4,94,3.0,15.7,0.0,0
2023-02-01 08:00:00,10.8,90,98.0,16.8,0.0,0
2023-02-01 09:00:00,12.8,82,281.0,17.0,0.0,0
2023-02-01 10:00:00,14.9,74,461.0,17.3,0.0,0
2023-02-01 11:00:00,16.9,66,598.0,17.8,0.0,0
2023-02-01 12:00:00,18.4,59,674.0,18.2,0.0,0
2023-02-01 13:00:00,19.5,54,680.0,18.5,0.0,0
2023-02-01 14:00:00,19.9,52,616.0,19.7,0.0,0
2023-02-01 15:00:00,19.9,49,488.0,18.9,0.0,0
2023-02-01 16:00:00,19.3,52,315.0,15.8,0.0,0
2023-02-01 17:00:00,17.0,63,128.0,10.1,0.0,0
2023-02-01 18:00:00,15.0,69,9.0,12.2,0.0,0
2023-02-01 19:00:00,14.0,72,0.0,13.2,0.0,0
2023-02-01 20:00:00,13.4,71,0.0,14.7,0.0,0
2023-02-01 21:00:00,13.2,69,0.0,16.3,0.0,0
2023-02-01 22:00:00,12.8,69,0.0,16.2,0.0,0
2023-02-01 23:00:00,12.2,71,0.0,15.3,0.0,0
2023-02-02 00:00:00,11.6,73,0.0,15.3,0.0,0
2023-02-02 01:00:00,11.0,74,0.0,14.6,0.0,0
2023-02-02 02:00:00,10.7,74,0.0,15.8,0.0,0
2023-02-02 03:00:00,10.4,73,0.0,15.8,0.0,0
2023-02-02 04:00:00,10.0,72,0.0,16.6,0.0,0
2023-02-02 05:00:00,9.7,78,0.0,16.3,0.0,0
2023-02-02 06:00:00,9.5,78,0.0,16.6,0.0,0
2023-02-02 07:00:00,9.4,78,3.0,16.6,0.0,0
2023-02-02 08:00:00,11.0,75,102.0,18.4,0.0,0
2023-02-02 09:00:00,13.5,70,288.0,17.1,0.0,0
2023-02-02 10:00:00,16.1,63,468.0,17.1,0.0,0
2023-02-02 11:00:00,18.3,56,604.0,18.0,0.0,0
2023-02-02 12:00:00,20.0,51,679.0,18.9,0.0,0
2023-02-02 13:00:00,21.0,49,684.0,19.4,0.0,0
2023-02-02 14:00:00,21.5,48,618.0,18.7,0.0,0
2023-02-02 15:00:00,21.5,50,490.0,17.6,0.0,0
2023-02-02 16:00:00,20.9,53,316.0,15.3,0.0,0
2023-02-02 17:00:00,18.9,56,129.0,12.9,0.0,0
2023-02-02 18:00:00,16.9,60,10.0,13.5,0.0,0
2023-02-02 19:00:00,16.1,59,0.0,14.5,0.0,0
2023-02-02 20:00:00,15.3,61,0.0,13.9,0.0,0
2023-02-02 21:00:00,14.4,65,0.0,12.4,0.0,0
2023-02-02 22:00:00,13.5,69,0.0,11.6,0.0,0
2023-02-02 23:00:00,12.7,73,0.0,11.8,0.0,0
2023-02-03 00:00:00,12.0,77,0.0,11.6,0.0,0
2023-02-03 01:00:00,11.4,80,0.0,11.6,0.0,0
2023-02-03 02:00:00,10.8,82,0.0,11.3,0.0,0
2023-02-03 03:00:00,10.4,82,0.0,11.4,0.0,0
2023-02-03 04:00:00,10.1,82,0.0,12.1,0.0,0
2023-02-03 05:00:00,9.9,84,0.0,11.6,0.0,0
2023-02-03 06:00:00,9.6,83,0.0,12.2,0.0,1
2023-02-03 07:00:00,9.6,82,4.0,14.2,0.0,0
2023-02-03 08:00:00,11.5,76,102.0,16.7,0.0,1
2023-02-03 09:00:00,14.3,72,286.0,14.4,0.0,0
2023-02-03 10:00:00,17.1,64,464.0,14.1,0.0,0
2023-02-03 11:00:00,19.5,57,600.0,14.4,0.0,0
2023-02-03 12:00:00,21.1,50,675.0,14.7,0.0,0
2023-02-03 13:00:00,22.0,46,681.0,14.4,0.0,0
2023-02-03 14:00:00,22.4,45,617.0,13.6,0.0,0
2023-02-03 15:00:00,22.2,47,491.0,12.7,0.0,0
2023-02-03 16:00:00,21.6,52,317.0,10.5,0.0,0
2023-02-03 17:00:00,18.5,65,130.0,6.8,0.0,0
2023-02-03 18:00:00,15.5,70,10.0,11.3,0.0,0
2023-02-03 19:00:00,15.0,70,0.0,10.0,0.0,0
2023-02-03 20:00:00,14.3,74,0.0,8.7,0.0,0
2023-02-03 21:00:00,14.0,72,0.0,8.5,0.0,0
2023-02-03 22:00:00,13.9,69,0.0,9.4,0.0,0
2023-02-03 23:00:00,13.5,69,0.0,10.0,0.0,0
2023-02-04 00:00:00,12.8,71,0.0,9.7,0.0,0
2023-02-04 01:00:00,12.2,73,0.0,10.4,0.0,0
2023-02-04 02:00:00,11.6,76,0.0,11.2,0.0,0
2023-02-04 03:00:00,11.1,77,0.0,11.5,0.0,0
2023-02-04 04:00:00,10.8,78,0.0,11.9,0.0,0
2023-02-04 05:00:00,10.5,82,0.0,12.7,0.0,0
2023-02-04 06:00:00,10.3,81,0.0,13.4,0.0,0
2023-02-04 07:00:00,10.4,80,4.0,14.4,0.0,0
2023-02-04 08:00:00,12.3,75,103.0,15.9,0.0,0
2023-02-04 09:00:00,15.0,70,286.0,14.0,0.0,0
2023-02-04 10:00:00,17.7,64,464.0,14.2,0.0,0
2023-02-04 11:00:00,20.0,58,599.0,15.7,0.0,0
2023-02-04 12:00:00,21.5,52,674.0,18.2,0.0,0
2023-02-04 13:00:00,22.3,50,680.0,18.7,0.0,0
2023-02-04 14:00:00,22.7,49,616.0,18.0,0.0,0
2023-02-04 15:00:00,22.7,48,490.0,17.3,0.0,0
2023-02-04 16:00:00,22.1,50,318.0,13.8,0.0,0
2023-02-04 17:00:00,19.7,59,132.0,9.0,0.0,0
2023-02-04 18:00:00,17.7,64,11.0,9.9,0.0,0
2023-02-04 19:00:00,16.6,68,0.0,10.8,0.0,0
2023-02-04 20:00:00,16.1,66,0.0,13.0,0.0,0
2023-02-04 21:00:00,15.9,62,0.0,13.7,0.0,0
2023-02-04 22:00:00,15.4,63,0.0,13.4,0.0,0
2023-02-04 23:00:00,14.5,67,0.0,12.7,0.0,0
2023-02-05 00:00:00,13.6,71,0.0,11.2,0.0,0
2023-02-05 01:00:00,12.7,75,0.0,9.9,0.0,0
2023-02-05 02:00:00,12.3,76,0.0,10.1,0.0,0
2023-02-05 03:00:00,12.0,77,0.0,10.5,0.0,0
2023-02-05 04:00:00,11.7,77,0.0,10.9,0.0,0
2023-02-05 05:00:00,11.4,84,0.0,11.2,0.0,0
2023-02-05 06:00:00,11.1,85,0.0,11.2,0.0,0
2023-02-05 07:00:00,11.0,86,4.0,12.1,0.0,0
2023-02-05 08:00:00,13.1,79,107.0,14.1,0.0,0
2023-02-05 09:00:00,15.8,72,294.0,12.0,0.0,0
2023-02-05 10:00:00,18.4,64,476.0,12.2,0.0,0
2023-02-05 11:00:00,20.7,58,614.0,12.4,0.0,0
2023-02-05 12:00:00,22.3,50,690.0,13.2,0.0,0
2023-02-05 13:00:00,23.2,42,696.0,14.3,0.0,0
2023-02-05 14:00:00,23.3,42,631.0,14.0,0.0,0
2023-02-05 15:00:00,23.1,43,503.0,12.4,0.0,0
2023-02-05 16:00:00,22.5,47,326.0,8.5,0.0,0
2023-02-05 17:00:00,19.3,68,137.0,8.6,0.0,0
2023-02-05 18:00:00,16.9,68,12.0,8.4,0.0,0
2023-02-05 19:00:00,16.9,65,0.0,6.1,0.0,0
2023-02-05 20:00:00,19.0,52,0.0,3.3,0.0,0
2023-02-05 21:00:00,19.2,49,0.0,2.9,0.0,0
2023-02-05 22:00:00,19.2,47,0.0,2.0,0.0,0
2023-02-05 23:00:00,19.2,45,0.0,0.7,0.0,0
2023-02-06 00:00:00,13.1,67,0.0,7.2,0.0,0
2023-02-06 01:00:00,12.4,72,0.0,9.0,0.0,0
2023-02-06 02:00:00,11.7,77,0.0,8.7,0.0,0
2023-02-06 03:00:00,13.4,70,0.0,6.4,0.0,0
2023-02-06 04:00:00,13.2,70,0.0,6.0,0.0,0
2023-02-06 05:00:00,10.7,84,0.0,8.7,0.0,0
2023-02-06 06:00:00,10.4,86,0.0,9.7,0.0,0
2023-02-06 07:00:00,10.5,88,5.0,7.9,0.0,0
2023-02-06 08:00:00,13.9,78,105.0,9.5,0.0,0
2023-02-06 09:00:00,17.7,70,287.0,9.2,0.0,0
2023-02-06 10:00:00,20.2,61,462.0,11.5,0.0,0
2023-02-06 11:00:00,22.0,59,595.0,10.9,0.0,0
2023-02-06 12:00:00,23.5,56,670.0,10.0,0.0,0
2023-02-06 13:00:00,24.6,53,676.0,8.7,0.0,0
2023-02-06 14:00:00,25.1,52,615.0,8.0,0.0,3
2023-02-06 15:00:00,25.1,53,473.0,7.2,0.0,4
2023-02-06 16:00:00,24.3,57,305.0,5.9,0.0,8
2023-02-06 17:00:00,21.4,70,122.0,5.4,0.0,10
2023-02-06 18:00:00,18.7,77,11.0,7.2,0.0,13
2023-02-06 19:00:00,17.1,83,0.0,9.5,0.0,32
2023-02-06 20:00:00,19.6,71,0.0,5.6,0.0,97
2023-02-06 21:00:00,16.9,83,0.0,6.0,0.0,14
2023-02-06 22:00:00,18.8,73,0.0,3.2,0.0,8
2023-02-06 23:00:00,18.0,76,0.0,4.9,0.0,0
2023-02-07 00:00:00,17.0,81,0.0,4.1,0.0,0
2023-02-07 01:00:00,13.5,92,0.0,7.4,0.0,0
2023-02-07 02:00:00,13.7,93,0.0,8.1,0.0,0
2023-02-07 03:00:00,13.3,93,0.0,8.0,0.0,0
2023-02-07 04:00:00,13.1,93,0.0,10.5,0.0,0
2023-02-07 05:00:00,14.0,96,0.0,14.5,0.0,0
2023-02-07 06:00:00,13.8,94,0.0,14.4,0.0,0
2023-02-07 07:00:00,13.5,93,5.0,15.8,0.0,0
2023-02-07 08:00:00,14.5,87,108.0,16.2,0.0,0
2023-02-07 09:00:00,16.1,79,292.0,15.3,0.0,0
2023-02-07 10:00:00,18.2,75,471.0,14.6,0.0,0
2023-02-07 11:00:00,20.3,69,607.0,14.2,0.0,0
2023-02-07 12:00:00,21.9,61,683.0,14.5,0.0,0
2023-02-07 13:00:00,22.9,54,690.0,15.8,0.0,0
2023-02-07 14:00:00,23.4,48,627.0,17.5,0.0,0
2023-02-07 15:00:00,23.3,44,502.0,18.2,0.0,0
2023-02-07 16:00:00,22.6,43,330.0,17.1,0.0,0
2023-02-07 17:00:00,20.3,48,141.0,10.2,0.0,2
2023-02-07 18:00:00,17.8,57,13.0,8.5,0.0,0
2023-02-07 19:00:00,16.6,61,0.0,9.4,0.0,7
2023-02-07 20:00:00,16.0,58,0.0,12.4,0.0,1
2023-02-07 21:00:00,15.5,52,0.0,12.9,0.0,0
2023-02-07 22:00:00,14.8,52,0.0,12.9,0.0,0
2023-02-07 23:00:00,14.0,53,0.0,12.0,0.0,0
2023-02-08 00:00:00,12.8,55,0.0,10.0,0.0,0
2023-02-08 01:00:00,11.6,58,0.0,8.4,0.0,2
2023-02-08 02:00:00,11.3,58,0.0,8.9,0.0,1
2023-02-08 03:00:00,10.9,59,0.0,8.5,0.0,0
2023-02-08 04:00:00,10.6,61,0.0,8.9,0.0,2
2023-02-08 05:00:00,10.5,67,0.0,10.0,0.0,3
2023-02-08 06:00:00,10.4,69,0.0,10.9,0.0,0
2023-02-08 07:00:00,10.2,71,5.0,11.9,0.0,0
2023-02-08 08:00:00,12.3,67,114.0,13.7,0.0,2
2023-02-08 09:00:00,15.3,64,305.0,10.8,0.0,17
2023-02-08 10:00:00,18.2,55,486.0,11.9,0.0,6
2023-02-08 11:00:00,20.4,49,621.0,13.3,0.0,3
2023-02-08 12:00:00,21.8,42,694.0,14.8,0.0,0
2023-02-08 13:00:00,22.4,39,699.0,16.1,0.0,0
2023-02-08 14:00:00,22.6,40,635.0,15.8,0.0,1
2023-02-08 15:00:00,22.5,40,508.0,16.0,0.0,3
2023-02-08 16:00:00,22.1,41,334.0,14.4,0.0,0
2023-02-08 17:00:00,19.4,50,143.0,8.0,0.0,26
2023-02-08 18:00:00,16.9,56,14.0,8.3,0.0,39
2023-02-08 19:00:00,16.0,56,0.0,8.8,0.0,82
2023-02-08 20:00:00,14.9,61,0.0,8.6,0.0,45
2023-02-08 21:00:00,14.6,61,0.0,10.0,0.0,56
2023-02-08 22:00:00,14.5,57,0.0,10.7,0.0,36
2023-02-08 23:00:00,14.1,56,0.0,9.5,0.0,37
2023-02-09 00:00:00,13.0,60,0.0,8.8,0.0,15
2023-02-09 01:00:00,11.7,66,0.0,7.9,0.0,5
2023-02-09 02:00:00,10.9,70,0.0,8.8,0.0,35
2023-02-09 03:00:00,10.6,71,0.0,8.8,0.0,26
2023-02-09 04:00:00,10.6,71,0.0,6.5,0.0,0
2023-02-09 05:00:00,10.0,78,0.0,5.8,0.0,5
2023-02-09 06:00:00,10.0,77,0.0,6.6,0.0,13
2023-02-09 07:00:00,10.2,78,6.0,8.7,0.0,0
2023-02-09 08:00:00,13.1,70,113.0,10.7,0.0,26
2023-02-09 09:00:00,17.0,65,301.0,7.6,0.0,28
2023-02-09 10:00:00,20.4,53,481.0,8.7,0.0,21
2023-02-09 11:00:00,22.5,46,617.0,11.5,0.0,11
2023-02-09 12:00:00,24.0,41,689.0,12.2,0.0,0
2023-02-09 13:00:00,25.2,38,695.0,11.2,0.0,0
2023-02-09 14:00:00,25.7,37,632.0,11.8,0.0,1
2023-02-09 15:00:00,25.8,38,506.0,10.3,0.0,1
2023-02-09 16:00:00,25.1,45,334.0,6.5,0.0,7
2023-02-09 17:00:00,22.5,59,144.0,7.4,0.0,14
2023-02-09 18:00:00,20.1,67,14.0,9.6,0.0,0
2023-02-09 19:00:00,18.9,72,0.0,10.5,0.0,55
2023-02-09 20:00:00,18.2,74,0.0,12.6,0.0,0
2023-02-09 21:00:00,17.8,74,0.0,15.0,0.0,34
2023-02-09 22:00:00,17.0,76,0.0,14.7,0.0,76
2023-02-09 23:00:00,16.6,75,0.0,15.3,0.0,28
2023-02-10 00:00:00,16.3,76,0.0,15.9,0.0,57
2023-02-10 01:00:00,15.8,78,0.0,14.7,0.0,2
2023-02-10 02:00:00,15.0,82,0.0,12.8,0.0,2
2023-02-10 03:00:00,14.2,85,0.0,9.4,0.0,0
2023-02-10 04:00:00,13.6,87,0.0,10.5,0.0,0
2023-02-10 05:00:00,13.3,92,0.0,10.0,0.0,0
2023-02-10 06:00:00,12.9,92,0.0,10.2,0.0,51
2023-02-10 07:00:00,12.9,90,6.0,11.2,0.0,51
2023-02-10 08:00:00,14.8,83,112.0,12.5,0.0,64
2023-02-10 09:00:00,17.5,73,296.0,10.8,0.0,0
2023-02-10 10:00:00,20.3,65,473.0,10.0,0.0,10
2023-02-10 11:00:00,22.5,57,608.0,8.9,0.0,13
2023-02-10 12:00:00,24.1,52,684.0,8.1,0.0,50
2023-02-10 13:00:00,25.0,50,692.0,7.3,0.0,41
2023-02-10 14:00:00,25.4,49,631.0,6.7,0.0,28
2023-02-10 15:00:00,25.5,49,506.0,6.6,0.0,11
2023-02-10 16:00:00,25.0,50,334.0,6.7,0.0,0
2023-02-10 17:00:00,24.3,59,145.0,4.8,0.0,0
2023-02-10 18:00:00,21.0,67,15.0,7.4,0.0,0
2023-02-10 19:00:00,18.3,78,0.0,10.0,0.0,15
2023-02-10 20:00:00,17.7,76,0.0,9.8,0.0,35
2023-02-10 21:00:00,17.7,72,0.0,8.2,0.0,40
2023-02-10 22:00:00,16.8,76,0.0,9.8,0.0,0
2023-02-10 23:00:00,16.4,78,0.0,9.3,0.0,0
2023-02-11 00:00:00,16.8,76,0.0,7.4,0.0,7
2023-02-11 01:00:00,15.8,81,0.0,8.6,0.0,0
2023-02-11 02:00:00,17.2,74,0.0,5.6,0.0,8
2023-02-11 03:00:00,16.8,76,0.0,2.5,0.0,15
2023-02-11 04:00:00,13.5,90,0.0,5.6,0.0,2
2023-02-11 05:00:00,13.4,96,0.0,7.9,0.0,6
2023-02-11 06:00:00,13.4,97,0.0,5.7,0.0,0
2023-02-11 07:00:00,13.3,98,6.0,5.8,0.0,0
2023-02-11 08:00:00,15.7,92,115.0,3.7,0.0,0
2023-02-11 09:00:00,18.4,84,302.0,2.1,0.0,0
2023-02-11 10:00:00,21.3,74,484.0,2.6,0.0,0
2023-02-11 11:00:00,23.4,65,624.0,6.4,0.0,0
2023-02-11 12:00:00,24.7,57,703.0,10.1,0.0,0
2023-02-11 13:00:00,25.7,39,713.0,13.5,0.0,0
2023-02-11 14:00:00,25.9,31,653.0,15.2,0.0,0
2023-02-11 15:00:00,25.6,30,526.0,16.6,0.0,0
2023-02-11 16:00:00,24.8,32,351.0,14.3,0.0,0
2023-02-11 17:00:00,22.5,43,155.0,11.6,0.0,0
2023-02-11 18:00:00,20.6,40,17.0,12.9,0.0,0
2023-02-11 19:00:00,19.5,37,0.0,11.3,0.0,0
2023-02-11 20:00:00,17.3,50,0.0,10.0,0.0,0
2023-02-11 21:00:00,16.4,51,0.0,10.4,0.0,0
2023-02-11 22:00:00,16.0,46,0.0,10.7,0.0,0
2023-02-11 23:00:00,15.3,45,0.0,11.9,0.0,0
2023-02-12 00:00:00,14.4,50,0.0,11.0,0.0,0
2023-02-12 01:00:00,13.4,61,0.0,9.7,0.0,0
2023-02-12 02:00:00,12.6,69,0.0,9.0,0.0,0
2023-02-12 03:00:00,12.2,71,0.0,9.7,0.0,0
2023-02-12 04:00:00,11.6,72,0.0,9.1,0.0,0
2023-02-12 05:00:00,11.1,77,0.0,9.0,0.0,0
2023-02-12 06:00:00,11.0,75,0.0,10.6,0.0,0
2023-02-12 07:00:00,10.6,76,7.0,9.5,0.0,0
2023-02-12 08:00:00,12.7,71,126.0,11.9,0.0,0
2023-02-12 09:00:00,15.5,63,322.0,11.6,0.0,0
2023-02-12 10:00:00,18.1,53,507.0,12.7,0.0,0
2023-02-12 11:00:00,20.1,42,647.0,15.0,0.0,0
2023-02-12 12:00:00,21.4,31,725.0,17.8,0.0,0
2023-02-12 13:00:00,21.9,25,731.0,21.0,0.0,0
2023-02-12 14:00:00,21.9,22,667.0,22.9,0.0,0
2023-02-12 15:00:00,21.5,23,538.0,23.8,0.0,0
2023-02-12 16:00:00,20.8,23,359.0,22.5,0.0,0
2023-02-12 17:00:00,19.0,28,160.0,17.6,0.0,0
2023-02-12 18:00:00,17.4,29,18.0,18.3,0.0,0
2023-02-12 19:00:00,16.4,30,0.0,19.1,0.0,0
2023-02-12 20:00:00,15.1,33,0.0,17.5,0.0,0
2023-02-12 21:00:00,14.3,34,0.0,18.3,0.0,0
2023-02-12 22:00:00,13.4,37,0.0,17.6,0.0,0
2023-02-12 23:00:00,12.6,39,0.0,17.4,0.0,0
2023-02-13 00:00:00,12.2,39,0.0,17.6,0.0,0
2023-02-13 01:00:00,11.7,38,0.0,18.0,0.0,0
2023-02-13 02:00:00,11.4,37,0.0,18.8,0.0,0
2023-02-13 03:00:00,10.9,37,0.0,19.2,0.0,0
2023-02-13 04:00:00,10.2,37,0.0,18.8,0.0,0
2023-02-13 05:00:00,10.1,42,0.0,20.8,0.0,0
2023-02-13 06:00:00,9.9,41,0.0,21.7,0.0,0
2023-02-13 07:00:00,9.8,41,8.0,21.7,0.0,0
2023-02-13 08:00:00,11.1,43,129.0,20.1,0.0,0
2023-02-13 09:00:00,13.2,41,330.0,23.4,0.0,0
2023-02-13 10:00:00,15.4,37,518.0,25.2,0.0,0
2023-02-13 11:00:00,17.3,34,656.0,26.3,0.0,0
2023-02-13 12:00:00,18.8,31,731.0,27.0,0.0,4
2023-02-13 13:00:00,20.1,28,737.0,27.8,0.0,0
2023-02-13 14:00:00,20.8,26,672.0,27.9,0.0,0
2023-02-13 15:00:00,21.0,25,541.0,26.6,0.0,0
2023-02-13 16:00:00,20.7,26,361.0,25.0,0.0,0
2023-02-13 17:00:00,18.9,34,161.0,19.7,0.0,0
2023-02-13 18:00:00,17.4,35,18.0,20.0,0.0,0
2023-02-13 19:00:00,16.7,34,0.0,21.0,0.0,0
2023-02-13 20:00:00,16.5,34,0.0,22.2,0.0,0
2023-02-13 21:00:00,16.0,34,0.0,20.7,0.0,0
2023-02-13 22:00:00,15.5,34,0.0,21.0,0.0,0
2023-02-13 23:00:00,14.8,35,0.0,20.1,0.0,0
2023-02-14 00:00:00,14.2,36,0.0,19.3,0.0,0
2023-02-14 01:00:00,13.7,36,0.0,19.2,0.0,0
2023-02-14 02:00:00,13.3,37,0.0,17.9,0.0,0
2023-02-14 03:00:00,12.7,38,0.0,16.1,0.0,0
2023-02-14 04:00:00,12.3,39,0.0,16.1,0.0,0
2023-02-14 05:00:00,11.5,46,0.0,13.2,0.0,0
2023-02-14 06:00:00,11.0,47,0.0,13.5,0.0,0
2023-02-14 07:00:00,11.0,50,8.0,14.5,0.0,0
2023-02-14 08:00:00,12.9,52,127.0,16.0,0.0,7
2023-02-14 09:00:00,15.6,49,320.0,15.0,0.0,16
2023-02-14 10:00:00,18.2,44,501.0,13.5,0.0,19
2023-02-14 11:00:00,20.6,39,639.0,13.7,0.0,13
2023-02-14 12:00:00,22.2,35,714.0,17.6,0.0,11
2023-02-14 13:00:00,23.0,35,720.0,16.8,0.0,34
2023-02-14 14:00:00,23.5,35,656.0,17.3,0.0,9
2023-02-14 15:00:00,23.5,35,528.0,17.1,0.0,0
2023-02-14 16:00:00,23.0,37,353.0,14.5,0.0,0
2023-02-14 17:00:00,20.6,45,159.0,8.7,0.0,13
2023-02-14 18:00:00,18.2,52,19.0,8.7,0.0,0
2023-02-14 19:00:00,17.6,53,0.0,10.0,0.0,0
2023-02-14 20:00:00,17.0,54,0.0,11.6,0.0,0
2023-02-14 21:00:00,16.5,53,0.0,11.4,0.0,0
2023-02-14 22:00:00,15.8,54,0.0,12.4,0.0,0
2023-02-14 23:00:00,15.2,54,0.0,13.4,0.0,0
2023-02-15 00:00:00,14.4,57,0.0,11.8,0.0,0
2023-02-15 01:00:00,13.6,60,0.0,12.4,0.0,0
2023-02-15 02:00:00,13.4,60,0.0,14.6,0.0,0
2023-02-15 03:00:00,13.4,59,0.0,15.7,0.0,0
2023-02-15 04:00:00,13.5,56,0.0,17.3,0.0,0
2023-02-15 05:00:00,12.8,64,0.0,16.9,0.0,0
2023-02-15 06:00:00,12.8,63,0.0,17.1,0.0,0
2023-02-15 07:00:00,13.0,62,9.0,16.8,0.0,0
2023-02-15 08:00:00,14.9,61,130.0,18.3,0.0,0
2023-02-15 09:00:00,17.6,55,326.0,17.0,0.0,0
2023-02-15 10:00:00,20.2,49,510.0,17.3,0.0,0
2023-02-15 11:00:00,22.4,45,647.0,18.2,0.0,0
2023-02-15 12:00:00,24.0,42,723.0,19.7,0.0,0
2023-02-15 13:00:00,25.0,40,730.0,20.9,0.0,0
2023-02-15 14:00:00,25.5,39,665.0,20.4,0.0,0
2023-02-15 15:00:00,25.7,39,537.0,20.0,0.0,0
2023-02-15 16:00:00,25.3,41,359.0,17.9,0.0,0
2023-02-15 17:00:00,23.1,48,163.0,10.3,0.0,0
2023-02-15 18:00:00,20.7,57,20.0,10.2,0.0,0
2023-02-15 19:00:00,19.5,61,0.0,10.0,0.0,0
2023-02-15 20:00:00,18.6,61,0.0,10.3,0.0,1
2023-02-15 21:00:00,17.9,61,0.0,9.8,0.0,0
2023-02-15 22:00:00,16.8,63,0.0,8.9,0.0,0
2023-02-15 23:00:00,15.8,67,0.0,7.9,0.0,1
2023-02-16 00:00:00,14.4,74,0.0,8.9,0.0,2
2023-02-16 01:00:00,13.2,80,0.0,11.0,0.0,39
2023-02-16 02:00:00,12.9,80,0.0,10.2,0.0,9
2023-02-16 03:00:00,12.7,80,0.0,8.7,0.0,8
2023-02-16 04:00:00,12.3,82,0.0,7.9,0.0,10
2023-02-16 05:00:00,11.6,87,0.0,8.3,0.0,32
2023-02-16 06:00:00,11.5,88,0.0,7.4,0.0,23
2023-02-16 07:00:00,12.1,86,9.0,5.7,0.0,69
2023-02-16 08:00:00,15.1,78,131.0,5.2,0.0,29
2023-02-16 09:00:00,17.9,68,325.0,4.9,0.0,43
2023-02-16 10:00:00,20.5,61,507.0,5.6,0.0,70
2023-02-16 11:00:00,22.7,55,646.0,6.6,0.0,19
2023-02-16 12:00:00,24.3,51,722.0,7.1,0.0,65
2023-02-16 13:00:00,25.4,48,728.0,6.9,0.0,45
2023-02-16 14:00:00,26.0,47,665.0,7.1,0.0,0
2023-02-16 15:00:00,26.2,47,538.0,8.3,0.0,22
2023-02-16 16:00:00,25.7,48,362.0,9.5,0.0,35
2023-02-16 17:00:00,23.7,64,165.0,5.6,0.0,15
2023-02-16 18:00:00,19.8,76,21.0,10.0,0.0,8
2023-02-16 19:00:00,21.3,67,0.0,7.4,0.0,33
2023-02-16 20:00:00,21.6,65,0.0,5.8,0.0,5
2023-02-16 21:00:00,17.0,85,0.0,8.8,0.0,9
2023-02-16 22:00:00,16.1,87,0.0,9.6,0.0,20
2023-02-16 23:00:00,15.3,89,0.0,10.0,0.0,59
2023-02-17 00:00:00,15.0,89,0.0,9.2,0.0,100
2023-02-17 01:00:00,16.8,82,0.0,6.6,0.0,68
2023-02-17 02:00:00,16.8,81,0.0,5.5,0.0,90
2023-02-17 03:00:00,14.6,88,0.0,6.0,0.0,96
2023-02-17 04:00:00,14.0,89,0.0,6.5,0.0,82
2023-02-17 05:00:00,13.8,95,0.0,6.0,0.0,97
2023-02-17 06:00:00,14.4,94,0.0,5.5,0.0,98
2023-02-17 07:00:00,13.3,96,10.0,6.2,0.0,86
2023-02-17 08:00:00,16.3,87,134.0,4.7,0.0,92
2023-02-17 09:00:00,19.8,77,328.0,3.3,0.0,100
2023-02-17 10:00:00,22.5,66,510.0,3.7,0.0,52
2023-02-17 11:00:00,24.2,59,650.0,3.6,0.0,64
2023-02-17 12:00:00,25.3,55,726.0,2.5,0.0,61
2023-02-17 13:00:00,26.2,53,731.0,0.5,0.0,26
2023-02-17 14:00:00,26.6,52,667.0,2.2,0.0,87
2023-02-17 15:00:00,26.7,52,536.0,4.5,0.0,32
2023-02-17 16:00:00,26.3,52,363.0,6.4,0.0,1
2023-02-17 17:00:00,24.9,61,167.0,6.9,0.0,3
2023-02-17 18:00:00,21.3,76,22.0,7.8,0.0,0
2023-02-17 19:00:00,19.6,85,0.0,8.7,0.0,0
2023-02-17 20:00:00,19.0,85,0.0,8.9,0.0,0
2023-02-17 21:00:00,18.7,86,0.0,7.7,0.0,0
2023-02-17 22:00:00,18.2,87,0.0,7.7,0.0,0
2023-02-17 23:00:00,16.2,90,0.0,9.9,0.0,0
2023-02-18 00:00:00,15.4,91,0.0,10.5,0.0,0
2023-02-18 01:00:00,15.0,91,0.0,9.8,0.0,0
2023-02-18 02:00:00,14.4,93,0.0,10.3,0.0,0
2023-02-18 03:00:00,13.6,95,0.0,9.7,0.0,0
2023-02-18 04:00:00,13.2,96,0.0,7.8,0.0,0
2023-02-18 05:00:00,12.6,99,0.0,6.8,0.0,0
2023-02-18 06:00:00,12.5,100,0.0,3.6,0.0,100
2023-02-18 07:00:00,13.0,98,10.0,4.0,0.0,89
2023-02-18 08:00:00,15.0,97,117.0,4.8,0.0,92
2023-02-18 09:00:00,18.3,89,293.0,5.1,0.0,13
2023-02-18 10:00:00,21.6,74,512.0,4.8,0.0,0
2023-02-18 11:00:00,23.7,60,662.0,4.9,0.0,0
2023-02-18 12:00:00,25.0,52,739.0,5.3,0.0,0
2023-02-18 13:00:00,25.9,47,745.0,5.8,0.0,0
2023-02-18 14:00:00,26.4,46,680.0,6.4,0.0,0
2023-02-18 15:00:00,26.4,47,551.0,7.2,0.0,0
2023-02-18 16:00:00,25.9,50,372.0,7.9,0.0,4
2023-02-18 17:00:00,24.9,61,173.0,6.4,0.0,1
2023-02-18 18:00:00,21.3,74,23.0,8.0,0.0,0
2023-02-18 19:00:00,19.9,78,0.0,9.7,0.0,0
2023-02-18 20:00:00,20.0,75,0.0,8.7,0.0,0
2023-02-18 21:00:00,19.2,78,0.0,9.0,0.0,0
2023-02-18 22:00:00,17.4,86,0.0,9.7,0.0,0
2023-02-18 23:00:00,16.9,87,0.0,9.9,0.0,0
2023-02-19 00:00:00,19.5,76,0.0,5.3,0.0,0
2023-02-19 01:00:00,19.2,76,0.0,6.5,0.0,0
2023-02-19 02:00:00,17.4,81,0.0,8.3,0.0,0
2023-02-19 03:00:00,18.0,79,0.0,5.2,0.0,0
2023-02-19 04:00:00,17.9,79,0.0,0.8,0.0,7
2023-02-19 05:00:00,14.9,92,0.0,4.6,0.0,0
2023-02-19 06:00:00,15.7,90,0.0,3.1,0.0,0
2023-02-19 07:00:00,14.8,96,12.0,3.0,0.0,4
2023-02-19 08:00:00,16.4,93,134.0,2.9,0.0,16
2023-02-19 09:00:00,20.0,83,315.0,2.4,0.0,21
2023-02-19 10:00:00,23.4,64,526.0,4.1,0.0,33
2023-02-19 11:00:00,25.4,51,664.0,3.3,0.0,61
2023-02-19 12:00:00,26.6,46,736.0,3.1,0.0,95
2023-02-19 13:00:00,27.4,43,735.0,3.8,0.0,99
2023-02-19 14:00:00,27.8,42,650.0,5.2,0.0,23
2023-02-19 15:00:00,27.9,43,551.0,5.7,0.0,61
2023-02-19 16:00:00,27.5,44,373.0,5.6,0.0,100
2023-02-19 17:00:00,26.3,55,160.0,5.6,0.0,100
2023-02-19 18:00:00,23.1,61,22.0,8.6,0.0,100
2023-02-19 19:00:00,21.1,70,0.0,10.4,0.0,100
2023-02-19 20:00:00,20.1,76,0.0,10.0,0.0,74
2023-02-19 21:00:00,18.8,80,0.0,9.8,0.0,22
2023-02-19 22:00:00,17.4,84,0.0,9.2,0.0,23
2023-02-19 23:00:00,17.5,83,0.0,8.0,0.0,55
2023-02-20 00:00:00,17.1,83,0.0,9.8,0.0,19
2023-02-20 01:00:00,16.8,84,0.0,10.3,0.0,51
2023-02-20 02:00:00,16.5,87,0.0,6.8,0.0,78
2023-02-20 03:00:00,15.3,91,0.0,8.7,0.0,89
2023-02-20 04:00:00,15.5,89,0.0,7.7,0.0,90
2023-02-20 05:00:00,15.9,89,0.0,6.5,0.0,96
2023-02-20 06:00:00,15.5,91,0.0,6.1,0.0,99
2023-02-20 07:00:00,15.4,93,12.0,5.2,0.0,38
2023-02-20 08:00:00,18.8,84,141.0,4.8,0.0,10
2023-02-20 09:00:00,22.5,69,338.0,4.2,0.0,21
2023-02-20 10:00:00,25.5,53,522.0,4.8,0.0,22
2023-02-20 11:00:00,27.5,44,660.0,4.0,0.0,14
2023-02-20 12:00:00,28.9,39,737.0,4.0,0.0,19
2023-02-20 13:00:00,29.9,35,744.0,3.8,0.0,89
2023-02-20 14:00:00,30.5,32,667.0,3.6,0.0,100
2023-02-20 15:00:00,30.7,31,537.0,3.9,0.0,57
2023-02-20 16:00:00,30.1,36,371.0,5.2,0.0,100
2023-02-20 17:00:00,27.4,53,167.0,6.4,0.0,100
2023-02-20 18:00:00,24.8,58,23.0,9.6,0.0,100
2023-02-20 19:00:00,23.9,64,0.0,12.0,0.0,100
2023-02-20 20:00:00,23.4,62,0.0,11.3,0.0,46
2023-02-20 21:00:00,22.5,63,0.0,12.0,0.0,47
2023-02-20 22:00:00,21.5,64,0.0,11.7,0.0,100
2023-02-20 23:00:00,20.9,65,0.0,11.4,0.0,90
2023-02-21 00:00:00,20.4,64,0.0,12.2,0.0,68
2023-02-21 01:00:00,19.7,63,0.0,11.3,0.0,87
2023-02-21 02:00:00,18.7,64,0.0,10.3,0.0,95
2023-02-21 03:00:00,18.0,65,0.0,9.4,0.0,98
2023-02-21 04:00:00,17.4,66,0.0,9.8,0.0,93
2023-02-21 05:00:00,16.2,80,0.0,6.0,0.0,87
2023-02-21 06:00:00,15.1,85,0.0,6.8,0.0,25
2023-02-21 07:00:00,16.2,79,13.0,4.3,0.0,0
2023-02-21 08:00:00,19.3,62,147.0,7.9,0.0,0
2023-02-21 09:00:00,21.6,46,347.0,8.2,0.0,0
2023-02-21 10:00:00,23.5,44,535.0,7.8,0.0,0
2023-02-21 11:00:00,25.5,42,677.0,7.6,0.0,0
2023-02-21 12:00:00,27.2,42,755.0,8.3,0.0,0
2023-02-21 13:00:00,28.2,42,760.0,10.4,0.0,0
2023-02-21 14:00:00,28.9,42,691.0,12.4,0.0,0
2023-02-21 15:00:00,29.1,41,561.0,14.2,0.0,0
2023-02-21 16:00:00,28.6,40,382.0,13.6,0.0,0
2023-02-21 17:00:00,26.6,54,181.0,6.0,0.0,0
2023-02-21 18:00:00,22.7,65,26.0,10.5,0.0,0
2023-02-21 19:00:00,25.8,47,0.0,7.4,0.0,0
2023-02-21 20:00:00,25.1,46,0.0,6.0,0.0,0
2023-02-21 21:00:00,18.7,64,0.0,10.4,0.0,0
2023-02-21 22:00:00,17.5,68,0.0,11.2,0.0,0
2023-02-21 23:00:00,16.9,74,0.0,10.9,0.0,0
2023-02-22 00:00:00,19.6,64,0.0,6.5,0.0,0
2023-02-22 01:00:00,16.4,80,0.0,6.0,0.0,0
2023-02-22 02:00:00,14.6,89,0.0,7.6,0.0,0
2023-02-22 03:00:00,14.3,90,0.0,6.5,0.0,0
2023-02-22 04:00:00,13.5,92,0.0,8.1,0.0,0
2023-02-22 05:00:00,14.3,99,0.0,7.8,0.0,0
2023-02-22 06:00:00,14.5,100,0.0,5.0,0.0,21
2023-02-22 07:00:00,14.9,99,14.0,5.9,0.0,99
2023-02-22 08:00:00,17.2,90,141.0,6.4,0.0,32
2023-02-22 09:00:00,20.6,73,337.0,6.5,0.0,100
2023-02-22 10:00:00,23.4,59,535.0,6.2,0.0,100
2023-02-22 11:00:00,25.5,48,660.0,5.5,0.0,100
2023-02-22 12:00:00,26.9,40,681.0,5.0,0.0,100
2023-02-22 13:00:00,27.9,34,685.0,7.4,0.0,100
2023-02-22 14:00:00,28.4,29,632.0,11.6,0.0,100
2023-02-22 15:00:00,28.1,28,531.0,14.1,0.0,100
2023-02-22 16:00:00,27.4,31,374.0,12.5,0.0,98
2023-02-22 17:00:00,25.5,41,173.0,7.2,0.0,75
2023-02-22 18:00:00,21.8,50,27.0,8.9,0.0,24
2023-02-22 19:00:00,21.3,51,0.0,9.6,0.0,0
2023-02-22 20:00:00,20.3,52,0.0,9.8,0.0,5
2023-02-22 21:00:00,19.9,52,0.0,10.8,0.0,1
2023-02-22 22:00:00,18.7,55,0.0,8.7,0.0,0
2023-02-22 23:00:00,18.1,56,0.0,9.8,0.0,0
2023-02-23 00:00:00,17.6,59,0.0,12.1,0.0,0
2023-02-23 01:00:00,16.7,64,0.0,9.7,0.0,0
2023-02-23 02:00:00,15.5,68,0.0,7.7,0.0,0
2023-02-23 03:00:00,14.9,69,0.0,7.4,0.0,0
2023-02-23 04:00:00,14.2,72,0.0,7.3,0.0,0
2023-02-23 05:00:00,14.1,83,0.0,7.6,0.0,0
2023-02-23 06:00:00,14.0,81,0.0,9.7,0.0,0
2023-02-23 07:00:00,14.3,77,16.0,11.6,0.0,0
2023-02-23 08:00:00,16.9,69,155.0,13.0,0.0,0
2023-02-23 09:00:00,19.8,58,358.0,13.6,0.0,0
2023-02-23 10:00:00,22.2,51,545.0,14.2,0.0,0
2023-02-23 11:00:00,24.4,45,687.0,14.9,0.0,0
2023-02-23 12:00:00,26.1,36,768.0,16.3,0.0,0
2023-02-23 13:00:00,27.0,33,780.0,18.6,0.0,0
2023-02-23 14:00:00,27.4,31,715.0,18.9,0.0,0
2023-02-23 15:00:00,27.4,27,581.0,18.8,0.0,0
2023-02-23 16:00:00,26.9,27,397.0,16.9,0.0,0
2023-02-23 17:00:00,24.8,34,191.0,9.5,0.0,0
2023-02-23 18:00:00,21.4,45,29.0,8.7,0.0,0
2023-02-23 19:00:00,20.3,49,0.0,9.7,0.0,0
2023-02-23 20:00:00,19.5,49,0.0,10.9,0.0,0
2023-02-23 21:00:00,19.0,48,0.0,11.7,0.0,0
2023-02-23 22:00:00,18.2,48,0.0,11.6,0.0,8
2023-02-23 23:00:00,17.1,50,0.0,11.3,0.0,0
2023-02-24 00:00:00,16.3,52,0.0,10.5,0.0,100
2023-02-24 01:00:00,15.8,53,0.0,10.0,0.0,99
2023-02-24 02:00:00,15.2,56,0.0,9.2,0.0,29
2023-02-24 03:00:00,14.5,59,0.0,9.8,0.0,11
2023-02-24 04:00:00,13.9,62,0.0,10.0,0.0,58
2023-02-24 05:00:00,13.2,71,0.0,9.2,0.0,90
2023-02-24 06:00:00,13.0,72,0.0,9.5,0.0,100
2023-02-24 07:00:00,13.5,72,17.0,10.0,0.0,100
2023-02-24 08:00:00,16.6,63,157.0,11.3,0.0,100
2023-02-24 09:00:00,19.9,56,338.0,11.2,0.0,100
2023-02-24 10:00:00,22.8,46,513.0,12.7,0.0,100
2023-02-24 11:00:00,25.0,39,637.0,13.7,0.0,100
2023-02-24 12:00:00,26.6,32,730.0,14.3,0.0,99
2023-02-24 13:00:00,27.5,27,757.0,14.2,0.0,98
2023-02-24 14:00:00,27.9,26,696.0,14.2,0.0,100
2023-02-24 15:00:00,27.6,26,534.0,14.5,0.0,100
2023-02-24 16:00:00,26.9,28,355.0,13.4,0.0,94
2023-02-24 17:00:00,25.4,42,185.0,7.2,0.0,17
2023-02-24 18:00:00,22.2,48,29.0,8.2,0.0,0
2023-02-24 19:00:00,20.7,51,0.0,8.8,0.0,0
2023-02-24 20:00:00,19.2,56,0.0,10.2,0.0,0
2023-02-24 21:00:00,18.4,59,0.0,8.1,0.0,0
2023-02-24 22:00:00,17.4,64,0.0,7.6,0.0,0
2023-02-24 23:00:00,16.5,66,0.0,7.2,0.0,0
2023-02-25 00:00:00,16.1,63,0.0,6.8,0.0,0
2023-02-25 01:00:00,15.7,62,0.0,6.5,0.0,0
2023-02-25 02:00:00,15.3,62,0.0,6.5,0.0,0
2023-02-25 03:00:00,14.5,64,0.0,6.2,0.0,0
2023-02-25 04:00:00,14.0,66,0.0,6.6,0.0,0
2023-02-25 05:00:00,13.4,77,0.0,6.1,0.0,0
2023-02-25 06:00:00,13.6,76,0.0,7.7,0.0,0
2023-02-25 07:00:00,14.3,74,18.0,9.3,0.0,0
2023-02-25 08:00:00,17.7,65,160.0,9.3,0.0,0
2023-02-25 09:00:00,21.5,55,364.0,6.8,0.0,0
2023-02-25 10:00:00,24.3,48,551.0,6.2,0.0,0
2023-02-25 11:00:00,26.3,40,691.0,5.8,0.0,0
2023-02-25 12:00:00,27.4,35,767.0,6.2,0.0,0
2023-02-25 13:00:00,28.1,34,771.0,7.8,0.0,0
2023-02-25 14:00:00,28.4,32,704.0,8.9,0.0,0
2023-02-25 15:00:00,28.3,32,574.0,9.4,0.0,3
2023-02-25 16:00:00,27.7,34,393.0,9.9,0.0,11
2023-02-25 17:00:00,26.1,44,188.0,6.1,0.0,22
2023-02-25 18:00:00,22.2,56,28.0,9.9,0.0,14
2023-02-25 19:00:00,24.2,46,0.0,6.1,0.0,4
2023-02-25 20:00:00,24.9,42,0.0,3.8,0.0,4
2023-02-25 21:00:00,22.6,49,0.0,6.7,0.0,0
2023-02-25 22:00:00,18.7,66,0.0,9.8,0.0,0
2023-02-25 23:00:00,18.5,68,0.0,8.4,0.0,0
2023-02-26 00:00:00,19.3,63,0.0,4.5,0.0,0
2023-02-26 01:00:00,19.7,60,0.0,4.1,0.0,0
2023-02-26 02:00:00,20.2,57,0.0,3.3,0.0,0
2023-02-26 03:00:00,19.1,60,0.0,6.6,0.0,0
2023-02-26 04:00:00,15.8,75,0.0,7.9,0.0,0
2023-02-26 05:00:00,14.8,80,0.0,6.8,0.0,0
2023-02-26 06:00:00,14.4,80,0.0,6.8,0.0,6
2023-02-26 07:00:00,15.5,75,18.0,5.9,0.0,0
2023-02-26 08:00:00,18.9,64,156.0,5.0,0.0,0
2023-02-26 09:00:00,22.5,54,358.0,1.9,0.0,0
2023-02-26 10:00:00,25.4,44,545.0,5.4,0.0,0
2023-02-26 11:00:00,27.2,37,682.0,5.7,0.0,0
2023-02-26 12:00:00,28.4,33,758.0,6.6,0.0,0
2023-02-26 13:00:00,29.1,31,764.0,7.7,0.0,0
2023-02-26 14:00:00,29.5,29,699.0,8.7,0.0,15
2023-02-26 15:00:00,29.4,29,553.0,9.7,0.0,13
2023-02-26 16:00:00,28.8,29,368.0,11.2,0.0,12
2023-02-26 17:00:00,27.1,36,181.0,13.1,0.0,23
2023-02-26 18:00:00,25.1,40,28.0,9.5,0.0,21
2023-02-26 19:00:00,21.7,49,0.0,10.8,0.0,12
2023-02-26 20:00:00,22.4,41,0.0,8.4,0.0,1
2023-02-26 21:00:00,22.6,40,0.0,7.9,0.0,0
2023-02-26 22:00:00,20.4,53,0.0,9.3,0.0,0
2023-02-26 23:00:00,19.6,58,0.0,8.6,0.0,0
2023-02-27 00:00:00,17.8,66,0.0,11.1,0.0,0
2023-02-27 01:00:00,16.9,69,0.0,10.7,0.0,0
2023-02-27 02:00:00,19.1,59,0.0,5.6,0.0,0
2023-02-27 03:00:00,17.4,66,0.0,4.0,0.0,0
2023-02-27 04:00:00,16.5,70,0.0,6.1,0.0,0
2023-02-27 05:00:00,16.1,82,0.0,7.7,0.0,96
2023-02-27 06:00:00,15.6,85,0.0,8.4,0.0,100
2023-02-27 07:00:00,17.0,79,17.0,6.7,0.0,100
2023-02-27 08:00:00,19.6,72,137.0,8.5,0.0,100
2023-02-27 09:00:00,22.2,65,312.0,6.8,0.0,63
2023-02-27 10:00:00,25.1,56,515.0,6.0,0.0,5
2023-02-27 11:00:00,27.5,45,683.0,6.3,0.0,0
2023-02-27 12:00:00,29.0,35,761.0,8.6,0.0,11
2023-02-27 13:00:00,29.7,29,731.0,11.4,0.0,4
2023-02-27 14:00:00,29.8,27,693.0,12.8,0.0,25
2023-02-27 15:00:00,29.6,27,565.0,13.5,0.0,33
2023-02-27 16:00:00,28.8,24,338.0,15.0,0.0,41
2023-02-27 17:00:00,26.6,35,127.0,10.2,0.0,10
2023-02-27 18:00:00,22.2,51,30.0,9.7,0.0,20
2023-02-27 19:00:00,22.5,47,0.0,9.4,0.0,24
2023-02-27 20:00:00,20.3,51,0.0,10.6,0.0,5
2023-02-27 21:00:00,23.8,36,0.0,5.3,0.0,0
2023-02-27 22:00:00,21.4,42,0.0,8.0,0.0,1
2023-02-27 23:00:00,19.7,46,0.0,9.5,0.0,0
2023-02-28 00:00:00,19.0,47,0.0,9.3,0.0,0
2023-02-28 01:00:00,17.4,53,0.0,9.4,0.0,0
2023-02-28 02:00:00,16.6,56,0.0,7.9,0.0,0
2023-02-28 03:00:00,15.0,62,0.0,7.3,0.0,0
2023-02-28 04:00:00,15.0,61,0.0,6.2,0.0,0
2023-02-28 05:00:00,14.4,82,0.0,5.2,0.0,0
2023-02-28 06:00:00,14.3,84,0.0,8.4,0.0,0
2023-02-28 07:00:00,16.0,78,21.0,5.1,0.0,0
2023-02-28 08:00:00,19.5,66,167.0,3.9,0.0,37
2023-02-28 09:00:00,23.1,55,365.0,2.9,0.0,4
2023-02-28 10:00:00,25.7,44,553.0,4.6,0.0,93
2023-02-28 11:00:00,27.6,37,690.0,2.5,0.0,100
2023-02-28 12:00:00,28.7,33,759.0,2.4,0.0,100
2023-02-28 13:00:00,29.3,32,758.0,9.0,0.0,88
2023-02-28 14:00:00,29.2,29,683.0,11.2,0.0,99
2023-02-28 15:00:00,28.6,31,376.0,10.3,0.0,81
2023-02-28 16:00:00,28.3,31,349.0,9.9,0.0,39
2023-02-28 17:00:00,25.9,36,180.0,10.3,0.0,34
2023-02-28 18:00:00,24.5,39,30.0,12.8,0.0,19
2023-02-28 19:00:00,23.5,41,0.0,15.7,0.0,16
2023-02-28 20:00:00,22.0,41,0.0,12.9,0.0,19
2023-02-28 21:00:00,20.1,45,0.0,7.4,0.0,29
2023-02-28 22:00:00,18.8,50,0.0,7.4,0.0,10
2023-02-28 23:00:00,17.6,56,0.0,9.0,0.0,5
2023-03-01 00:00:00,16.6,61,0.0,10.5,0.0,5
2023-03-01 01:00:00,16.3,63,0.0,9.6,0.0,11
2023-03-01 02:00:00,15.7,65,0.0,10.2,0.0,15
2023-03-01 03:00:00,15.9,62,0.0,7.6,0.0,14
2023-03-01 04:00:00,16.4,58,0.0,10.8,0.0,18
2023-03-01 05:00:00,16.0,72,0.0,8.4,0.0,28
2023-03-01 06:00:00,17.2,65,0.0,9.4,0.0,35
2023-03-01 07:00:00,18.0,61,20.0,17.5,0.0,79
2023-03-01 08:00:00,19.4,56,158.0,12.1,0.0,27
2023-03-01 09:00:00,21.4,53,347.0,10.7,0.0,76
2023-03-01 10:00:00,24.1,46,515.0,13.5,0.0,29
2023-03-01 11:00:00,26.4,40,685.0,11.5,0.0,4
2023-03-01 12:00:00,27.9,35,761.0,10.6,0.0,44
2023-03-01 13:00:00,29.0,31,766.0,9.7,0.0,13
2023-03-01 14:00:00,29.6,29,706.0,9.6,0.0,6
2023-03-01 15:00:00,29.7,28,573.0,9.0,0.0,96
2023-03-01 16:00:00,29.1,28,342.0,10.1,0.0,81
2023-03-01 17:00:00,27.1,38,149.0,7.1,0.0,75
2023-03-01 18:00:00,24.6,43,32.0,7.8,0.0,69
2023-03-01 19:00:00,23.6,43,0.0,10.7,0.0,53
2023-03-01 20:00:00,23.4,41,0.0,5.9,0.0,69
2023-03-01 21:00:00,19.9,53,0.0,9.7,0.0,57
2023-03-01 22:00:00,19.2,56,0.0,9.9,0.0,0
2023-03-01 23:00:00,18.3,60,0.0,10.8,0.0,0
2023-03-02 00:00:00,17.4,64,0.0,10.9,0.0,0
2023-03-02 01:00:00,17.0,65,0.0,10.1,0.0,0
2023-03-02 02:00:00,16.4,67,0.0,8.3,0.0,0
2023-03-02 03:00:00,16.0,67,0.0,6.8,0.0,0
2023-03-02 04:00:00,15.2,71,0.0,8.0,0.0,0
2023-03-02 05:00:00,15.4,84,0.0,8.5,0.0,0
2023-03-02 06:00:00,16.0,81,0.0,6.2,0.0,0
2023-03-02 07:00:00,16.8,78,23.0,8.6,0.0,0
2023-03-02 08:00:00,19.7,69,172.0,9.1,0.0,0
2023-03-02 09:00:00,22.7,58,374.0,8.1,0.0,0
2023-03-02 10:00:00,25.7,47,559.0,9.0,0.0,0
2023-03-02 11:00:00,27.8,40,698.0,10.4,0.0,32
2023-03-02 12:00:00,29.1,34,771.0,11.5,0.0,0
2023-03-02 13:00:00,29.8,32,778.0,13.4,0.0,0
2023-03-02 14:00:00,30.0,32,711.0,13.4,0.0,3
2023-03-02 15:00:00,29.8,31,579.0,13.4,0.0,47
2023-03-02 16:00:00,29.0,33,359.0,14.8,0.0,62
2023-03-02 17:00:00,27.9,37,190.0,6.6,0.0,32
2023-03-02 18:00:00,25.2,46,29.0,10.9,0.0,33
2023-03-02 19:00:00,23.4,52,0.0,11.2,0.0,3
2023-03-02 20:00:00,21.9,51,0.0,7.6,0.0,1
2023-03-02 21:00:00,19.7,59,0.0,9.4,0.0,1
2023-03-02 22:00:00,19.2,60,0.0,10.4,0.0,0
2023-03-02 23:00:00,18.9,60,0.0,9.6,0.0,0
2023-03-03 00:00:00,18.4,61,0.0,7.6,0.0,0
2023-03-03 01:00:00,18.0,63,0.0,7.5,0.0,0
2023-03-03 02:00:00,17.6,64,0.0,7.6,0.0,0
2023-03-03 03:00:00,17.3,64,0.0,8.0,0.0,0
2023-03-03 04:00:00,16.8,66,0.0,8.6,0.0,0
2023-03-03 05:00:00,16.8,80,0.0,10.7,0.0,0
2023-03-03 06:00:00,16.8,81,0.0,11.1,0.0,0
2023-03-03 07:00:00,17.5,78,24.0,12.0,0.0,0
2023-03-03 08:00:00,20.0,69,174.0,10.2,0.0,1
2023-03-03 09:00:00,23.0,59,375.0,10.1,0.0,6
2023-03-03 10:00:00,26.0,50,559.0,11.5,0.0,0
2023-03-03 11:00:00,28.4,41,696.0,14.0,0.0,0
2023-03-03 12:00:00,29.7,36,770.0,15.3,0.0,0
2023-03-03 13:00:00,30.3,33,774.0,15.5,0.0,0
2023-03-03 14:00:00,30.6,31,709.0,15.5,0.0,9
2023-03-03 15:00:00,29.1,31,590.0,18.1,0.0,51
2023-03-03 16:00:00,28.6,33,316.0,18.1,0.0,82
2023-03-03 17:00:00,26.2,52,149.0,5.9,0.0,27
2023-03-03 18:00:00,23.9,58,34.0,8.7,0.0,54
2023-03-03 19:00:00,23.1,60,0.0,9.6,0.0,24
2023-03-03 20:00:00,22.5,60,0.0,11.5,0.0,11
2023-03-03 21:00:00,22.1,56,0.0,12.6,0.0,1
2023-03-03 22:00:00,21.2,56,0.0,12.6,0.0,0
2023-03-03 23:00:00,20.1,58,0.0,10.4,0.0,0
2023-03-04 00:00:00,19.2,60,0.0,10.5,0.0,0
2023-03-04 01:00:00,18.6,59,0.0,10.4,0.0,0
2023-03-04 02:00:00,18.3,60,0.0,11.5,0.0,0
2023-03-04 03:00:00,17.9,63,0.0,11.3,0.0,0
2023-03-04 04:00:00,17.5,66,0.0,10.6,0.0,0
2023-03-04 05:00:00,17.8,72,0.0,13.0,0.0,0
2023-03-04 06:00:00,17.6,72,0.0,12.6,0.0,5
2023-03-04 07:00:00,18.2,68,26.0,13.4,0.0,31
2023-03-04 08:00:00,20.5,62,178.0,10.7,0.0,34
2023-03-04 09:00:00,23.1,54,380.0,10.6,0.0,3
2023-03-04 10:00:00,25.7,46,566.0,13.8,0.0,28
2023-03-04 11:00:00,27.6,38,703.0,17.1,0.0,33
2023-03-04 12:00:00,28.9,35,779.0,17.3,0.0,100
2023-03-04 13:00:00,29.5,32,721.0,14.8,0.0,100
2023-03-04 14:00:00,29.8,30,624.0,13.3,0.0,100
2023-03-04 15:00:00,29.8,29,490.0,12.7,0.0,96
2023-03-04 16:00:00,29.0,31,304.0,12.4,0.0,100
2023-03-04 17:00:00,25.5,47,156.0,12.8,0.0,55
2023-03-04 18:00:00,23.4,54,30.0,8.4,0.0,100
2023-03-04 19:00:00,21.8,61,0.0,6.9,0.0,8
2023-03-04 20:00:00,20.7,64,0.0,7.6,0.0,10
2023-03-04 21:00:00,20.0,66,0.0,8.2,0.0,31
2023-03-04 22:00:00,19.2,67,0.0,7.9,0.0,0
2023-03-04 23:00:00,19.0,67,0.0,8.9,0.0,41
2023-03-05 00:00:00,18.5,69,0.0,9.4,0.0,3
2023-03-05 01:00:00,17.7,73,0.0,9.0,0.0,45
2023-03-05 02:00:00,17.3,75,0.0,7.9,0.0,0
2023-03-05 03:00:00,16.8,77,0.0,7.7,0.0,0
2023-03-05 04:00:00,16.5,79,0.0,8.6,0.0,0
2023-03-05 05:00:00,16.3,81,0.0,8.9,0.0,0
2023-03-05 06:00:00,16.7,77,0.0,10.7,0.0,1
2023-03-05 07:00:00,17.3,74,28.0,13.6,0.0,0
2023-03-05 08:00:00,20.4,65,185.0,13.0,0.0,0
2023-03-05 09:00:00,23.7,54,390.0,12.7,0.0,0
2023-03-05 10:00:00,26.2,45,576.0,16.1,0.0,0
2023-03-05 11:00:00,27.8,38,716.0,19.1,0.0,0
2023-03-05 12:00:00,28.7,34,792.0,19.4,0.0,0
2023-03-05 13:00:00,29.4,31,796.0,18.6,0.0,0
2023-03-05 14:00:00,29.6,28,720.0,19.1,0.0,1
2023-03-05 15:00:00,29.4,25,577.0,20.8,0.0,60
2023-03-05 16:00:00,28.6,27,361.0,19.9,0.0,24
2023-03-05 17:00:00,27.0,34,185.0,12.9,0.0,7
2023-03-05 18:00:00,24.7,40,35.0,8.7,0.0,9
2023-03-05 19:00:00,23.1,46,0.0,9.2,0.0,2
2023-03-05 20:00:00,21.8,47,0.0,8.0,0.0,0
2023-03-05 21:00:00,20.8,51,0.0,8.3,0.0,0
2023-03-05 22:00:00,19.9,54,0.0,9.8,0.0,0
2023-03-05 23:00:00,19.1,53,0.0,9.7,0.0,1
2023-03-06 00:00:00,18.5,54,0.0,8.9,0.0,0
2023-03-06 01:00:00,17.9,56,0.0,8.6,0.0,0
2023-03-06 02:00:00,17.2,59,0.0,7.9,0.0,0
2023-03-06 03:00:00,16.7,62,0.0,8.5,0.0,0
2023-03-06 04:00:00,15.9,65,0.0,9.7,0.0,0
2023-03-06 05:00:00,15.9,73,0.0,8.8,0.0,0
2023-03-06 06:00:00,16.0,73,0.0,10.5,0.0,0
2023-03-06 07:00:00,16.7,71,30.0,12.3,0.0,0
2023-03-06 08:00:00,19.6,64,190.0,10.2,0.0,0
2023-03-06 09:00:00,22.6,54,398.0,10.0,0.0,0
2023-03-06 10:00:00,25.3,45,587.0,12.1,0.0,0
2023-03-06 11:00:00,27.1,37,727.0,14.7,0.0,0
2023-03-06 12:00:00,28.1,32,804.0,16.2,0.0,0
2023-03-06 13:00:00,28.6,29,810.0,17.2,0.0,5
2023-03-06 14:00:00,28.7,28,742.0,17.9,0.0,1
2023-03-06 15:00:00,28.5,28,608.0,17.7,0.0,6
2023-03-06 16:00:00,28.1,28,421.0,15.3,0.0,3
2023-03-06 17:00:00,26.3,34,211.0,10.9,0.0,3
2023-03-06 18:00:00,22.4,46,40.0,9.7,0.0,30
2023-03-06 19:00:00,21.3,48,0.0,8.7,0.0,27
2023-03-06 20:00:00,20.7,50,0.0,7.9,0.0,0
2023-03-06 21:00:00,19.5,54,0.0,10.8,0.0,70
2023-03-06 22:00:00,20.0,51,0.0,8.7,0.0,93
2023-03-06 23:00:00,19.0,53,0.0,9.4,0.0,91
2023-03-07 00:00:00,18.0,54,0.0,8.0,0.0,81
2023-03-07 01:00:00,17.4,57,0.0,8.7,0.0,93
2023-03-07 02:00:00,17.0,59,0.0,10.3,0.0,100
2023-03-07 03:00:00,16.6,61,0.0,10.2,0.0,100
2023-03-07 04:00:00,15.9,64,0.0,8.4,0.0,58
2023-03-07 05:00:00,15.8,72,0.0,8.3,0.0,92
2023-03-07 06:00:00,16.0,72,0.0,9.1,0.0,99
2023-03-07 07:00:00,17.1,70,30.0,9.5,0.0,100
2023-03-07 08:00:00,20.2,61,180.0,7.2,0.0,66
2023-03-07 09:00:00,23.5,52,403.0,5.3,0.0,79
2023-03-07 10:00:00,25.9,39,585.0,6.4,0.0,64
2023-03-07 11:00:00,27.3,32,723.0,8.6,0.0,75
2023-03-07 12:00:00,28.2,27,796.0,11.0,0.0,89
2023-03-07 13:00:00,28.6,25,800.0,13.2,0.0,100
2023-03-07 14:00:00,28.7,24,708.0,13.8,0.0,76
2023-03-07 15:00:00,28.4,25,605.0,13.2,0.0,2
2023-03-07 16:00:00,28.0,26,428.0,11.7,0.0,0
2023-03-07 17:00:00,26.3,37,217.0,5.2,0.0,0
2023-03-07 18:00:00,25.9,33,42.0,2.9,0.0,10
2023-03-07 19:00:00,20.9,52,0.0,7.6,0.0,17
2023-03-07 20:00:00,20.6,53,0.0,7.0,0.0,2
2023-03-07 21:00:00,20.2,53,0.0,6.4,0.0,0
2023-03-07 22:00:00,18.8,55,0.0,7.8,0.0,0
2023-03-07 23:00:00,18.1,56,0.0,8.9,0.0,0
2023-03-08 00:00:00,17.7,57,0.0,7.5,0.0,19
2023-03-08 01:00:00,18.0,55,0.0,5.6,0.0,35
2023-03-08 02:00:00,21.1,42,0.0,5.2,0.0,4
2023-03-08 03:00:00,15.9,66,0.0,8.7,0.0,53
2023-03-08 04:00:00,15.3,71,0.0,9.5,0.0,100
2023-03-08 05:00:00,14.8,81,0.0,8.6,0.0,100
2023-03-08 06:00:00,15.2,80,0.0,9.2,0.0,65
2023-03-08 07:00:00,17.0,72,32.0,5.8,0.0,19
2023-03-08 08:00:00,19.9,63,194.0,3.4,0.0,14
2023-03-08 09:00:00,23.1,53,399.0,3.1,0.0,1
2023-03-08 10:00:00,25.7,44,586.0,2.9,0.0,16
2023-03-08 11:00:00,27.1,38,722.0,3.9,0.0,14
2023-03-08 12:00:00,28.2,33,794.0,7.3,0.0,19
2023-03-08 13:00:00,27.1,30,747.0,9.4,0.2,83
2023-03-08 14:00:00,26.8,32,544.0,13.1,0.0,60
2023-03-08 15:00:00,26.3,36,478.0,14.5,0.0,100
2023-03-08 16:00:00,25.0,41,231.0,13.2,0.0,74
2023-03-08 17:00:00,24.5,46,182.0,13.1,0.0,70
2023-03-08 18:00:00,22.8,52,32.0,10.9,0.0,91
2023-03-08 19:00:00,21.2,59,0.0,9.5,0.0,72
2023-03-08 20:00:00,20.6,59,0.0,10.4,0.0,74
2023-03-08 21:00:00,20.5,56,0.0,9.4,0.0,91
2023-03-08 22:00:00,19.7,59,0.0,7.4,0.0,56
2023-03-08 23:00:00,18.1,68,0.0,7.0,0.0,13
2023-03-09 00:00:00,16.9,76,0.0,6.7,0.0,3
2023-03-09 01:00:00,16.3,80,0.0,6.4,0.0,3
2023-03-09 02:00:00,16.4,80,0.0,6.1,0.0,8
2023-03-09 03:00:00,15.9,83,0.0,6.7,0.0,5
2023-03-09 04:00:00,16.0,82,0.0,7.1,0.0,1
2023-03-09 05:00:00,16.2,85,0.0,6.3,0.0,2
2023-03-09 06:00:00,16.7,80,0.0,6.6,0.0,17
2023-03-09 07:00:00,17.8,75,34.0,10.9,0.0,15
2023-03-09 08:00:00,20.8,66,196.0,8.9,0.0,0
2023-03-09 09:00:00,23.7,55,401.0,10.0,0.0,4
2023-03-09 10:00:00,25.9,45,582.0,11.0,0.0,1
2023-03-09 11:00:00,27.5,36,724.0,10.6,0.0,3
2023-03-09 12:00:00,27.0,38,689.0,7.0,0.0,52
2023-03-09 13:00:00,26.9,37,605.0,8.6,0.5,67
2023-03-09 14:00:00,27.1,38,648.0,8.4,0.0,34
2023-03-09 15:00:00,27.0,38,527.0,9.7,0.0,53
2023-03-09 16:00:00,26.6,39,364.0,10.0,0.0,22
2023-03-09 17:00:00,21.6,62,198.0,13.8,0.0,9
2023-03-09 18:00:00,21.0,66,34.0,11.3,0.0,7
2023-03-09 19:00:00,20.5,66,0.0,11.7,0.0,2
2023-03-09 20:00:00,20.4,60,0.0,10.3,0.0,2
2023-03-09 21:00:00,19.7,62,0.0,9.4,0.0,2
2023-03-09 22:00:00,18.7,67,0.0,8.4,0.0,1
2023-03-09 23:00:00,18.0,70,0.0,7.6,0.0,0
2023-03-10 00:00:00,17.4,73,0.0,8.3,0.0,0
2023-03-10 01:00:00,16.8,75,0.0,9.0,0.0,0
2023-03-10 02:00:00,16.3,79,0.0,9.0,0.0,0
2023-03-10 03:00:00,15.9,81,0.0,8.0,0.0,0
2023-03-10 04:00:00,15.5,84,0.0,7.8,0.0,0
2023-03-10 05:00:00,16.1,93,0.0,8.4,0.0,0
2023-03-10 06:00:00,16.3,90,0.0,8.3,0.0,0
2023-03-10 07:00:00,17.2,85,37.0,8.6,0.0,0
2023-03-10 08:00:00,20.2,71,203.0,6.5,0.0,0
2023-03-10 09:00:00,23.5,58,411.0,6.1,0.0,0
2023-03-10 10:00:00,26.0,47,597.0,6.9,0.0,0
2023-03-10 11:00:00,27.5,41,735.0,8.1,0.0,0
2023-03-10 12:00:00,28.4,36,808.0,10.0,0.0,0
2023-03-10 13:00:00,29.0,34,811.0,12.0,0.0,0
2023-03-10 14:00:00,29.2,33,741.0,14.1,0.0,0
2023-03-10 15:00:00,29.0,33,606.0,15.1,0.0,2
2023-03-10 16:00:00,28.8,32,422.0,14.2,0.0,1
2023-03-10 17:00:00,27.9,38,216.0,12.5,0.0,1
2023-03-10 18:00:00,25.6,43,43.0,8.2,0.0,4
2023-03-10 19:00:00,24.1,49,0.0,8.3,0.0,1
2023-03-10 20:00:00,23.0,53,0.0,9.0,0.0,0
2023-03-10 21:00:00,22.1,52,0.0,8.3,0.0,0
2023-03-10 22:00:00,21.0,53,0.0,7.7,0.0,0
2023-03-10 23:00:00,20.1,56,0.0,8.0,0.0,0
2023-03-11 00:00:00,18.9,61,0.0,7.7,0.0,0
2023-03-11 01:00:00,17.9,67,0.0,7.9,0.0,0
2023-03-11 02:00:00,17.4,69,0.0,6.5,0.0,0
2023-03-11 03:00:00,16.9,72,0.0,7.2,0.0,0
2023-03-11 04:00:00,17.0,70,0.0,4.7,0.0,0
2023-03-11 05:00:00,16.2,79,0.0,5.4,0.0,0
2023-03-11 06:00:00,16.4,79,0.0,4.7,0.0,0
2023-03-11 07:00:00,17.6,76,39.0,5.6,0.0,0
2023-03-11 08:00:00,21.3,65,208.0,4.1,0.0,0
2023-03-11 09:00:00,24.7,52,415.0,2.9,0.0,0
2023-03-11 10:00:00,27.1,42,600.0,3.3,0.0,0
2023-03-11 11:00:00,28.6,35,738.0,5.2,0.0,0
2023-03-11 12:00:00,29.5,31,810.0,8.7,0.0,0
2023-03-11 13:00:00,30.0,29,812.0,11.7,0.0,0
2023-03-11 14:00:00,30.0,29,744.0,12.7,0.0,21
2023-03-11 15:00:00,29.7,30,611.0,13.0,0.0,30
2023-03-11 16:00:00,29.1,32,428.0,12.5,0.0,9
2023-03-11 17:00:00,28.3,34,214.0,11.5,0.0,5
2023-03-11 18:00:00,26.2,38,45.0,9.7,0.0,0
2023-03-11 19:00:00,23.8,47,0.0,10.9,0.0,0
2023-03-11 20:00:00,24.2,44,0.0,8.7,0.0,0
2023-03-11 21:00:00,23.8,45,0.0,9.2,0.0,0
2023-03-11 22:00:00,21.8,52,0.0,10.5,0.0,0
2023-03-11 23:00:00,20.6,56,0.0,10.5,0.0,0
2023-03-12 00:00:00,19.7,62,0.0,9.0,0.0,0
2023-03-12 01:00:00,19.2,65,0.0,8.9,0.0,0
2023-03-12 02:00:00,18.5,68,0.0,9.5,0.0,0
2023-03-12 03:00:00,17.7,72,0.0,8.7,0.0,0
2023-03-12 04:00:00,17.5,72,0.0,5.4,0.0,0
2023-03-12 05:00:00,17.1,73,0.0,6.1,0.0,0
2023-03-12 06:00:00,17.1,71,0.0,8.2,0.0,0
2023-03-12 07:00:00,20.0,63,41.0,4.5,0.0,0
2023-03-12 08:00:00,23.8,55,212.0,4.5,0.0,0
2023-03-12 09:00:00,26.7,45,420.0,3.1,0.0,0
2023-03-12 10:00:00,28.6,38,606.0,5.2,0.0,0
2023-03-12 11:00:00,29.9,34,743.0,4.7,0.0,0
2023-03-12 12:00:00,30.8,31,816.0,4.8,0.0,0
2023-03-12 13:00:00,31.5,29,817.0,6.4,0.0,2
2023-03-12 14:00:00,31.9,27,747.0,8.7,0.0,0
2023-03-12 15:00:00,31.7,27,613.0,11.2,0.0,1
2023-03-12 16:00:00,31.0,29,429.0,11.9,0.0,0
2023-03-12 17:00:00,29.8,33,221.0,8.1,0.0,0
2023-03-12 18:00:00,26.4,41,46.0,7.6,0.0,0
2023-03-12 19:00:00,25.4,42,0.0,7.1,0.0,100
2023-03-12 20:00:00,23.4,50,0.0,10.7,0.0,74
2023-03-12 21:00:00,22.7,51,0.0,11.6,0.0,100
2023-03-12 22:00:00,23.0,45,0.0,9.2,0.0,100
2023-03-12 23:00:00,20.6,55,0.0,10.1,0.0,100
2023-03-13 00:00:00,20.0,58,0.0,10.7,0.0,97
2023-03-13 01:00:00,19.9,58,0.0,9.4,0.0,89
2023-03-13 02:00:00,20.1,58,0.0,8.1,0.0,100
2023-03-13 03:00:00,21.4,53,0.0,6.5,0.0,98
2023-03-13 04:00:00,18.5,66,0.0,5.5,0.0,19
2023-03-13 05:00:00,18.0,74,0.0,4.7,0.0,9
2023-03-13 06:00:00,17.5,77,0.0,6.2,0.0,100
2023-03-13 07:00:00,19.4,72,37.0,6.4,0.0,99
2023-03-13 08:00:00,22.5,64,180.0,4.0,0.0,16
2023-03-13 09:00:00,26.1,54,419.0,3.9,0.0,19
2023-03-13 10:00:00,28.7,42,610.0,3.7,0.0,44
2023-03-13 11:00:00,30.4,36,723.0,6.9,0.0,74
2023-03-13 12:00:00,31.5,31,800.0,10.0,0.0,36
2023-03-13 13:00:00,32.1,28,800.0,12.8,0.0,99
2023-03-13 14:00:00,31.7,27,695.0,7.5,0.0,98
2023-03-13 15:00:00,29.7,30,292.0,15.8,0.0,93
2023-03-13 16:00:00,30.0,29,294.0,11.8,0.0,45
2023-03-13 17:00:00,29.3,29,219.0,15.5,0.0,45
2023-03-13 18:00:00,26.7,37,41.0,11.3,0.0,61
2023-03-13 19:00:00,24.5,42,0.0,8.2,0.0,72
2023-03-13 20:00:00,23.5,45,0.0,8.0,0.0,53
2023-03-13 21:00:00,22.2,50,0.0,7.9,0.0,23
2023-03-13 22:00:00,20.5,60,0.0,7.2,0.0,5
2023-03-13 23:00:00,19.4,65,0.0,8.8,0.0,17
2023-03-14 00:00:00,19.6,65,0.0,8.0,0.0,22
2023-03-14 01:00:00,18.4,68,0.0,8.1,0.0,0
2023-03-14 02:00:00,20.3,58,0.0,1.9,0.0,0
2023-03-14 03:00:00,19.7,59,0.0,4.3,0.0,0
2023-03-14 04:00:00,17.2,71,0.0,5.7,0.0,0
2023-03-14 05:00:00,17.4,77,0.0,4.8,0.0,0
2023-03-14 06:00:00,17.4,77,0.0,5.8,0.0,3
2023-03-14 07:00:00,18.9,72,45.0,8.8,0.0,0
2023-03-14 08:00:00,22.6,62,221.0,7.2,0.0,0
2023-03-14 09:00:00,26.1,54,431.0,7.9,0.0,0
2023-03-14 10:00:00,28.4,43,619.0,10.1,0.0,0
2023-03-14 11:00:00,30.0,35,756.0,12.8,0.0,0
2023-03-14 12:00:00,31.1,31,829.0,14.8,0.0,0
2023-03-14 13:00:00,31.6,27,831.0,19.7,0.0,0
2023-03-14 14:00:00,31.4,24,735.0,22.2,0.0,57
2023-03-14 15:00:00,31.3,23,501.0,17.7,0.0,35
2023-03-14 16:00:00,31.0,22,408.0,17.3,0.0,26
2023-03-14 17:00:00,29.5,29,225.0,12.6,0.0,20
2023-03-14 18:00:00,26.3,37,48.0,7.6,0.0,9
2023-03-14 19:00:00,25.2,40,0.0,8.7,0.0,1
2023-03-14 20:00:00,24.1,44,0.0,9.4,0.0,1
2023-03-14 21:00:00,23.1,44,0.0,8.9,0.0,0
2023-03-14 22:00:00,21.1,51,0.0,8.7,0.0,0
2023-03-14 23:00:00,20.8,51,0.0,7.9,0.0,0
2023-03-15 00:00:00,19.1,58,0.0,10.8,0.0,0
2023-03-15 01:00:00,18.5,60,0.0,11.2,0.0,0
2023-03-15 02:00:00,21.0,48,0.0,5.2,0.0,0
2023-03-15 03:00:00,17.2,63,0.0,4.7,0.0,0
2023-03-15 04:00:00,18.4,58,0.0,5.5,0.0,0
2023-03-15 05:00:00,18.8,69,0.0,2.3,0.0,0
2023-03-15 06:00:00,20.2,62,0.0,1.5,0.0,4
2023-03-15 07:00:00,20.4,64,48.0,2.4,0.0,0
2023-03-15 08:00:00,23.4,58,227.0,4.2,0.0,4
2023-03-15 09:00:00,26.3,49,438.0,3.6,0.0,0
2023-03-15 10:00:00,28.4,42,626.0,4.0,0.0,40
2023-03-15 11:00:00,29.9,36,762.0,1.8,0.0,36
2023-03-15 12:00:00,30.9,31,835.0,2.5,0.0,100
2023-03-15 13:00:00,31.9,26,814.0,7.1,0.0,100
2023-03-15 14:00:00,32.3,22,731.0,14.3,0.0,100
2023-03-15 15:00:00,31.1,24,570.0,20.4,0.0,98
2023-03-15 16:00:00,30.5,24,371.0,15.0,0.0,98
2023-03-15 17:00:00,30.0,25,208.0,9.2,0.0,100
2023-03-15 18:00:00,28.5,26,46.0,7.1,0.0,100
2023-03-15 19:00:00,25.6,33,0.0,6.4,0.0,100
2023-03-15 20:00:00,24.0,39,0.0,6.8,0.0,100
2023-03-15 21:00:00,23.3,45,0.0,7.3,0.0,100
2023-03-15 22:00:00,22.8,41,0.0,8.0,0.0,100
2023-03-15 23:00:00,22.8,39,0.0,8.6,0.0,100
2023-03-16 00:00:00,21.9,40,0.0,9.4,0.0,100
2023-03-16 01:00:00,20.7,44,0.0,7.6,0.0,100
2023-03-16 02:00:00,19.6,49,0.0,7.8,0.0,99
2023-03-16 03:00:00,19.8,47,0.0,7.0,0.0,97
2023-03-16 04:00:00,19.1,52,0.0,9.7,0.0,81
2023-03-16 05:00:00,19.0,62,0.0,8.4,0.0,100
2023-03-16 06:00:00,20.2,57,0.0,6.9,0.0,100
2023-03-16 07:00:00,21.4,56,42.0,9.3,0.0,100
2023-03-16 08:00:00,23.7,52,162.0,10.9,0.0,100
2023-03-16 09:00:00,26.1,45,328.0,9.9,0.0,87
2023-03-16 10:00:00,27.6,39,562.0,11.9,0.0,100
2023-03-16 11:00:00,29.7,34,690.0,17.2,0.0,100
2023-03-16 12:00:00,31.2,28,783.0,16.7,0.0,100
2023-03-16 13:00:00,31.4,26,743.0,12.6,0.0,73
2023-03-16 14:00:00,31.9,24,697.0,8.7,0.0,98
2023-03-16 15:00:00,31.3,25,417.0,8.9,0.0,100
2023-03-16 16:00:00,26.7,44,301.0,23.0,0.1,100
2023-03-16 17:00:00,27.6,32,89.0,9.7,0.0,100
2023-03-16 18:00:00,25.0,41,21.0,17.1,0.0,100
2023-03-16 19:00:00,24.3,41,0.0,9.3,0.0,98
2023-03-16 20:00:00,23.7,42,0.0,7.5,0.0,91
2023-03-16 21:00:00,22.2,48,0.0,10.2,0.0,100
2023-03-16 22:00:00,21.4,51,0.0,7.4,0.0,70
2023-03-16 23:00:00,23.8,41,0.0,2.5,0.0,100
2023-03-17 00:00:00,21.0,54,0.0,6.8,0.0,100
2023-03-17 01:00:00,21.3,52,0.0,3.8,0.0,100
2023-03-17 02:00:00,20.0,57,0.0,3.3,0.0,100
2023-03-17 03:00:00,19.8,61,0.0,1.3,0.0,100
2023-03-17 04:00:00,20.0,56,0.0,3.1,0.0,98
2023-03-17 05:00:00,19.5,67,0.0,6.1,0.0,100
2023-03-17 06:00:00,19.7,65,0.0,10.6,0.0,28
2023-03-17 07:00:00,20.3,64,51.0,7.0,0.0,8
2023-03-17 08:00:00,22.2,59,220.0,8.1,0.0,22
2023-03-17 09:00:00,23.9,52,402.0,8.8,0.0,51
2023-03-17 10:00:00,25.6,48,573.0,12.2,0.1,55
2023-03-17 11:00:00,26.5,45,667.0,9.9,0.0,57
2023-03-17 12:00:00,27.0,44,610.0,8.4,0.0,28
2023-03-17 13:00:00,28.1,39,765.0,4.8,0.0,64
2023-03-17 14:00:00,28.5,36,616.0,4.1,0.0,99
2023-03-17 15:00:00,24.6,57,391.0,16.7,1.6,99
2023-03-17 16:00:00,24.6,53,247.0,3.4,0.0,100
2023-03-17 17:00:00,23.6,55,127.0,16.0,0.0,100
2023-03-17 18:00:00,23.0,55,49.0,4.9,0.0,98
2023-03-17 19:00:00,21.6,64,0.0,5.1,0.0,86
2023-03-17 20:00:00,22.5,58,0.0,2.4,0.0,55
2023-03-17 21:00:00,22.1,59,0.0,1.3,0.0,100
2023-03-17 22:00:00,22.0,59,0.0,3.2,0.0,97
2023-03-17 23:00:00,21.9,59,0.0,3.5,0.0,100
2023-03-18 00:00:00,19.2,73,0.0,6.6,0.0,100
2023-03-18 01:00:00,18.7,79,0.0,6.2,0.0,100
2023-03-18 02:00:00,18.4,81,0.0,5.2,0.0,99
2023-03-18 03:00:00,18.6,78,0.0,6.4,0.0,100
2023-03-18 04:00:00,18.1,79,0.0,6.6,0.0,94
2023-03-18 05:00:00,17.9,84,0.0,7.7,0.0,21
2023-03-18 06:00:00,17.9,84,0.0,5.2,0.0,94
2023-03-18 07:00:00,18.7,80,33.0,7.7,0.0,16
2023-03-18 08:00:00,19.4,78,206.0,22.3,0.0,28
2023-03-18 09:00:00,19.7,75,297.0,18.4,0.0,9
2023-03-18 10:00:00,22.3,66,608.0,14.2,0.0,8
2023-03-18 11:00:00,24.1,58,716.0,10.5,0.0,18
2023-03-18 12:00:00,25.2,53,781.0,6.8,0.0,23
2023-03-18 13:00:00,26.0,49,776.0,5.8,0.0,38
2023-03-18 14:00:00,26.8,45,708.0,6.0,0.0,47
2023-03-18 15:00:00,26.8,42,511.0,1.1,0.0,100
2023-03-18 16:00:00,25.9,42,264.0,1.8,0.0,73
2023-03-18 17:00:00,19.7,89,169.0,6.9,0.3,59
2023-03-18 18:00:00,19.4,90,43.0,11.3,0.0,100
2023-03-18 19:00:00,18.3,93,0.0,8.4,0.0,65
2023-03-18 20:00:00,17.9,92,0.0,7.1,0.0,8
2023-03-18 21:00:00,17.5,94,0.0,7.1,0.0,6
2023-03-18 22:00:00,17.3,94,0.0,8.4,0.0,16
2023-03-18 23:00:00,16.7,95,0.0,5.4,0.0,71
2023-03-19 00:00:00,16.7,95,0.0,6.0,0.0,97
2023-03-19 01:00:00,16.5,96,0.0,5.6,0.0,100
2023-03-19 02:00:00,16.0,96,0.0,5.6,0.0,100
2023-03-19 03:00:00,15.6,97,0.0,6.4,0.0,100
2023-03-19 04:00:00,15.2,97,0.0,7.5,0.0,100
2023-03-19 05:00:00,17.1,94,0.0,12.0,0.0,100
2023-03-19 06:00:00,17.1,93,0.0,3.8,0.1,90
2023-03-19 07:00:00,17.6,92,44.0,10.2,0.0,62
2023-03-19 08:00:00,18.7,87,155.0,5.9,0.0,92
2023-03-19 09:00:00,20.0,81,283.0,10.4,0.0,93
2023-03-19 10:00:00,21.7,75,441.0,5.4,0.0,96
2023-03-19 11:00:00,23.1,69,620.0,7.8,0.0,37
2023-03-19 12:00:00,24.0,66,754.0,6.2,0.1,53
2023-03-19 13:00:00,24.7,64,722.0,6.1,0.2,39
2023-03-19 14:00:00,25.0,62,676.0,6.6,0.2,40
2023-03-19 15:00:00,25.2,60,561.0,8.0,0.1,8
2023-03-19 16:00:00,25.0,58,410.0,10.6,0.0,86
2023-03-19 17:00:00,22.8,68,165.0,5.9,0.0,100
2023-03-19 18:00:00,20.9,81,41.0,5.2,0.0,100
2023-03-19 19:00:00,20.0,84,0.0,4.8,0.0,100
2023-03-19 20:00:00,19.4,87,0.0,5.6,0.0,100
2023-03-19 21:00:00,18.7,90,0.0,5.2,0.0,100
2023-03-19 22:00:00,18.1,93,0.0,4.0,0.0,100
2023-03-19 23:00:00,17.6,95,0.0,4.7,0.0,100
2023-03-20 00:00:00,17.1,96,0.0,4.7,0.0,100
2023-03-20 01:00:00,17.1,97,0.0,4.4,0.0,100
2023-03-20 02:00:00,16.8,96,0.0,4.1,0.0,100
2023-03-20 03:00:00,16.2,98,0.0,5.3,0.0,100
2023-03-20 04:00:00,16.3,98,0.0,3.6,0.0,100
2023-03-20 05:00:00,16.6,97,0.0,6.1,0.0,100
2023-03-20 06:00:00,17.1,95,0.0,16.8,0.3,100
2023-03-20 07:00:00,17.0,94,26.0,6.1,1.5,100
2023-03-20 08:00:00,17.8,89,93.0,5.1,0.0,100
2023-03-20 09:00:00,19.6,81,258.0,10.2,0.0,100
2023-03-20 10:00:00,21.1,76,448.0,7.2,0.0,100
2023-03-20 11:00:00,22.2,70,532.0,8.1,0.2,100
2023-03-20 12:00:00,22.8,66,583.0,7.8,0.4,100
2023-03-20 13:00:00,23.0,66,494.0,5.2,0.3,100
2023-03-20 14:00:00,22.9,68,518.0,3.0,0.4,97
2023-03-20 15:00:00,23.7,63,489.0,2.1,0.1,100
2023-03-20 16:00:00,19.4,84,324.0,17.5,9.6,99
2023-03-20 17:00:00,19.2,86,67.0,2.9,2.5,100
2023-03-20 18:00:00,18.4,90,12.0,4.9,3.3,100
2023-03-20 19:00:00,17.7,92,0.0,8.5,2.1,100
2023-03-20 20:00:00,17.2,96,0.0,8.2,3.3,100
2023-03-20 21:00:00,17.3,95,0.0,7.4,0.1,100
2023-03-20 22:00:00,16.9,96,0.0,11.4,0.1,100
2023-03-20 23:00:00,16.1,97,0.0,12.4,0.1,100
2023-03-21 00:00:00,15.8,97,0.0,5.1,0.0,68
2023-03-21 01:00:00,15.3,98,0.0,5.1,0.0,87
2023-03-21 02:00:00,15.4,98,0.0,5.3,0.1,74
2023-03-21 03:00:00,15.2,98,0.0,4.7,0.0,9
2023-03-21 04:00:00,14.6,99,0.0,5.9,0.0,4
2023-03-21 05:00:00,16.0,99,0.0,9.4,0.0,47
2023-03-21 06:00:00,16.2,98,0.0,10.5,0.0,100
2023-03-21 07:00:00,16.4,94,39.0,10.8,0.4,100
2023-03-21 08:00:00,16.9,90,98.0,10.4,1.2,100
2023-03-21 09:00:00,16.7,92,147.0,6.2,0.7,100
2023-03-21 10:00:00,19.2,78,404.0,3.1,0.0,73
2023-03-21 11:00:00,20.6,72,546.0,6.4,0.2,39
2023-03-21 12:00:00,21.5,69,710.0,7.9,0.5,50
2023-03-21 13:00:00,22.2,69,790.0,7.9,0.1,36
2023-03-21 14:00:00,22.6,66,670.0,7.1,0.0,13
2023-03-21 15:00:00,22.9,60,604.0,6.3,0.0,12
2023-03-21 16:00:00,23.1,59,429.0,7.4,0.0,8
2023-03-21 17:00:00,22.3,62,231.0,8.3,0.0,23
2023-03-21 18:00:00,20.5,70,54.0,6.6,0.0,9
2023-03-21 19:00:00,19.0,76,0.0,7.5,0.0,13
2023-03-21 20:00:00,18.0,83,0.0,9.4,0.0,2
2023-03-21 21:00:00,16.9,90,0.0,6.6,0.0,0
2023-03-21 22:00:00,16.4,93,0.0,7.0,0.0,0
2023-03-21 23:00:00,15.5,95,0.0,5.8,0.0,0
2023-03-22 00:00:00,14.7,97,0.0,8.3,0.0,0
2023-03-22 01:00:00,14.6,97,0.0,7.9,0.0,5
2023-03-22 02:00:00,14.2,97,0.0,7.3,0.0,0
2023-03-22 03:00:00,14.5,96,0.0,6.2,0.0,0
2023-03-22 04:00:00,14.0,97,0.0,4.7,0.0,17
2023-03-22 05:00:00,14.2,100,0.0,6.4,0.0,100
2023-03-22 06:00:00,15.0,99,0.0,2.3,0.0,100
2023-03-22 07:00:00,15.7,97,53.0,1.3,0.0,100
2023-03-22 08:00:00,17.6,91,205.0,1.1,0.0,33
2023-03-22 09:00:00,20.3,76,427.0,1.9,0.0,10
2023-03-22 10:00:00,22.3,64,640.0,1.9,0.0,0
2023-03-22 11:00:00,23.9,55,775.0,1.8,0.0,0
2023-03-22 12:00:00,25.0,49,843.0,3.5,0.0,0
2023-03-22 13:00:00,25.7,47,842.0,5.5,0.0,20
2023-03-22 14:00:00,26.1,45,766.0,6.6,0.0,47
2023-03-22 15:00:00,26.3,43,629.0,7.7,0.0,33
2023-03-22 16:00:00,26.0,44,444.0,8.8,0.0,14
2023-03-22 17:00:00,23.6,56,232.0,6.6,0.0,30
2023-03-22 18:00:00,21.5,65,56.0,8.0,0.0,85
2023-03-22 19:00:00,20.1,71,0.0,9.6,0.0,98
2023-03-22 20:00:00,19.3,73,0.0,7.2,0.0,98
2023-03-22 21:00:00,18.9,74,0.0,8.0,0.0,86
2023-03-22 22:00:00,18.0,78,0.0,9.1,0.0,31
2023-03-22 23:00:00,17.8,79,0.0,10.1,0.0,96
2023-03-23 00:00:00,17.5,82,0.0,9.0,0.0,7
2023-03-23 01:00:00,16.8,87,0.0,7.6,0.0,30
2023-03-23 02:00:00,16.3,91,0.0,7.7,0.0,13
2023-03-23 03:00:00,15.9,92,0.0,7.4,0.0,11
2023-03-23 04:00:00,15.5,92,0.0,6.7,0.0,11
2023-03-23 05:00:00,15.7,95,0.0,6.5,0.0,0
2023-03-23 06:00:00,15.8,94,0.0,5.0,0.0,0
2023-03-23 07:00:00,17.7,86,67.0,8.6,0.0,0
2023-03-23 08:00:00,20.5,76,255.0,7.0,0.0,0
2023-03-23 09:00:00,23.1,66,468.0,7.7,0.0,0
2023-03-23 10:00:00,25.2,53,654.0,9.7,0.0,0
2023-03-23 11:00:00,26.6,43,788.0,11.8,0.0,0
2023-03-23 12:00:00,27.5,39,857.0,13.5,0.0,1
2023-03-23 13:00:00,27.9,37,835.0,14.7,0.0,11
2023-03-23 14:00:00,28.0,36,720.0,14.3,0.0,17
2023-03-23 15:00:00,27.9,36,605.0,14.2,0.0,17
2023-03-23 16:00:00,27.6,36,425.0,13.3,0.0,8
2023-03-23 17:00:00,26.2,51,229.0,4.6,0.0,7
2023-03-23 18:00:00,22.7,57,53.0,9.3,0.0,98
2023-03-23 19:00:00,21.5,58,0.0,9.7,0.0,100
2023-03-23 20:00:00,20.9,56,0.0,8.8,0.0,98
2023-03-23 21:00:00,19.9,62,0.0,9.5,0.0,100
2023-03-23 22:00:00,20.5,59,0.0,5.5,0.0,100
2023-03-23 23:00:00,18.3,71,0.0,6.2,0.0,98
2023-03-24 00:00:00,19.1,67,0.0,4.7,0.0,84
2023-03-24 01:00:00,19.5,65,0.0,1.9,0.0,62
2023-03-24 02:00:00,20.1,62,0.0,1.9,0.0,72
2023-03-24 03:00:00,19.8,62,0.0,4.1,0.0,47
2023-03-24 04:00:00,19.4,64,0.0,4.4,0.0,16
2023-03-24 05:00:00,17.3,81,0.0,6.5,0.0,10
2023-03-24 06:00:00,17.8,78,0.0,7.6,0.0,13
2023-03-24 07:00:00,19.2,74,69.0,8.9,0.0,84
2023-03-24 08:00:00,21.2,70,202.0,2.5,0.0,95
2023-03-24 09:00:00,20.2,77,345.0,23.1,1.6,99
2023-03-24 10:00:00,19.5,82,93.0,12.1,0.0,99
2023-03-24 11:00:00,22.3,70,384.0,11.7,0.0,53
2023-03-24 12:00:00,24.5,61,659.0,13.7,0.0,40
2023-03-24 13:00:00,25.9,54,681.0,10.7,0.0,30
2023-03-24 14:00:00,27.0,50,660.0,8.9,0.0,26
2023-03-24 15:00:00,27.5,48,560.0,8.7,0.0,87
2023-03-24 16:00:00,27.2,48,325.0,6.6,0.0,48
2023-03-24 17:00:00,25.2,56,210.0,12.3,0.0,55
2023-03-24 18:00:00,23.6,62,51.0,9.4,0.0,96
2023-03-24 19:00:00,22.8,64,0.0,10.5,0.0,71
2023-03-24 20:00:00,22.3,65,0.0,14.8,0.0,98
2023-03-24 21:00:00,19.4,92,0.0,20.4,10.4,100
2023-03-24 22:00:00,19.1,93,0.0,3.3,1.0,68
2023-03-24 23:00:00,18.5,97,0.0,8.4,2.8,49
2023-03-25 00:00:00,17.9,98,0.0,11.2,0.0,50
2023-03-25 01:00:00,17.9,94,0.0,5.4,0.0,38
2023-03-25 02:00:00,17.9,94,0.0,8.3,0.0,49
2023-03-25 03:00:00,17.4,97,0.0,14.6,0.5,87
2023-03-25 04:00:00,17.4,96,0.0,18.4,0.0,21
2023-03-25 05:00:00,17.6,93,0.0,19.8,0.0,11
2023-03-25 06:00:00,17.6,94,0.0,18.4,0.0,4
2023-03-25 07:00:00,18.4,90,71.0,17.2,0.0,8
2023-03-25 08:00:00,19.8,86,229.0,10.8,0.0,27
2023-03-25 09:00:00,21.8,78,428.0,12.2,0.1,5
2023-03-25 10:00:00,23.8,68,628.0,13.3,0.0,14
2023-03-25 11:00:00,25.1,62,744.0,11.2,0.1,37
2023-03-25 12:00:00,25.8,61,798.0,8.2,0.1,20
2023-03-25 13:00:00,26.2,60,802.0,5.4,0.1,20
2023-03-25 14:00:00,26.3,59,714.0,4.3,0.1,23
2023-03-25 15:00:00,26.0,57,539.0,2.8,0.0,28
2023-03-25 16:00:00,25.7,55,371.0,1.6,0.0,17
2023-03-25 17:00:00,24.1,61,189.0,6.9,0.1,50
2023-03-25 18:00:00,23.4,64,55.0,3.3,0.0,17
2023-03-25 19:00:00,20.4,81,0.0,6.4,0.0,6
2023-03-25 20:00:00,20.0,80,0.0,8.9,0.0,7
2023-03-25 21:00:00,20.1,79,0.0,7.3,0.0,6
2023-03-25 22:00:00,19.2,81,0.0,7.0,0.0,22
2023-03-25 23:00:00,18.9,81,0.0,7.2,0.0,2
2023-03-26 00:00:00,18.5,80,0.0,7.3,0.0,2
2023-03-26 01:00:00,18.5,79,0.0,9.0,0.0,1
2023-03-26 02:00:00,17.8,83,0.0,9.2,0.0,0
2023-03-26 03:00:00,17.1,89,0.0,8.2,0.0,0
2023-03-26 04:00:00,16.5,90,0.0,7.3,0.0,0
2023-03-26 05:00:00,17.0,91,0.0,7.9,0.0,0
2023-03-26 06:00:00,17.3,88,1.0,6.5,0.0,0
2023-03-26 07:00:00,18.7,82,75.0,9.7,0.0,0
2023-03-26 08:00:00,20.6,74,265.0,7.7,0.0,0
2023-03-26 09:00:00,23.0,65,477.0,8.6,0.0,0
2023-03-26 10:00:00,25.2,54,662.0,10.2,0.0,0
2023-03-26 11:00:00,26.9,39,796.0,11.0,0.0,0
2023-03-26 12:00:00,27.6,36,865.0,10.2,0.0,7
2023-03-26 13:00:00,27.6,34,751.0,13.0,0.0,27
2023-03-26 14:00:00,27.4,35,688.0,13.3,0.0,20
2023-03-26 15:00:00,27.2,35,575.0,14.0,0.0,28
2023-03-26 16:00:00,26.7,37,417.0,13.4,0.0,13
2023-03-26 17:00:00,25.3,46,222.0,9.5,0.0,4
2023-03-26 18:00:00,23.1,52,60.0,10.2,0.0,5
2023-03-26 19:00:00,22.1,53,0.0,11.6,0.0,3
2023-03-26 20:00:00,21.2,55,0.0,11.1,0.0,3
2023-03-26 21:00:00,20.4,56,0.0,9.7,0.0,1
2023-03-26 22:00:00,18.8,62,0.0,7.6,0.0,0
2023-03-26 23:00:00,18.2,63,0.0,7.6,0.0,0
2023-03-27 00:00:00,17.2,68,0.0,7.3,0.0,0
2023-03-27 01:00:00,16.3,74,0.0,7.5,0.0,0
2023-03-27 02:00:00,16.1,73,0.0,5.6,0.0,0
2023-03-27 03:00:00,15.8,75,0.0,7.9,0.0,0
2023-03-27 04:00:00,15.5,77,0.0,9.0,0.0,0
2023-03-27 05:00:00,15.9,82,0.0,9.2,0.0,0
2023-03-27 06:00:00,16.2,82,1.0,9.8,0.0,0
2023-03-27 07:00:00,17.5,80,78.0,10.8,0.0,0
2023-03-27 08:00:00,19.8,74,271.0,9.8,0.0,0
2023-03-27 09:00:00,22.2,66,484.0,10.3,0.0,0
2023-03-27 10:00:00,24.2,56,669.0,12.4,0.0,0
2023-03-27 11:00:00,25.5,48,803.0,14.1,0.0,0
2023-03-27 12:00:00,26.2,44,871.0,14.8,0.0,0
2023-03-27 13:00:00,26.6,42,868.0,16.3,0.0,0
2023-03-27 14:00:00,26.8,40,758.0,17.5,0.0,0
2023-03-27 15:00:00,26.6,38,647.0,18.3,0.0,0
2023-03-27 16:00:00,26.3,38,458.0,16.8,0.0,0
2023-03-27 17:00:00,25.1,47,249.0,9.3,0.0,0
2023-03-27 18:00:00,22.0,59,63.0,6.6,0.0,0
2023-03-27 19:00:00,20.8,61,0.0,8.5,0.0,3
2023-03-27 20:00:00,20.4,59,0.0,9.7,0.0,2
2023-03-27 21:00:00,19.4,62,0.0,7.8,0.0,1
2023-03-27 22:00:00,18.7,66,0.0,7.8,0.0,1
2023-03-27 23:00:00,18.4,67,0.0,7.8,0.0,0
2023-03-28 00:00:00,17.9,70,0.0,7.9,0.0,84
2023-03-28 01:00:00,17.2,74,0.0,7.2,0.0,8
2023-03-28 02:00:00,16.1,80,0.0,7.7,0.0,85
2023-03-28 03:00:00,15.5,83,0.0,6.9,0.0,100
2023-03-28 04:00:00,15.2,84,0.0,6.2,0.0,94
2023-03-28 05:00:00,15.9,84,0.0,4.8,0.0,82
2023-03-28 06:00:00,16.3,82,1.0,5.9,0.0,42
2023-03-28 07:00:00,18.3,77,81.0,9.1,0.0,90
2023-03-28 08:00:00,21.3,70,273.0,6.9,0.0,9
2023-03-28 09:00:00,23.9,59,482.0,7.6,0.0,37
2023-03-28 10:00:00,25.6,50,660.0,9.7,0.0,41
2023-03-28 11:00:00,26.8,45,785.0,12.5,0.0,78
2023-03-28 12:00:00,27.7,41,841.0,15.4,0.0,100
2023-03-28 13:00:00,28.1,38,788.0,17.4,0.0,50
2023-03-28 14:00:00,28.1,38,699.0,16.4,0.0,17
2023-03-28 15:00:00,28.2,37,601.0,14.8,0.0,3
2023-03-28 16:00:00,28.0,37,440.0,11.0,0.0,4
2023-03-28 17:00:00,26.9,48,242.0,5.9,0.0,11
2023-03-28 18:00:00,23.6,59,60.0,9.9,0.0,4
2023-03-28 19:00:00,21.9,61,0.0,10.5,0.0,12
2023-03-28 20:00:00,20.9,62,0.0,10.1,0.0,4
2023-03-28 21:00:00,20.2,61,0.0,9.0,0.0,2
2023-03-28 22:00:00,20.2,58,0.0,8.8,0.0,4
2023-03-28 23:00:00,19.1,62,0.0,8.0,0.0,6
2023-03-29 00:00:00,18.0,69,0.0,10.6,0.0,2
2023-03-29 01:00:00,17.2,72,0.0,10.5,0.0,6
2023-03-29 02:00:00,16.9,74,0.0,10.6,0.0,64
2023-03-29 03:00:00,16.7,76,0.0,10.3,0.0,65
2023-03-29 04:00:00,18.3,67,0.0,6.7,0.0,97
2023-03-29 05:00:00,17.1,78,0.0,9.2,0.0,17
2023-03-29 06:00:00,17.4,80,1.0,7.6,0.0,100
2023-03-29 07:00:00,19.6,73,78.0,6.2,0.0,97
2023-03-29 08:00:00,22.4,68,247.0,4.7,0.0,98
2023-03-29 09:00:00,25.5,57,458.0,5.1,0.0,76
2023-03-29 10:00:00,27.8,45,626.0,5.0,0.0,59
2023-03-29 11:00:00,29.2,41,763.0,4.8,0.0,13
2023-03-29 12:00:00,30.1,38,847.0,5.6,0.0,42
2023-03-29 13:00:00,30.7,36,839.0,7.2,0.0,56
2023-03-29 14:00:00,30.8,33,718.0,9.7,0.0,100
2023-03-29 15:00:00,27.1,41,219.0,11.8,0.2,78
2023-03-29 16:00:00,27.3,40,252.0,9.3,0.0,56
2023-03-29 17:00:00,27.5,43,168.0,10.8,0.0,33
2023-03-29 18:00:00,25.2,44,60.0,7.3,0.0,26
2023-03-29 19:00:00,24.3,44,0.0,7.5,0.0,9
2023-03-29 20:00:00,22.3,52,0.0,10.2,0.0,0
2023-03-29 21:00:00,22.7,50,0.0,7.6,0.0,0
2023-03-29 22:00:00,25.8,37,0.0,4.7,0.0,0
2023-03-29 23:00:00,20.0,61,0.0,11.2,0.0,0
2023-03-30 00:00:00,18.8,69,0.0,11.3,0.0,0
2023-03-30 01:00:00,18.9,67,0.0,8.0,0.0,0
2023-03-30 02:00:00,18.9,65,0.0,8.9,0.0,0
2023-03-30 03:00:00,18.2,67,0.0,7.9,0.0,0
2023-03-30 04:00:00,17.5,71,0.0,8.7,0.0,0
2023-03-30 05:00:00,17.9,80,0.0,6.0,0.0,7
2023-03-30 06:00:00,18.2,80,2.0,7.8,0.0,84
2023-03-30 07:00:00,19.8,74,80.0,10.2,0.0,12
2023-03-30 08:00:00,22.4,70,266.0,9.4,0.0,0
2023-03-30 09:00:00,25.1,61,483.0,6.8,0.0,0
2023-03-30 10:00:00,27.4,53,664.0,4.9,0.0,0
2023-03-30 11:00:00,29.0,44,796.0,5.9,0.0,0
2023-03-30 12:00:00,30.2,39,863.0,6.6,0.0,21
2023-03-30 13:00:00,30.8,36,847.0,7.2,0.0,94
2023-03-30 14:00:00,29.0,36,610.0,15.6,0.4,86
2023-03-30 15:00:00,22.6,66,256.0,20.1,0.0,100
2023-03-30 16:00:00,23.3,64,190.0,4.5,0.1,100
2023-03-30 17:00:00,20.1,91,149.0,15.3,0.0,98
2023-03-30 18:00:00,20.2,92,4.0,10.5,2.5,100
2023-03-30 19:00:00,19.8,88,0.0,12.5,1.2,100
2023-03-30 20:00:00,19.2,90,0.0,12.7,0.4,100
2023-03-30 21:00:00,19.0,90,0.0,8.8,0.9,100
2023-03-30 22:00:00,18.4,93,0.0,13.1,0.2,100
2023-03-30 23:00:00,18.2,92,0.0,7.2,0.0,100
2023-03-31 00:00:00,18.5,92,0.0,3.3,0.4,100
2023-03-31 01:00:00,18.3,93,0.0,7.4,1.2,100
2023-03-31 02:00:00,18.0,94,0.0,9.2,0.9,100
2023-03-31 03:00:00,17.8,94,0.0,10.9,0.9,100
2023-03-31 04:00:00,17.8,95,0.0,10.7,0.5,100
2023-03-31 05:00:00,18.1,94,0.0,1.6,0.0,100
2023-03-31 06:00:00,17.5,97,2.0,4.1,0.0,53
2023-03-31 07:00:00,18.7,89,64.0,2.3,0.0,31
2023-03-31 08:00:00,19.9,80,230.0,1.6,0.0,18
2023-03-31 09:00:00,21.4,70,439.0,2.5,0.1,57
2023-03-31 10:00:00,22.3,65,540.0,3.2,0.1,85
2023-03-31 11:00:00,23.0,64,601.0,1.8,0.0,97
2023-03-31 12:00:00,23.5,62,664.0,2.1,0.0,100
2023-03-31 13:00:00,24.2,59,699.0,3.8,0.1,100
2023-03-31 14:00:00,21.6,70,538.0,6.1,3.7,88
2023-03-31 15:00:00,22.1,65,422.0,8.2,0.0,75
2023-03-31 16:00:00,22.3,67,322.0,6.6,0.0,79
2023-03-31 17:00:00,18.6,83,201.0,17.4,0.0,92
2023-03-31 18:00:00,18.8,90,24.0,11.4,1.2,100
2023-03-31 19:00:00,18.4,88,0.0,8.4,0.3,99
2023-03-31 20:00:00,17.8,92,0.0,6.0,0.0,100
2023-03-31 21:00:00,17.8,91,0.0,3.3,0.0,100
2023-03-31 22:00:00,17.0,95,0.0,3.9,0.0,72
2023-03-31 23:00:00,17.2,93,0.0,3.6,0.0,26
2023-04-01 00:00:00,16.6,97,0.0,7.6,0.0,20
2023-04-01 01:00:00,16.0,98,0.0,5.9,0.0,14
2023-04-01 02:00:00,15.5,99,0.0,6.4,0.0,11
2023-04-01 03:00:00,15.2,99,0.0,5.9,0.0,4
2023-04-01 04:00:00,15.1,98,0.0,5.9,0.0,3
2023-04-01 05:00:00,16.5,96,0.0,1.6,0.0,1
2023-04-01 06:00:00,16.7,95,2.0,2.3,0.0,7
2023-04-01 07:00:00,17.4,94,87.0,4.4,0.0,9
2023-04-01 08:00:00,19.3,86,277.0,5.8,0.0,6
2023-04-01 09:00:00,21.2,77,485.0,6.2,0.0,7
2023-04-01 10:00:00,22.6,70,663.0,3.4,0.1,8
2023-04-01 11:00:00,23.9,65,775.0,2.1,0.1,14
2023-04-01 12:00:00,24.7,61,811.0,2.1,0.1,25
2023-04-01 13:00:00,25.3,57,815.0,1.8,0.1,100
2023-04-01 14:00:00,25.7,52,722.0,6.4,0.1,100
2023-04-01 15:00:00,25.7,50,451.0,8.8,0.0,100
2023-04-01 16:00:00,23.9,56,302.0,11.9,0.0,36
2023-04-01 17:00:00,24.1,58,194.0,5.4,0.0,35
2023-04-01 18:00:00,23.2,62,57.0,2.4,0.0,39
2023-04-01 19:00:00,20.3,80,0.0,12.6,0.4,22
2023-04-01 20:00:00,18.7,88,0.0,5.1,0.0,43
2023-04-01 21:00:00,18.6,90,0.0,5.1,0.0,16
2023-04-01 22:00:00,19.1,85,0.0,3.9,0.0,6
2023-04-01 23:00:00,17.6,92,0.0,7.3,0.0,1
2023-04-02 00:00:00,17.7,90,0.0,6.6,0.0,0
2023-04-02 01:00:00,18.7,87,0.0,3.9,0.0,1
2023-04-02 02:00:00,18.6,86,0.0,3.6,0.0,2
2023-04-02 03:00:00,18.3,89,0.0,4.0,0.0,8
2023-04-02 04:00:00,17.8,93,0.0,3.7,0.0,31
2023-04-02 05:00:00,15.9,98,0.0,7.6,0.0,43
2023-04-02 06:00:00,16.6,98,3.0,5.4,0.0,74
2023-04-02 07:00:00,18.7,90,93.0,3.4,0.0,76
2023-04-02 08:00:00,21.5,76,274.0,5.4,0.0,77
2023-04-02 09:00:00,23.9,66,486.0,9.6,0.0,6
2023-04-02 10:00:00,25.4,60,666.0,8.6,0.0,20
2023-04-02 11:00:00,26.7,55,800.0,10.2,0.0,19
2023-04-02 12:00:00,27.6,50,849.0,14.0,0.0,27
2023-04-02 13:00:00,28.2,45,836.0,15.6,0.0,31
2023-04-02 14:00:00,28.3,43,756.0,16.8,0.0,20
2023-04-02 15:00:00,28.3,42,619.0,15.4,0.0,28
2023-04-02 16:00:00,27.9,42,408.0,15.0,0.0,68
2023-04-02 17:00:00,26.7,49,181.0,6.7,0.0,76
2023-04-02 18:00:00,24.1,61,63.0,6.2,0.0,32
2023-04-02 19:00:00,22.8,62,0.0,8.0,0.0,9
2023-04-02 20:00:00,21.7,62,0.0,7.6,0.0,2
2023-04-02 21:00:00,20.7,66,0.0,7.3,0.0,1
2023-04-02 22:00:00,19.1,75,0.0,9.8,0.0,0
2023-04-02 23:00:00,18.4,78,0.0,9.5,0.0,0
2023-04-03 00:00:00,17.9,80,0.0,9.2,0.0,0
2023-04-03 01:00:00,19.9,69,0.0,3.3,0.0,0
2023-04-03 02:00:00,18.2,76,0.0,3.3,0.0,0
2023-04-03 03:00:00,16.6,84,0.0,5.8,0.0,0
2023-04-03 04:00:00,16.4,85,0.0,4.8,0.0,0
2023-04-03 05:00:00,17.4,86,0.0,7.4,0.0,0
2023-04-03 06:00:00,18.6,80,3.0,6.2,0.0,15
2023-04-03 07:00:00,20.3,74,90.0,7.1,0.0,0
2023-04-03 08:00:00,22.9,66,286.0,6.1,0.0,0
2023-04-03 09:00:00,25.7,54,498.0,7.2,0.0,0
2023-04-03 10:00:00,27.7,47,678.0,7.1,0.0,0
2023-04-03 11:00:00,29.0,44,810.0,5.1,0.0,0
2023-04-03 12:00:00,29.9,42,878.0,4.6,0.0,0
2023-04-03 13:00:00,30.8,36,872.0,5.1,0.0,21
2023-04-03 14:00:00,31.3,30,727.0,11.5,0.0,74
2023-04-03 15:00:00,30.5,30,481.0,13.3,0.0,5
2023-04-03 16:00:00,30.0,31,450.0,11.4,0.0,36
2023-04-03 17:00:00,26.9,51,230.0,14.8,0.0,28
2023-04-03 18:00:00,23.8,60,65.0,13.7,0.0,15
2023-04-03 19:00:00,22.7,61,0.0,11.5,0.0,6
2023-04-03 20:00:00,22.0,63,0.0,13.0,0.0,4
2023-04-03 21:00:00,21.2,67,0.0,8.9,0.0,3
2023-04-03 22:00:00,20.2,69,0.0,6.7,0.0,0
2023-04-03 23:00:00,19.4,71,0.0,9.1,0.0,0
2023-04-04 00:00:00,18.8,73,0.0,7.6,0.0,0
2023-04-04 01:00:00,18.4,74,0.0,6.4,0.0,0
2023-04-04 02:00:00,17.8,76,0.0,7.6,0.0,0
2023-04-04 03:00:00,17.2,78,0.0,2.9,0.0,7
2023-04-04 04:00:00,17.7,75,0.0,10.8,0.0,56
2023-04-04 05:00:00,17.9,79,0.0,14.1,0.0,36
2023-04-04 06:00:00,17.9,79,2.0,15.0,0.2,87
2023-04-04 07:00:00,18.7,75,71.0,13.6,0.0,95
2023-04-04 08:00:00,19.6,73,175.0,10.2,0.0,9
2023-04-04 09:00:00,21.9,67,478.0,6.4,0.0,0
2023-04-04 10:00:00,24.1,58,675.0,6.3,0.0,0
2023-04-04 11:00:00,25.6,53,808.0,6.6,0.0,0
2023-04-04 12:00:00,26.7,49,873.0,8.7,0.0,0
2023-04-04 13:00:00,27.4,47,868.0,10.7,0.0,0
2023-04-04 14:00:00,27.9,47,794.0,13.3,0.0,2
2023-04-04 15:00:00,28.0,45,654.0,14.1,0.0,6
2023-04-04 16:00:00,28.0,41,465.0,15.6,0.0,9
2023-04-04 17:00:00,27.6,42,251.0,10.3,0.0,10
2023-04-04 18:00:00,25.1,49,73.0,8.4,0.0,0
2023-04-04 19:00:00,23.5,52,1.0,10.1,0.0,0
2023-04-04 20:00:00,22.4,54,0.0,11.2,0.0,0
2023-04-04 21:00:00,21.9,53,0.0,10.2,0.0,0
2023-04-04 22:00:00,20.3,60,0.0,7.1,0.0,0
2023-04-04 23:00:00,19.8,63,0.0,8.9,0.0,0
2023-04-05 00:00:00,18.4,68,0.0,7.0,0.0,0
2023-04-05 01:00:00,17.6,72,0.0,7.7,0.0,0
2023-04-05 02:00:00,16.8,76,0.0,8.9,0.0,0
2023-04-05 03:00:00,16.4,78,0.0,8.1,0.0,0
2023-04-05 04:00:00,16.3,77,0.0,6.6,0.0,0
2023-04-05 05:00:00,16.8,85,0.0,7.6,0.0,0
2023-04-05 06:00:00,17.2,83,4.0,8.0,0.0,0
2023-04-05 07:00:00,19.1,77,105.0,9.0,0.0,0
2023-04-05 08:00:00,21.9,68,306.0,8.9,0.0,0
2023-04-05 09:00:00,24.5,57,519.0,11.0,0.0,0
2023-04-05 10:00:00,26.4,48,703.0,12.7,0.0,0
2023-04-05 11:00:00,27.9,40,834.0,13.5,0.0,0
2023-04-05 12:00:00,29.1,31,900.0,13.0,0.0,0
2023-04-05 13:00:00,29.8,27,895.0,13.9,0.0,0
2023-04-05 14:00:00,30.2,23,820.0,15.3,0.0,0
2023-04-05 15:00:00,30.1,22,677.0,15.0,0.0,1
2023-04-05 16:00:00,29.6,22,486.0,13.0,0.0,0
2023-04-05 17:00:00,28.5,29,269.0,9.6,0.0,1
2023-04-05 18:00:00,24.8,38,76.0,8.2,0.0,0
2023-04-05 19:00:00,23.8,34,1.0,10.1,0.0,0
2023-04-05 20:00:00,22.6,35,0.0,9.3,0.0,0
2023-04-05 21:00:00,21.7,38,0.0,9.2,0.0,0
2023-04-05 22:00:00,21.3,38,0.0,9.4,0.0,0
2023-04-05 23:00:00,20.5,42,0.0,10.9,0.0,0
2023-04-06 00:00:00,19.5,45,0.0,10.8,0.0,0
2023-04-06 01:00:00,19.2,46,0.0,9.8,0.0,0
2023-04-06 02:00:00,18.3,49,0.0,8.6,0.0,0
2023-04-06 03:00:00,17.3,54,0.0,9.4,0.0,0
2023-04-06 04:00:00,16.7,57,0.0,6.8,0.0,0
2023-04-06 05:00:00,18.4,60,0.0,11.8,0.0,0
2023-04-06 06:00:00,18.6,65,4.0,13.6,0.0,26
2023-04-06 07:00:00,20.0,67,95.0,15.6,0.0,30
2023-04-06 08:00:00,22.6,55,301.0,13.0,0.0,16
2023-04-06 09:00:00,24.3,47,447.0,13.7,0.0,55
2023-04-06 10:00:00,27.4,36,661.0,13.2,0.0,4
2023-04-06 11:00:00,29.2,30,831.0,12.7,0.0,0
2023-04-06 12:00:00,30.3,28,890.0,12.6,0.0,0
2023-04-06 13:00:00,31.0,26,884.0,13.6,0.0,2
2023-04-06 14:00:00,31.3,24,784.0,16.5,0.0,20
2023-04-06 15:00:00,31.1,22,607.0,16.4,0.0,11
2023-04-06 16:00:00,30.7,22,449.0,15.8,0.0,8
2023-04-06 17:00:00,29.6,25,255.0,9.2,0.0,2
2023-04-06 18:00:00,25.8,36,77.0,7.6,0.0,0
2023-04-06 19:00:00,23.7,41,1.0,8.9,0.0,0
2023-04-06 20:00:00,23.6,32,0.0,11.3,0.0,0
2023-04-06 21:00:00,21.8,35,0.0,9.7,0.0,0
2023-04-06 22:00:00,21.9,35,0.0,14.5,0.0,0
2023-04-06 23:00:00,21.5,36,0.0,11.9,0.0,0
2023-04-07 00:00:00,20.4,42,0.0,9.7,0.0,0
2023-04-07 01:00:00,18.9,49,0.0,7.6,0.0,0
2023-04-07 02:00:00,18.0,54,0.0,8.4,0.0,0
2023-04-07 03:00:00,18.1,55,0.0,9.2,0.0,0
2023-04-07 04:00:00,17.6,59,0.0,9.7,0.0,0
2023-04-07 05:00:00,17.4,65,0.0,8.0,0.0,0
2023-04-07 06:00:00,17.8,65,6.0,8.2,0.0,0
2023-04-07 07:00:00,19.9,59,115.0,10.5,0.0,0
2023-04-07 08:00:00,22.7,51,322.0,8.0,0.0,0
2023-04-07 09:00:00,25.4,45,542.0,9.6,0.0,0
2023-04-07 10:00:00,27.6,35,729.0,12.7,0.0,0
2023-04-07 11:00:00,29.3,25,861.0,14.5,0.0,0
2023-04-07 12:00:00,30.4,21,927.0,15.0,0.0,0
2023-04-07 13:00:00,31.1,19,918.0,15.0,0.0,0
2023-04-07 14:00:00,31.3,18,836.0,15.0,0.0,0
2023-04-07 15:00:00,31.1,18,690.0,15.4,0.0,0
2023-04-07 16:00:00,30.6,19,495.0,15.9,0.0,0
2023-04-07 17:00:00,29.7,22,275.0,14.1,0.0,0
2023-04-07 18:00:00,27.0,26,80.0,12.6,0.0,0
2023-04-07 19:00:00,25.5,27,1.0,13.4,0.0,0
2023-04-07 20:00:00,24.6,27,0.0,13.2,0.0,0
2023-04-07 21:00:00,23.7,28,0.0,13.0,0.0,0
2023-04-07 22:00:00,22.9,29,0.0,13.2,0.0,0
2023-04-07 23:00:00,22.2,31,0.0,13.2,0.0,0
2023-04-08 00:00:00,21.3,34,0.0,14.8,0.0,0
2023-04-08 01:00:00,19.8,41,0.0,8.2,0.0,0
2023-04-08 02:00:00,18.9,45,0.0,8.3,0.0,0
2023-04-08 03:00:00,18.5,45,0.0,8.1,0.0,0
2023-04-08 04:00:00,17.1,50,0.0,7.7,0.0,0
2023-04-08 05:00:00,17.1,54,0.0,7.2,0.0,0
2023-04-08 06:00:00,17.6,54,6.0,8.7,0.0,0
2023-04-08 07:00:00,20.0,50,119.0,10.9,0.0,0
2023-04-08 08:00:00,23.5,43,329.0,7.9,0.0,0
2023-04-08 09:00:00,26.7,34,550.0,9.5,0.0,0
2023-04-08 10:00:00,29.0,24,737.0,11.5,0.0,0
2023-04-08 11:00:00,30.2,21,867.0,10.3,0.0,0
2023-04-08 12:00:00,31.0,20,926.0,13.0,0.0,0
2023-04-08 13:00:00,31.4,19,915.0,14.8,0.0,0
2023-04-08 14:00:00,31.8,17,835.0,16.0,0.0,0
2023-04-08 15:00:00,31.7,16,691.0,16.2,0.0,0
2023-04-08 16:00:00,31.3,16,497.0,14.6,0.0,0
2023-04-08 17:00:00,30.4,20,276.0,12.3,0.0,0
2023-04-08 18:00:00,26.6,30,80.0,8.7,0.0,0
2023-04-08 19:00:00,24.2,32,1.0,11.9,0.0,0
2023-04-08 20:00:00,23.2,32,0.0,11.2,0.0,0
2023-04-08 21:00:00,22.0,35,0.0,9.7,0.0,0
2023-04-08 22:00:00,20.9,38,0.0,10.1,0.0,0
2023-04-08 23:00:00,21.4,35,0.0,9.4,0.0,0
2023-04-09 00:00:00,21.6,33,0.0,10.8,0.0,0
2023-04-09 01:00:00,20.3,38,0.0,8.7,0.0,0
2023-04-09 02:00:00,19.0,46,0.0,11.9,0.0,0
2023-04-09 03:00:00,20.4,42,0.0,6.6,0.0,0
2023-04-09 04:00:00,21.5,38,0.0,6.8,0.0,0
2023-04-09 05:00:00,19.7,48,0.0,6.4,0.0,0
2023-04-09 06:00:00,18.0,56,7.0,5.6,0.0,0
2023-04-09 07:00:00,20.5,52,117.0,5.3,0.0,0
2023-04-09 08:00:00,25.0,44,322.0,1.8,0.0,0
2023-04-09 09:00:00,28.5,33,538.0,2.3,0.0,0
2023-04-09 10:00:00,30.9,22,722.0,4.1,0.0,0
2023-04-09 11:00:00,32.4,16,852.0,11.3,0.0,0
2023-04-09 12:00:00,32.8,14,918.0,15.0,0.0,0
2023-04-09 13:00:00,33.1,15,911.0,15.3,0.0,0
2023-04-09 14:00:00,33.1,15,830.0,16.6,0.0,0
2023-04-09 15:00:00,32.9,15,683.0,16.5,0.0,0
2023-04-09 16:00:00,32.7,16,489.0,12.2,0.0,0
2023-04-09 17:00:00,31.6,17,272.0,9.2,0.0,0
2023-04-09 18:00:00,28.6,23,81.0,8.1,0.0,0
2023-04-09 19:00:00,28.3,19,1.0,8.7,0.0,0
2023-04-09 20:00:00,26.1,22,0.0,10.7,0.0,0
2023-04-09 21:00:00,25.6,26,0.0,10.8,0.0,0
2023-04-09 22:00:00,22.6,32,0.0,9.7,0.0,0
2023-04-09 23:00:00,23.3,29,0.0,12.6,0.0,0
2023-04-10 00:00:00,23.1,29,0.0,11.5,0.0,0
2023-04-10 01:00:00,20.8,35,0.0,8.2,0.0,0
2023-04-10 02:00:00,20.6,37,0.0,9.3,0.0,0
2023-04-10 03:00:00,22.5,31,0.0,2.9,0.0,2
2023-04-10 04:00:00,20.1,38,0.0,3.4,0.0,0
2023-04-10 05:00:00,20.2,39,0.0,1.5,0.0,3
2023-04-10 06:00:00,19.7,46,7.0,2.9,0.0,0
2023-04-10 07:00:00,21.9,42,119.0,4.7,0.0,4
2023-04-10 08:00:00,25.3,36,322.0,5.2,0.0,14
2023-04-10 09:00:00,28.5,30,535.0,5.0,0.0,60
2023-04-10 10:00:00,31.0,24,713.0,5.2,0.0,67
2023-04-10 11:00:00,32.5,19,841.0,11.2,0.0,59
2023-04-10 12:00:00,33.0,18,900.0,14.5,0.0,87
2023-04-10 13:00:00,33.3,18,899.0,15.3,0.0,100
2023-04-10 14:00:00,33.1,18,720.0,15.5,0.0,9
2023-04-10 15:00:00,33.3,17,666.0,14.8,0.0,0
2023-04-10 16:00:00,33.1,17,486.0,14.2,0.0,2
2023-04-10 17:00:00,32.1,20,271.0,8.5,0.0,2
2023-04-10 18:00:00,28.0,29,80.0,9.2,0.0,0
2023-04-10 19:00:00,27.3,25,1.0,9.8,0.0,0
2023-04-10 20:00:00,24.3,30,0.0,10.5,0.0,0
2023-04-10 21:00:00,24.3,29,0.0,7.9,0.0,0
2023-04-10 22:00:00,23.7,30,0.0,8.7,0.0,0
2023-04-10 23:00:00,23.3,32,0.0,8.9,0.0,32
2023-04-11 00:00:00,21.3,37,0.0,8.9,0.0,6
2023-04-11 01:00:00,20.7,38,0.0,9.2,0.0,13
2023-04-11 02:00:00,20.6,38,0.0,7.9,0.0,20
2023-04-11 03:00:00,20.7,37,0.0,8.5,0.0,91
2023-04-11 04:00:00,20.5,36,0.0,9.2,0.0,93
2023-04-11 05:00:00,19.4,45,0.0,7.6,0.0,93
2023-04-11 06:00:00,19.7,46,8.0,8.3,0.0,0
2023-04-11 07:00:00,22.0,43,121.0,11.5,0.0,1
2023-04-11 08:00:00,25.4,37,326.0,10.6,0.0,37
2023-04-11 09:00:00,29.0,29,529.0,13.0,0.0,14
2023-04-11 10:00:00,31.8,24,731.0,15.3,0.0,36
2023-04-11 11:00:00,33.4,19,849.0,18.6,0.0,7
2023-04-11 12:00:00,34.3,17,914.0,20.1,0.0,0
2023-04-11 13:00:00,34.9,18,901.0,20.0,0.0,0
2023-04-11 14:00:00,35.9,14,819.0,22.1,0.0,4
2023-04-11 15:00:00,35.7,13,676.0,25.1,0.0,0
2023-04-11 16:00:00,35.1,14,486.0,23.6,0.0,0
2023-04-11 17:00:00,33.9,17,270.0,17.3,0.0,12
2023-04-11 18:00:00,31.5,21,80.0,12.5,0.0,10
2023-04-11 19:00:00,29.6,22,1.0,11.6,0.0,25
2023-04-11 20:00:00,29.1,22,0.0,13.1,0.0,43
2023-04-11 21:00:00,28.4,22,0.0,12.0,0.0,69
2023-04-11 22:00:00,26.8,25,0.0,8.1,0.0,26
2023-04-11 23:00:00,24.7,29,0.0,7.9,0.0,46
2023-04-12 00:00:00,24.0,31,0.0,9.7,0.0,40
2023-04-12 01:00:00,23.7,32,0.0,15.3,0.0,76
2023-04-12 02:00:00,25.0,29,0.0,18.5,0.0,75
2023-04-12 03:00:00,25.6,28,0.0,19.5,0.0,83
2023-04-12 04:00:00,25.4,29,0.0,12.1,0.0,100
2023-04-12 05:00:00,23.1,40,0.0,13.0,0.0,100
2023-04-12 06:00:00,24.5,38,8.0,16.7,0.0,37
2023-04-12 07:00:00,26.0,37,101.0,14.6,0.0,70
2023-04-12 08:00:00,29.1,31,290.0,10.2,0.0,94
2023-04-12 09:00:00,31.7,26,409.0,21.1,0.0,37
2023-04-12 10:00:00,34.5,19,668.0,23.1,0.0,73
2023-04-12 11:00:00,35.5,18,802.0,24.6,0.0,7
2023-04-12 12:00:00,36.2,17,880.0,22.0,0.0,60
2023-04-12 13:00:00,36.3,16,809.0,19.0,0.0,15
2023-04-12 14:00:00,36.4,16,780.0,20.8,0.0,48
2023-04-12 15:00:00,35.7,16,572.0,21.4,0.0,53
2023-04-12 16:00:00,34.7,18,425.0,22.0,0.0,67
2023-04-12 17:00:00,33.6,20,244.0,13.2,0.0,17
2023-04-12 18:00:00,30.9,27,79.0,11.5,0.0,2
2023-04-12 19:00:00,29.1,28,1.0,13.8,0.0,2
2023-04-12 20:00:00,28.3,29,0.0,12.6,0.0,3
2023-04-12 21:00:00,27.4,29,0.0,9.4,0.0,1
2023-04-12 22:00:00,24.9,35,0.0,9.0,0.0,0
2023-04-12 23:00:00,25.2,34,0.0,9.5,0.0,0
2023-04-13 00:00:00,24.4,35,0.0,9.3,0.0,40
2023-04-13 01:00:00,23.3,38,0.0,8.7,0.0,99
2023-04-13 02:00:00,22.4,43,0.0,9.8,0.0,100
2023-04-13 03:00:00,22.4,42,0.0,10.0,0.0,100
2023-04-13 04:00:00,22.2,40,0.0,9.4,0.0,100
2023-04-13 05:00:00,22.2,46,0.0,8.1,0.0,100
2023-04-13 06:00:00,22.4,47,9.0,8.5,0.0,100
2023-04-13 07:00:00,24.8,43,125.0,8.4,0.0,60
2023-04-13 08:00:00,28.3,37,325.0,6.8,0.0,26
2023-04-13 09:00:00,31.4,31,538.0,8.4,0.0,0
2023-04-13 10:00:00,34.1,24,720.0,11.9,0.0,0
2023-04-13 11:00:00,35.5,19,849.0,16.8,0.0,0
2023-04-13 12:00:00,36.4,16,912.0,17.7,0.0,0
2023-04-13 13:00:00,37.2,13,905.0,19.0,0.0,1
2023-04-13 14:00:00,37.2,13,826.0,19.6,0.0,2
2023-04-13 15:00:00,37.0,12,681.0,18.8,0.0,2
2023-04-13 16:00:00,36.4,12,490.0,17.3,0.0,2
2023-04-13 17:00:00,35.4,16,275.0,15.9,0.0,0
2023-04-13 18:00:00,32.9,19,83.0,13.4,0.0,0
2023-04-13 19:00:00,30.9,20,2.0,12.8,0.0,0
2023-04-13 20:00:00,28.8,22,0.0,8.1,0.0,2
2023-04-13 21:00:00,27.7,25,0.0,8.9,0.0,24
2023-04-13 22:00:00,27.6,24,0.0,10.5,0.0,68
2023-04-13 23:00:00,27.1,25,0.0,12.8,0.0,70
2023-04-14 00:00:00,25.3,30,0.0,8.2,0.0,59
2023-04-14 01:00:00,23.0,37,0.0,8.6,0.0,0
2023-04-14 02:00:00,23.9,34,0.0,9.4,0.0,0
2023-04-14 03:00:00,23.2,35,0.0,9.4,0.0,52
2023-04-14 04:00:00,21.9,39,0.0,7.4,0.0,76
2023-04-14 05:00:00,21.8,44,0.0,7.5,0.0,21
2023-04-14 06:00:00,23.0,43,10.0,5.4,0.0,100
2023-04-14 07:00:00,25.7,41,126.0,6.4,0.0,10
2023-04-14 08:00:00,29.6,34,330.0,4.7,0.0,67
2023-04-14 09:00:00,32.6,28,541.0,7.1,0.0,82
2023-04-14 10:00:00,34.8,22,716.0,10.4,0.0,88
2023-04-14 11:00:00,36.2,17,843.0,12.2,0.0,80
2023-04-14 12:00:00,37.0,15,910.0,13.5,0.0,95
2023-04-14 13:00:00,37.3,14,893.0,15.9,0.0,97
2023-04-14 14:00:00,37.3,13,802.0,17.2,0.0,75
2023-04-14 15:00:00,37.0,13,655.0,16.6,0.0,12
2023-04-14 16:00:00,36.5,13,490.0,15.6,0.0,47
2023-04-14 17:00:00,35.7,16,276.0,9.4,0.0,100
2023-04-14 18:00:00,32.3,22,77.0,7.6,0.0,100
2023-04-14 19:00:00,30.2,24,2.0,11.0,0.0,22
2023-04-14 20:00:00,28.1,27,0.0,10.2,0.0,1
2023-04-14 21:00:00,26.6,29,0.0,8.0,0.0,4
2023-04-14 22:00:00,26.0,29,0.0,7.9,0.0,2
2023-04-14 23:00:00,24.5,31,0.0,9.4,0.0,0
2023-04-15 00:00:00,25.4,28,0.0,8.0,0.0,0
2023-04-15 01:00:00,24.7,30,0.0,9.0,0.0,0
2023-04-15 02:00:00,24.8,32,0.0,8.2,0.0,0
2023-04-15 03:00:00,23.4,33,0.0,6.3,0.0,0
2023-04-15 04:00:00,23.7,31,0.0,9.9,0.0,0
2023-04-15 05:00:00,22.0,41,0.0,7.2,0.0,0
2023-04-15 06:00:00,22.4,43,11.0,7.8,0.0,0
2023-04-15 07:00:00,25.4,39,131.0,8.8,0.0,0
2023-04-15 08:00:00,30.1,32,333.0,6.3,0.0,0
2023-04-15 09:00:00,34.6,22,544.0,5.5,0.0,0
2023-04-15 10:00:00,37.4,15,725.0,7.9,0.0,3
2023-04-15 11:00:00,38.7,11,851.0,9.4,0.0,1
2023-04-15 12:00:00,39.1,10,906.0,12.5,0.0,6
2023-04-15 13:00:00,39.1,9,882.0,14.5,0.0,5
2023-04-15 14:00:00,39.0,10,817.0,13.0,0.0,1
2023-04-15 15:00:00,38.9,10,682.0,8.4,0.0,1
2023-04-15 16:00:00,38.3,11,493.0,7.2,0.0,0
2023-04-15 17:00:00,36.9,17,279.0,3.6,0.0,0
2023-04-15 18:00:00,32.1,23,85.0,9.3,0.0,2
2023-04-15 19:00:00,29.5,24,2.0,9.8,0.0,2
2023-04-15 20:00:00,29.1,23,0.0,8.8,0.0,5
2023-04-15 21:00:00,28.7,21,0.0,6.2,0.0,0
2023-04-15 22:00:00,34.1,13,0.0,2.9,0.0,0
2023-04-15 23:00:00,26.0,26,0.0,7.5,0.0,5
2023-04-16 00:00:00,25.5,28,0.0,7.9,0.0,88
2023-04-16 01:00:00,25.6,27,0.0,7.8,0.0,69
2023-04-16 02:00:00,25.1,27,0.0,10.5,0.0,3
2023-04-16 03:00:00,27.5,22,0.0,1.8,0.0,0
2023-04-16 04:00:00,22.7,31,0.0,8.0,0.0,0
2023-04-16 05:00:00,23.2,42,0.0,5.1,0.0,0
2023-04-16 06:00:00,24.9,45,12.0,2.6,0.0,0
2023-04-16 07:00:00,27.3,39,132.0,6.3,0.0,0
2023-04-16 08:00:00,30.5,32,333.0,6.2,0.0,0
2023-04-16 09:00:00,32.8,29,540.0,14.4,0.0,0
2023-04-16 10:00:00,35.3,23,713.0,17.3,0.0,0
2023-04-16 11:00:00,37.4,20,835.0,18.3,0.0,6
2023-04-16 12:00:00,38.6,16,893.0,16.6,0.0,50
2023-04-16 13:00:00,38.8,14,780.0,14.0,0.0,40
2023-04-16 14:00:00,39.2,13,777.0,14.3,0.0,91
2023-04-16 15:00:00,38.9,14,639.0,14.8,0.0,28
2023-04-16 16:00:00,38.3,14,472.0,14.2,0.0,4
2023-04-16 17:00:00,37.2,16,265.0,13.4,0.0,6
2023-04-16 18:00:00,34.2,20,81.0,11.3,0.0,26
2023-04-16 19:00:00,32.1,20,2.0,8.5,0.0,11
2023-04-16 20:00:00,29.9,25,0.0,8.0,0.0,10
2023-04-16 21:00:00,29.2,26,0.0,7.4,0.0,6
2023-04-16 22:00:00,28.9,26,0.0,9.0,0.0,4
2023-04-16 23:00:00,27.9,29,0.0,7.9,0.0,3
2023-04-17 00:00:00,27.0,33,0.0,9.8,0.0,0
2023-04-17 01:00:00,26.0,37,0.0,7.4,0.0,0
2023-04-17 02:00:00,24.4,43,0.0,10.0,0.0,0
2023-04-17 03:00:00,28.4,31,0.0,5.6,0.0,12
2023-04-17 04:00:00,29.3,28,0.0,5.7,0.0,23
2023-04-17 05:00:00,25.4,41,0.0,8.8,0.0,16
2023-04-17 06:00:00,25.1,42,12.0,7.6,0.0,19
2023-04-17 07:00:00,27.3,39,130.0,10.1,0.0,2
2023-04-17 08:00:00,30.2,35,327.0,7.6,0.0,1
2023-04-17 09:00:00,33.6,28,536.0,8.9,0.0,0
2023-04-17 10:00:00,36.4,23,713.0,11.8,0.0,0
2023-04-17 11:00:00,38.2,18,833.0,12.7,0.0,18
2023-04-17 12:00:00,38.7,15,809.0,13.2,0.0,11
2023-04-17 13:00:00,39.1,14,808.0,14.2,0.0,10
2023-04-17 14:00:00,38.9,14,719.0,15.3,0.0,8
2023-04-17 15:00:00,38.6,14,644.0,13.3,0.0,2
2023-04-17 16:00:00,38.2,14,483.0,10.8,0.0,3
2023-04-17 17:00:00,37.2,15,265.0,11.2,0.0,9
2023-04-17 18:00:00,35.1,17,84.0,9.9,0.0,0
2023-04-17 19:00:00,31.7,21,2.0,9.5,0.0,2
2023-04-17 20:00:00,35.0,16,0.0,4.2,0.0,1
2023-04-17 21:00:00,35.1,15,0.0,6.8,0.0,0
2023-04-17 22:00:00,34.3,16,0.0,4.4,0.0,0
2023-04-17 23:00:00,28.0,24,0.0,7.2,0.0,0
2023-04-18 00:00:00,27.9,25,0.0,12.8,0.0,0
2023-04-18 01:00:00,26.2,30,0.0,8.4,0.0,0
2023-04-18 02:00:00,25.5,33,0.0,9.1,0.0,1
2023-04-18 03:00:00,26.0,32,0.0,11.9,0.0,2
2023-04-18 04:00:00,26.1,32,0.0,12.6,0.0,1
2023-04-18 05:00:00,25.9,35,0.0,8.5,0.0,1
2023-04-18 06:00:00,25.7,37,12.0,6.6,0.0,13
2023-04-18 07:00:00,28.4,33,118.0,4.1,0.0,12
2023-04-18 08:00:00,31.3,29,324.0,16.0,0.0,5
2023-04-18 09:00:00,34.8,23,533.0,11.5,0.0,0
2023-04-18 10:00:00,36.9,20,710.0,12.2,0.0,0
2023-04-18 11:00:00,38.4,17,838.0,9.6,0.0,3
2023-04-18 12:00:00,39.1,16,885.0,11.4,0.0,13
2023-04-18 13:00:00,39.0,16,799.0,16.9,0.0,68
2023-04-18 14:00:00,38.7,16,735.0,16.3,0.0,3
2023-04-18 15:00:00,38.8,16,651.0,17.0,0.0,82
2023-04-18 16:00:00,37.5,17,368.0,19.9,0.0,62
2023-04-18 17:00:00,38.1,14,214.0,12.6,0.0,37
2023-04-18 18:00:00,35.8,17,73.0,11.2,0.0,4
2023-04-18 19:00:00,34.6,17,2.0,13.3,0.0,85
2023-04-18 20:00:00,32.8,19,0.0,8.4,0.0,23
2023-04-18 21:00:00,32.5,20,0.0,17.3,0.0,9
2023-04-18 22:00:00,31.7,23,0.0,23.5,0.0,5
2023-04-18 23:00:00,30.9,24,0.0,18.9,0.0,17
2023-04-19 00:00:00,29.8,26,0.0,13.4,0.0,1
2023-04-19 01:00:00,27.4,30,0.0,7.7,0.0,0
2023-04-19 02:00:00,28.4,29,0.0,7.2,0.0,0
2023-04-19 03:00:00,26.5,34,0.0,7.6,0.0,13
2023-04-19 04:00:00,25.3,36,0.0,8.0,0.0,2
2023-04-19 05:00:00,25.7,47,0.0,17.7,0.0,13
2023-04-19 06:00:00,25.1,49,14.0,12.3,0.0,96
2023-04-19 07:00:00,26.8,45,131.0,11.0,0.0,100
2023-04-19 08:00:00,29.1,39,310.0,13.5,0.0,91
2023-04-19 09:00:00,31.8,32,539.0,14.4,0.0,94
2023-04-19 10:00:00,33.8,27,663.0,12.2,0.0,100
2023-04-19 11:00:00,35.1,25,719.0,6.2,0.0,100
2023-04-19 12:00:00,36.2,22,842.0,4.8,0.0,71
2023-04-19 13:00:00,37.3,19,845.0,14.6,0.0,25
2023-04-19 14:00:00,36.1,20,675.0,17.1,0.0,47
2023-04-19 15:00:00,35.9,19,545.0,18.5,0.0,85
2023-04-19 16:00:00,34.3,24,368.0,15.4,0.0,69
2023-04-19 17:00:00,27.8,43,199.0,23.1,0.0,59
2023-04-19 18:00:00,28.7,41,37.0,6.1,0.0,44
2023-04-19 19:00:00,28.3,44,2.0,8.1,0.0,98
2023-04-19 20:00:00,27.4,46,0.0,7.0,0.0,100
2023-04-19 21:00:00,26.3,51,0.0,6.3,0.0,100
2023-04-19 22:00:00,26.7,50,0.0,5.0,0.0,100
2023-04-19 23:00:00,25.1,55,0.0,6.2,0.0,97
2023-04-20 00:00:00,24.4,57,0.0,6.9,0.0,98
2023-04-20 01:00:00,24.3,56,0.0,5.6,0.0,100
2023-04-20 02:00:00,24.2,55,0.0,5.7,0.0,99
2023-04-20 03:00:00,23.4,56,0.0,6.3,0.0,100
2023-04-20 04:00:00,23.3,55,0.0,7.1,0.0,100
2023-04-20 05:00:00,24.4,65,0.0,7.8,0.0,98
2023-04-20 06:00:00,24.6,64,11.0,5.8,0.0,87
2023-04-20 07:00:00,25.7,58,121.0,4.4,0.0,100
2023-04-20 08:00:00,28.1,50,289.0,2.1,0.0,32
2023-04-20 09:00:00,30.9,36,529.0,9.0,0.0,0
2023-04-20 10:00:00,32.1,32,706.0,9.7,0.0,84
2023-04-20 11:00:00,33.2,29,829.0,11.2,0.0,97
2023-04-20 12:00:00,33.9,27,881.0,12.2,0.0,99
2023-04-20 13:00:00,34.1,26,731.0,12.6,0.0,100
2023-04-20 14:00:00,34.4,26,705.0,12.2,0.0,5
2023-04-20 15:00:00,34.7,24,627.0,14.1,0.0,31
2023-04-20 16:00:00,33.6,23,447.0,15.5,0.0,64
2023-04-20 17:00:00,24.9,59,226.0,7.5,0.0,71
2023-04-20 18:00:00,28.0,43,70.0,10.5,0.0,100
2023-04-20 19:00:00,27.6,43,2.0,14.0,0.0,100
2023-04-20 20:00:00,27.3,38,0.0,6.6,0.0,100
2023-04-20 21:00:00,25.9,45,0.0,5.7,0.0,100
2023-04-20 22:00:00,25.2,49,0.0,5.2,0.0,100
2023-04-20 23:00:00,26.2,45,0.0,1.9,0.0,100
2023-04-21 00:00:00,24.8,48,0.0,7.3,0.0,100
2023-04-21 01:00:00,23.0,56,0.0,9.0,0.0,65
2023-04-21 02:00:00,23.1,55,0.0,6.6,0.0,100
2023-04-21 03:00:00,22.4,56,0.0,7.4,0.0,11
2023-04-21 04:00:00,22.7,55,0.0,10.3,0.0,0
2023-04-21 05:00:00,22.8,61,0.0,9.5,0.0,0
2023-04-21 06:00:00,23.1,60,16.0,13.7,0.0,0
2023-04-21 07:00:00,24.9,53,140.0,12.7,0.0,0
2023-04-21 08:00:00,27.7,45,338.0,12.2,0.0,0
2023-04-21 09:00:00,29.9,39,541.0,15.3,0.0,0
2023-04-21 10:00:00,31.9,33,714.0,14.0,0.0,5
2023-04-21 11:00:00,33.6,24,835.0,7.6,0.0,6
2023-04-21 12:00:00,34.8,19,895.0,5.0,0.0,22
2023-04-21 13:00:00,35.2,17,833.0,9.4,0.0,16
2023-04-21 14:00:00,35.1,17,762.0,12.0,0.0,29
2023-04-21 15:00:00,34.8,18,605.0,12.2,0.0,14
2023-04-21 16:00:00,34.2,18,454.0,13.1,0.0,25
2023-04-21 17:00:00,34.0,15,273.0,11.9,0.0,2
2023-04-21 18:00:00,32.1,16,80.0,9.1,0.0,23
2023-04-21 19:00:00,30.2,18,3.0,7.6,0.0,25
2023-04-21 20:00:00,32.0,14,0.0,7.4,0.0,28
2023-04-21 21:00:00,27.2,26,0.0,10.4,0.0,29
2023-04-21 22:00:00,26.2,32,0.0,7.5,0.0,46
2023-04-21 23:00:00,26.4,27,0.0,13.6,0.0,55
2023-04-22 00:00:00,25.9,28,0.0,10.1,0.0,92
2023-04-22 01:00:00,25.4,30,0.0,7.6,0.0,32
2023-04-22 02:00:00,22.7,37,0.0,10.0,0.0,0
2023-04-22 03:00:00,22.0,39,0.0,9.2,0.0,0
2023-04-22 04:00:00,21.1,45,0.0,10.5,0.0,0
2023-04-22 05:00:00,20.8,59,0.0,6.6,0.0,0
2023-04-22 06:00:00,22.9,52,17.0,8.0,0.0,0
2023-04-22 07:00:00,25.6,45,145.0,7.5,0.0,5
2023-04-22 08:00:00,28.3,36,334.0,7.5,0.0,4
2023-04-22 09:00:00,30.8,28,515.0,10.0,0.0,1
2023-04-22 10:00:00,32.6,23,713.0,8.3,0.0,26
2023-04-22 11:00:00,33.7,16,743.0,5.4,0.0,13
2023-04-22 12:00:00,35.0,14,845.0,9.5,0.0,20
2023-04-22 13:00:00,35.1,13,807.0,14.7,0.0,9
2023-04-22 14:00:00,35.1,13,795.0,17.2,0.0,8
2023-04-22 15:00:00,34.7,13,660.0,13.4,0.0,2
2023-04-22 16:00:00,34.4,14,467.0,6.8,0.0,4
2023-04-22 17:00:00,34.0,12,276.0,11.3,0.0,10
2023-04-22 18:00:00,31.5,14,88.0,6.9,0.0,4
2023-04-22 19:00:00,28.3,16,3.0,7.8,0.0,17
2023-04-22 20:00:00,27.4,17,0.0,8.2,0.0,13
2023-04-22 21:00:00,27.6,17,0.0,12.5,0.0,1
2023-04-22 22:00:00,26.8,19,0.0,14.7,0.0,1
2023-04-22 23:00:00,25.2,22,0.0,10.0,0.0,0
2023-04-23 00:00:00,23.8,26,0.0,8.2,0.0,5
2023-04-23 01:00:00,23.2,28,0.0,9.5,0.0,0
2023-04-23 02:00:00,22.6,31,0.0,10.2,0.0,17
2023-04-23 03:00:00,21.8,34,0.0,7.8,0.0,65
2023-04-23 04:00:00,20.9,37,0.0,7.9,0.0,57
2023-04-23 05:00:00,22.1,38,0.0,8.7,0.0,100
2023-04-23 06:00:00,22.7,40,16.0,19.0,0.0,100
2023-04-23 07:00:00,25.2,35,109.0,13.9,0.0,21
2023-04-23 08:00:00,27.4,29,321.0,12.9,0.0,100
2023-04-23 09:00:00,28.7,24,422.0,17.7,0.0,49
2023-04-23 10:00:00,31.3,18,702.0,12.3,0.0,98
2023-04-23 11:00:00,32.5,16,746.0,15.5,0.0,15
2023-04-23 12:00:00,33.5,14,892.0,14.5,0.0,92
2023-04-23 13:00:00,33.9,14,783.0,15.1,0.0,99
2023-04-23 14:00:00,33.7,14,635.0,19.5,0.0,99
2023-04-23 15:00:00,33.1,15,470.0,18.3,0.0,100
2023-04-23 16:00:00,32.5,15,286.0,10.5,0.0,100
2023-04-23 17:00:00,29.9,20,186.0,5.0,0.0,82
2023-04-23 18:00:00,28.3,24,88.0,4.9,0.0,71
2023-04-23 19:00:00,26.6,28,3.0,17.3,0.0,60
2023-04-23 20:00:00,24.7,34,0.0,10.8,0.0,3
2023-04-23 21:00:00,23.7,35,0.0,7.5,0.0,100
2023-04-23 22:00:00,23.1,37,0.0,7.1,0.0,73
2023-04-23 23:00:00,21.6,42,0.0,8.3,0.0,45
2023-04-24 00:00:00,21.6,43,0.0,8.3,0.0,14
2023-04-24 01:00:00,21.1,44,0.0,6.8,0.0,67
2023-04-24 02:00:00,21.3,41,0.0,7.5,0.0,94
2023-04-24 03:00:00,20.7,43,0.0,7.5,0.0,100
2023-04-24 04:00:00,20.0,47,0.0,5.4,0.0,100
2023-04-24 05:00:00,20.0,49,0.0,6.8,0.0,94
2023-04-24 06:00:00,20.9,58,18.0,5.9,0.0,100
2023-04-24 07:00:00,23.7,41,138.0,2.4,0.0,100
2023-04-24 08:00:00,25.9,35,286.0,1.6,0.0,100
2023-04-24 09:00:00,27.7,32,414.0,3.4,0.0,20
2023-04-24 10:00:00,30.1,27,678.0,7.2,0.0,100
2023-04-24 11:00:00,31.6,22,798.0,10.6,0.0,46
2023-04-24 12:00:00,31.3,22,742.0,14.8,0.0,34
2023-04-24 13:00:00,31.6,21,735.0,13.8,0.0,49
2023-04-24 14:00:00,31.9,21,703.0,15.7,0.0,38
2023-04-24 15:00:00,30.7,23,532.0,15.5,0.0,29
2023-04-24 16:00:00,30.0,26,452.0,15.2,0.0,25
2023-04-24 17:00:00,29.9,25,265.0,11.3,0.0,2
2023-04-24 18:00:00,29.1,26,85.0,9.2,0.0,10
2023-04-24 19:00:00,27.4,31,3.0,15.1,0.0,3
2023-04-24 20:00:00,26.0,35,0.0,14.8,0.0,2
2023-04-24 21:00:00,25.2,38,0.0,14.8,0.0,2
2023-04-24 22:00:00,24.6,40,0.0,17.7,0.0,0
2023-04-24 23:00:00,23.8,43,0.0,15.8,0.0,0
2023-04-25 00:00:00,23.0,46,0.0,13.9,0.0,0
2023-04-25 01:00:00,22.3,49,0.0,13.4,0.0,0
2023-04-25 02:00:00,21.7,51,0.0,12.0,0.0,0
2023-04-25 03:00:00,21.1,54,0.0,13.3,0.0,0
2023-04-25 04:00:00,20.6,56,0.0,12.8,0.0,0
2023-04-25 05:00:00,20.6,54,0.0,12.7,0.0,0
2023-04-25 06:00:00,21.0,54,19.0,11.5,0.0,0
2023-04-25 07:00:00,22.7,50,145.0,10.2,0.0,0
2023-04-25 08:00:00,25.3,43,339.0,13.3,0.0,0
2023-04-25 09:00:00,27.9,35,540.0,16.8,0.0,0
2023-04-25 10:00:00,29.7,30,711.0,14.6,0.0,0
2023-04-25 11:00:00,31.2,26,832.0,10.7,0.0,0
2023-04-25 12:00:00,32.4,23,890.0,7.6,0.0,19
2023-04-25 13:00:00,32.9,22,803.0,7.5,0.0,15
2023-04-25 14:00:00,33.2,22,743.0,10.2,0.0,18
2023-04-25 15:00:00,33.2,22,656.0,11.4,0.0,28
2023-04-25 16:00:00,32.7,22,474.0,11.0,0.0,24
2023-04-25 17:00:00,33.0,21,269.0,10.1,0.0,91
2023-04-25 18:00:00,31.6,23,74.0,8.5,0.0,100
2023-04-25 19:00:00,28.8,30,3.0,8.5,0.0,68
2023-04-25 20:00:00,27.4,33,0.0,5.6,0.0,0
2023-04-25 21:00:00,27.6,32,0.0,5.2,0.0,18
2023-04-25 22:00:00,25.5,38,0.0,7.1,0.0,100
2023-04-25 23:00:00,24.7,42,0.0,8.0,0.0,5
2023-04-26 00:00:00,23.5,46,0.0,6.9,0.0,0
2023-04-26 01:00:00,22.7,49,0.0,6.5,0.0,100
2023-04-26 02:00:00,22.7,49,0.0,7.4,0.0,87
2023-04-26 03:00:00,22.2,50,0.0,7.1,0.0,100
2023-04-26 04:00:00,22.2,49,0.0,8.0,0.0,100
2023-04-26 05:00:00,22.1,53,0.0,8.3,0.0,100
2023-04-26 06:00:00,23.5,48,20.0,11.2,0.0,35
2023-04-26 07:00:00,26.4,41,148.0,11.9,0.0,6
2023-04-26 08:00:00,29.1,35,344.0,10.9,0.0,5
2023-04-26 09:00:00,31.6,29,546.0,11.1,0.0,10
2023-04-26 10:00:00,33.3,22,718.0,4.4,0.0,46
2023-04-26 11:00:00,34.1,20,744.0,3.9,0.0,100
2023-04-26 12:00:00,34.9,18,791.0,6.5,0.0,100
2023-04-26 13:00:00,35.4,17,772.0,8.0,0.0,100
2023-04-26 14:00:00,35.6,17,688.0,8.7,0.0,100
2023-04-26 15:00:00,35.1,17,531.0,8.2,0.0,100
2023-04-26 16:00:00,34.7,17,359.0,7.7,0.0,100
2023-04-26 17:00:00,34.4,18,179.0,10.5,0.0,100
2023-04-26 18:00:00,31.6,25,80.0,6.4,0.0,11
2023-04-26 19:00:00,29.4,26,4.0,7.4,0.0,10
2023-04-26 20:00:00,29.4,28,0.0,10.4,0.0,2
2023-04-26 21:00:00,28.0,31,0.0,7.8,0.0,14
2023-04-26 22:00:00,26.6,34,0.0,7.4,0.0,17
2023-04-26 23:00:00,26.4,36,0.0,9.7,0.0,46
2023-04-27 00:00:00,25.1,39,0.0,8.8,0.0,69
2023-04-27 01:00:00,24.4,39,0.0,8.5,0.0,100
2023-04-27 02:00:00,25.1,34,0.0,9.8,0.0,100
2023-04-27 03:00:00,24.5,34,0.0,10.1,0.0,85
2023-04-27 04:00:00,24.2,35,0.0,8.7,0.0,100
2023-04-27 05:00:00,23.6,44,0.0,7.6,0.0,80
2023-04-27 06:00:00,24.5,43,21.0,6.0,0.0,67
2023-04-27 07:00:00,27.0,39,144.0,6.8,0.0,97
2023-04-27 08:00:00,29.0,37,330.0,8.8,0.0,98
2023-04-27 09:00:00,29.6,32,423.0,17.2,0.0,100
2023-04-27 10:00:00,32.3,27,508.0,9.0,0.0,100
2023-04-27 11:00:00,34.6,21,637.0,4.2,0.0,87
2023-04-27 12:00:00,35.8,17,770.0,10.4,0.0,100
2023-04-27 13:00:00,35.4,18,680.0,14.4,0.0,100
2023-04-27 14:00:00,35.0,19,495.0,12.2,0.0,100
2023-04-27 15:00:00,32.5,26,395.0,17.2,0.0,100
2023-04-27 16:00:00,29.1,36,302.0,18.2,0.0,43
2023-04-27 17:00:00,35.8,14,205.0,9.8,0.0,82
2023-04-27 18:00:00,33.0,18,61.0,10.7,0.0,98
2023-04-27 19:00:00,29.3,28,3.0,4.7,0.0,74
2023-04-27 20:00:00,28.3,33,0.0,4.0,0.0,78
2023-04-27 21:00:00,27.2,33,0.0,6.8,0.0,26
2023-04-27 22:00:00,27.2,31,0.0,7.6,0.0,12
2023-04-27 23:00:00,25.9,34,0.0,9.4,0.0,3
2023-04-28 00:00:00,24.7,39,0.0,9.6,0.0,100
2023-04-28 01:00:00,24.6,38,0.0,7.1,0.0,100
2023-04-28 02:00:00,24.8,37,0.0,8.2,0.0,100
2023-04-28 03:00:00,24.1,39,0.0,6.5,0.0,100
2023-04-28 04:00:00,23.2,45,0.0,7.1,0.0,100
2023-04-28 05:00:00,22.4,56,0.0,4.3,0.0,100
2023-04-28 06:00:00,23.6,51,19.0,4.3,0.0,100
2023-04-28 07:00:00,25.3,46,113.0,2.2,0.0,100
2023-04-28 08:00:00,27.4,41,254.0,3.1,0.0,100
2023-04-28 09:00:00,28.3,39,200.0,8.9,0.0,100
2023-04-28 10:00:00,30.2,34,424.0,5.4,0.0,96
2023-04-28 11:00:00,32.2,28,557.0,6.4,0.0,77
2023-04-28 12:00:00,32.0,28,560.0,8.0,0.0,98
2023-04-28 13:00:00,33.3,24,644.0,8.4,0.0,90
2023-04-28 14:00:00,33.0,24,636.0,6.2,0.0,75
2023-04-28 15:00:00,33.4,23,595.0,4.4,0.0,83
2023-04-28 16:00:00,33.5,23,466.0,5.4,0.0,100
2023-04-28 17:00:00,32.2,25,246.0,8.4,0.0,100
2023-04-28 18:00:00,30.9,28,72.0,7.3,0.0,100
2023-04-28 19:00:00,29.4,29,4.0,8.8,0.0,98
2023-04-28 20:00:00,27.0,37,0.0,6.7,0.0,85
2023-04-28 21:00:00,25.6,42,0.0,5.0,0.0,51
2023-04-28 22:00:00,25.5,43,0.0,5.4,0.0,1
2023-04-28 23:00:00,24.4,46,0.0,5.5,0.0,0
2023-04-29 00:00:00,23.9,48,0.0,6.0,0.0,0
2023-04-29 01:00:00,23.0,53,0.0,5.8,0.0,100
2023-04-29 02:00:00,22.5,57,0.0,5.5,0.0,100
2023-04-29 03:00:00,21.8,60,0.0,5.1,0.0,100
2023-04-29 04:00:00,22.0,60,0.0,4.5,0.0,100
2023-04-29 05:00:00,24.2,54,0.0,8.7,0.0,100
2023-04-29 06:00:00,25.0,52,19.0,11.4,0.0,100
2023-04-29 07:00:00,24.8,52,131.0,18.9,0.0,99
2023-04-29 08:00:00,27.0,46,326.0,13.8,0.0,99
2023-04-29 09:00:00,28.6,41,392.0,13.2,0.0,97
2023-04-29 10:00:00,30.3,36,520.0,10.7,0.0,100
2023-04-29 11:00:00,31.8,32,688.0,8.9,0.0,58
2023-04-29 12:00:00,33.3,29,880.0,9.2,0.0,100
2023-04-29 13:00:00,29.5,39,448.0,6.3,0.6,100
2023-04-29 14:00:00,31.5,34,513.0,5.1,0.0,94
2023-04-29 15:00:00,30.5,35,492.0,6.6,0.0,99
2023-04-29 16:00:00,30.1,36,290.0,9.0,0.0,69
2023-04-29 17:00:00,27.0,51,227.0,5.9,0.0,100
2023-04-29 18:00:00,27.1,51,67.0,9.0,0.0,63
2023-04-29 19:00:00,25.7,55,4.0,5.1,0.0,66
2023-04-29 20:00:00,24.9,59,0.0,4.4,0.0,100
2023-04-29 21:00:00,24.0,63,0.0,4.8,0.0,90
2023-04-29 22:00:00,23.7,62,0.0,4.3,0.0,66
2023-04-29 23:00:00,23.3,61,0.0,5.2,0.0,21
2023-04-30 00:00:00,22.7,63,0.0,4.5,0.0,28
2023-04-30 01:00:00,22.5,64,0.0,4.8,0.0,16
2023-04-30 02:00:00,23.4,59,0.0,1.3,0.0,27
2023-04-30 03:00:00,22.0,68,0.0,5.4,0.0,72
2023-04-30 04:00:00,21.5,72,0.0,5.7,0.0,99
2023-04-30 05:00:00,22.4,74,0.0,2.2,0.0,100
2023-04-30 06:00:00,22.9,73,12.0,11.6,0.1,100
2023-04-30 07:00:00,23.6,67,75.0,5.0,0.0,100
2023-04-30 08:00:00,24.3,62,95.0,6.1,0.0,100
2023-04-30 09:00:00,26.6,51,425.0,11.1,0.0,99
2023-04-30 10:00:00,28.4,43,604.0,9.8,0.0,100
2023-04-30 11:00:00,28.3,42,370.0,5.0,0.0,100
2023-04-30 12:00:00,29.4,38,503.0,1.9,0.0,100
2023-04-30 13:00:00,30.0,37,568.0,1.0,0.0,100
2023-04-30 14:00:00,30.4,36,520.0,3.3,0.0,100
2023-04-30 15:00:00,30.0,36,484.0,12.0,0.0,100
2023-04-30 16:00:00,28.2,45,339.0,7.9,0.3,99
2023-04-30 17:00:00,24.4,60,161.0,20.2,0.0,77
2023-04-30 18:00:00,21.7,77,56.0,6.1,0.9,97
2023-04-30 19:00:00,22.3,77,3.0,10.0,0.1,99
2023-04-30 20:00:00,22.1,79,0.0,10.2,0.0,100
2023-04-30 21:00:00,21.5,80,0.0,13.5,0.0,100
2023-04-30 22:00:00,21.2,82,0.0,9.0,0.0,100
2023-04-30 23:00:00,21.2,85,0.0,10.3,0.0,100
2023-05-01 00:00:00,21.0,85,0.0,5.8,0.0,99
2023-05-01 01:00:00,20.7,86,0.0,6.4,0.0,100
2023-05-01 02:00:00,20.4,88,0.0,6.3,0.0,100
2023-05-01 03:00:00,20.2,89,0.0,8.6,0.0,100
2023-05-01 04:00:00,20.2,89,0.0,7.1,0.0,100
2023-05-01 05:00:00,19.8,92,0.0,10.4,0.0,100
2023-05-01 06:00:00,20.3,91,8.0,10.3,1.2,100
2023-05-01 07:00:00,20.3,92,30.0,8.8,0.8,97
2023-05-01 08:00:00,21.4,85,136.0,8.6,0.1,74
2023-05-01 09:00:00,22.7,78,260.0,10.6,0.0,100
2023-05-01 10:00:00,23.1,74,286.0,8.0,0.2,100
2023-05-01 11:00:00,23.8,69,271.0,7.2,0.1,99
2023-05-01 12:00:00,25.3,63,511.0,4.8,0.2,99
2023-05-01 13:00:00,26.6,57,690.0,4.3,0.2,94
2023-05-01 14:00:00,27.8,52,715.0,5.5,0.0,93
2023-05-01 15:00:00,27.6,50,551.0,6.0,0.0,100
2023-05-01 16:00:00,26.4,52,305.0,8.0,0.0,100
2023-05-01 17:00:00,20.1,88,128.0,12.8,1.6,92
2023-05-01 18:00:00,21.2,87,43.0,10.5,1.0,94
2023-05-01 19:00:00,20.7,89,3.0,10.9,0.0,63
2023-05-01 20:00:00,20.6,92,0.0,9.4,0.0,93
2023-05-01 21:00:00,20.4,93,0.0,8.4,0.0,98
2023-05-01 22:00:00,20.2,94,0.0,9.7,0.0,100
2023-05-01 23:00:00,20.2,93,0.0,9.9,0.0,100
2023-05-02 00:00:00,20.0,95,0.0,8.6,0.0,98
2023-05-02 01:00:00,19.9,95,0.0,8.2,0.0,96
2023-05-02 02:00:00,19.7,97,0.0,8.2,0.0,99
2023-05-02 03:00:00,19.5,98,0.0,8.1,0.0,97
2023-05-02 04:00:00,19.3,98,0.0,10.4,0.0,100
2023-05-02 05:00:00,20.0,97,0.0,12.5,0.0,100
2023-05-02 06:00:00,20.8,89,12.0,18.4,0.7,86
2023-05-02 07:00:00,21.5,86,49.0,14.6,0.1,100
2023-05-02 08:00:00,22.5,79,189.0,12.4,0.1,100
2023-05-02 09:00:00,23.5,74,283.0,9.3,0.3,94
2023-05-02 10:00:00,24.8,68,379.0,8.7,0.2,56
2023-05-02 11:00:00,26.3,62,627.0,6.9,0.1,43
2023-05-02 12:00:00,27.3,59,766.0,8.6,0.1,42
2023-05-02 13:00:00,28.0,55,753.0,8.8,0.1,100
2023-05-02 14:00:00,27.8,54,537.0,7.8,0.1,100
2023-05-02 15:00:00,24.2,71,307.0,18.1,3.3,93
2023-05-02 16:00:00,23.3,74,209.0,10.9,0.3,94
2023-05-02 17:00:00,23.5,75,190.0,14.8,0.0,39
2023-05-02 18:00:00,22.7,79,84.0,14.3,0.0,86
2023-05-02 19:00:00,21.8,85,4.0,12.3,0.0,100
2023-05-02 20:00:00,21.6,87,0.0,10.5,0.0,97
2023-05-02 21:00:00,21.3,88,0.0,8.9,0.0,69
2023-05-02 22:00:00,20.8,89,0.0,8.2,0.0,100
2023-05-02 23:00:00,20.9,88,0.0,5.1,0.0,100
2023-05-03 00:00:00,20.3,91,0.0,3.8,0.0,100
2023-05-03 01:00:00,20.1,92,0.0,3.4,0.0,100
2023-05-03 02:00:00,20.3,91,0.0,8.5,0.1,91
2023-05-03 03:00:00,19.9,94,0.0,6.3,0.3,100
2023-05-03 04:00:00,19.9,95,0.0,5.1,0.0,36
2023-05-03 05:00:00,20.5,95,0.0,1.8,0.1,39
2023-05-03 06:00:00,19.9,93,6.0,5.2,5.3,100
2023-05-03 07:00:00,20.4,90,82.0,7.2,0.5,35
2023-05-03 08:00:00,22.4,83,333.0,7.4,0.0,25
2023-05-03 09:00:00,23.1,76,481.0,14.8,0.2,88
2023-05-03 10:00:00,22.8,77,277.0,3.6,0.2,76
2023-05-03 11:00:00,25.1,67,523.0,7.1,0.0,89
2023-05-03 12:00:00,27.0,60,671.0,8.0,0.0,88
2023-05-03 13:00:00,28.2,54,723.0,9.2,0.0,66
2023-05-03 14:00:00,26.9,55,616.0,5.9,0.1,95
2023-05-03 15:00:00,27.2,55,437.0,8.6,0.0,64
2023-05-03 16:00:00,27.1,55,389.0,8.8,0.0,41
2023-05-03 17:00:00,21.5,85,240.0,11.2,0.0,47
2023-05-03 18:00:00,22.3,82,36.0,9.4,0.0,52
2023-05-03 19:00:00,21.7,86,4.0,8.0,0.0,84
2023-05-03 20:00:00,21.6,85,0.0,9.2,0.0,37
2023-05-03 21:00:00,20.9,88,0.0,4.9,0.0,1
2023-05-03 22:00:00,20.1,93,0.0,5.4,0.0,0
2023-05-03 23:00:00,20.0,94,0.0,4.8,0.0,0
2023-05-04 00:00:00,19.5,96,0.0,5.4,0.0,0
2023-05-04 01:00:00,19.3,97,0.0,5.1,0.0,0
2023-05-04 02:00:00,19.3,98,0.0,4.3,0.0,14
2023-05-04 03:00:00,18.9,99,0.0,6.2,0.0,35
2023-05-04 04:00:00,18.7,99,0.0,5.7,0.0,34
2023-05-04 05:00:00,18.8,98,0.0,4.7,0.0,29
2023-05-04 06:00:00,19.8,96,26.0,3.2,0.0,89
2023-05-04 07:00:00,21.3,88,151.0,3.4,0.0,45
2023-05-04 08:00:00,23.3,76,328.0,3.7,0.0,18
2023-05-04 09:00:00,24.9,70,506.0,5.0,0.0,16
2023-05-04 10:00:00,26.6,61,694.0,5.0,0.0,10
2023-05-04 11:00:00,28.0,55,785.0,5.4,0.0,14
2023-05-04 12:00:00,28.7,52,805.0,4.8,0.0,22
2023-05-04 13:00:00,29.3,49,766.0,3.1,0.0,24
2023-05-04 14:00:00,29.6,47,727.0,3.7,0.0,28
2023-05-04 15:00:00,29.7,45,586.0,4.0,0.0,12
2023-05-04 16:00:00,29.5,45,434.0,3.0,0.0,28
2023-05-04 17:00:00,28.8,52,247.0,2.3,0.0,31
2023-05-04 18:00:00,27.8,60,88.0,2.6,0.0,36
2023-05-04 19:00:00,25.8,65,6.0,6.2,0.0,24
2023-05-04 20:00:00,24.9,70,0.0,7.0,0.0,4
2023-05-04 21:00:00,23.8,76,0.0,7.8,0.0,0
2023-05-04 22:00:00,23.1,79,0.0,7.6,0.0,0
2023-05-04 23:00:00,22.5,82,0.0,6.4,0.0,0
2023-05-05 00:00:00,22.0,84,0.0,6.2,0.0,0
2023-05-05 01:00:00,21.5,86,0.0,7.4,0.0,0
2023-05-05 02:00:00,21.0,88,0.0,7.8,0.0,2
2023-05-05 03:00:00,20.6,89,0.0,7.1,0.0,0
2023-05-05 04:00:00,20.8,86,0.0,5.4,0.0,0
2023-05-05 05:00:00,22.4,74,0.0,9.3,0.0,0
2023-05-05 06:00:00,23.6,70,27.0,11.9,0.0,1
2023-05-05 07:00:00,25.7,65,155.0,10.4,0.0,66
2023-05-05 08:00:00,28.3,53,338.0,11.0,0.0,51
2023-05-05 09:00:00,30.1,44,517.0,13.5,0.1,14
2023-05-05 10:00:00,23.9,71,416.0,5.5,5.3,99
2023-05-05 11:00:00,26.1,62,393.0,4.1,0.0,56
2023-05-05 12:00:00,29.1,52,812.0,5.7,0.0,50
2023-05-05 13:00:00,29.3,49,758.0,3.7,0.0,52
2023-05-05 14:00:00,30.6,43,685.0,5.8,0.0,50
2023-05-05 15:00:00,30.8,38,556.0,12.0,0.0,28
2023-05-05 16:00:00,30.7,37,425.0,12.0,0.0,22
2023-05-05 17:00:00,29.9,37,249.0,12.1,0.0,12
2023-05-05 18:00:00,29.3,39,85.0,7.9,0.0,13
2023-05-05 19:00:00,27.0,43,6.0,7.7,0.0,0
2023-05-05 20:00:00,25.8,46,0.0,9.0,0.0,0
2023-05-05 21:00:00,24.7,54,0.0,8.7,0.0,0
2023-05-05 22:00:00,26.4,49,0.0,2.9,0.0,0
2023-05-05 23:00:00,23.2,57,0.0,4.2,0.0,0
2023-05-06 00:00:00,22.5,59,0.0,4.3,0.0,0
2023-05-06 01:00:00,22.0,60,0.0,4.0,0.0,0
2023-05-06 02:00:00,21.3,64,0.0,6.2,0.0,0
2023-05-06 03:00:00,20.9,64,0.0,5.1,0.0,0
2023-05-06 04:00:00,20.7,64,0.0,5.4,0.0,0
2023-05-06 05:00:00,21.9,65,0.0,7.1,0.0,0
2023-05-06 06:00:00,23.9,58,28.0,6.9,0.0,0
2023-05-06 07:00:00,25.9,54,157.0,6.8,0.0,0
2023-05-06 08:00:00,28.4,47,344.0,6.5,0.0,0
2023-05-06 09:00:00,30.7,37,537.0,6.7,0.0,0
2023-05-06 10:00:00,32.3,31,701.0,7.6,0.0,1
2023-05-06 11:00:00,33.4,30,813.0,5.6,0.0,0
2023-05-06 12:00:00,34.5,28,868.0,8.1,0.0,16
2023-05-06 13:00:00,35.4,25,826.0,13.2,0.0,19
2023-05-06 14:00:00,34.8,26,751.0,20.0,0.0,59
2023-05-06 15:00:00,34.3,26,408.0,21.7,0.0,54
2023-05-06 16:00:00,32.4,30,328.0,18.6,0.0,64
2023-05-06 17:00:00,28.0,50,176.0,7.7,0.0,72
2023-05-06 18:00:00,28.2,52,95.0,8.9,0.0,10
2023-05-06 19:00:00,26.1,55,6.0,4.0,0.0,1
2023-05-06 20:00:00,26.8,50,0.0,9.8,0.0,0
2023-05-06 21:00:00,24.9,58,0.0,7.9,0.0,0
2023-05-06 22:00:00,24.3,59,0.0,6.5,0.0,0
2023-05-06 23:00:00,24.2,57,0.0,7.9,0.0,0
2023-05-07 00:00:00,23.8,55,0.0,9.6,0.0,0
2023-05-07 01:00:00,23.5,53,0.0,10.1,0.0,0
2023-05-07 02:00:00,22.7,56,0.0,7.1,0.0,0
2023-05-07 03:00:00,22.4,56,0.0,6.9,0.0,0
2023-05-07 04:00:00,22.3,54,0.0,9.4,0.0,0
2023-05-07 05:00:00,22.0,54,0.0,8.9,0.0,0
2023-05-07 06:00:00,23.8,49,30.0,10.9,0.0,0
2023-05-07 07:00:00,26.8,44,163.0,9.2,0.0,0
2023-05-07 08:00:00,30.1,38,353.0,5.7,0.0,0
2023-05-07 09:00:00,32.8,31,544.0,6.4,0.0,17
2023-05-07 10:00:00,34.6,26,676.0,7.8,0.0,10
2023-05-07 11:00:00,35.8,23,778.0,9.0,0.0,12
2023-05-07 12:00:00,36.1,22,727.0,12.2,0.0,40
2023-05-07 13:00:00,34.8,26,723.0,15.4,0.0,26
2023-05-07 14:00:00,34.8,26,646.0,13.2,0.0,37
2023-05-07 15:00:00,35.1,25,609.0,10.6,0.0,24
2023-05-07 16:00:00,35.1,24,440.0,11.2,0.0,37
2023-05-07 17:00:00,29.8,38,235.0,9.7,0.0,9
2023-05-07 18:00:00,30.8,36,73.0,17.4,0.0,35
2023-05-07 19:00:00,29.8,35,6.0,10.3,0.0,0
2023-05-07 20:00:00,28.7,37,0.0,12.9,0.0,17
2023-05-07 21:00:00,27.4,40,0.0,14.8,0.0,27
2023-05-07 22:00:00,26.5,42,0.0,8.9,0.0,33
2023-05-07 23:00:00,25.7,45,0.0,10.1,0.0,27
2023-05-08 00:00:00,25.8,43,0.0,10.5,0.0,13
2023-05-08 01:00:00,24.5,47,0.0,7.1,0.0,3
2023-05-08 02:00:00,23.3,53,0.0,5.6,0.0,25
2023-05-08 03:00:00,21.9,62,0.0,6.2,0.0,30
2023-05-08 04:00:00,22.0,59,0.0,5.4,0.0,56
2023-05-08 05:00:00,24.2,60,0.0,22.2,0.0,36
2023-05-08 06:00:00,25.4,54,26.0,19.3,0.0,32
2023-05-08 07:00:00,26.1,53,143.0,13.0,0.0,62
2023-05-08 08:00:00,28.6,45,273.0,15.6,0.0,26
2023-05-08 09:00:00,31.5,35,490.0,20.8,0.0,9
2023-05-08 10:00:00,33.4,30,688.0,18.6,0.0,1
2023-05-08 11:00:00,34.6,27,816.0,19.5,0.0,0
2023-05-08 12:00:00,35.1,27,868.0,16.3,0.0,22
2023-05-08 13:00:00,35.4,27,714.0,13.4,0.0,40
2023-05-08 14:00:00,35.8,22,717.0,4.1,0.0,22
2023-05-08 15:00:00,36.5,17,613.0,1.8,0.0,24
2023-05-08 16:00:00,36.6,15,420.0,7.1,0.0,10
2023-05-08 17:00:00,32.6,30,252.0,17.6,0.0,0
2023-05-08 18:00:00,32.2,33,86.0,16.3,0.0,5
2023-05-08 19:00:00,29.3,41,7.0,17.0,0.0,0
2023-05-08 20:00:00,27.8,43,0.0,12.7,0.0,0
2023-05-08 21:00:00,26.9,46,0.0,11.1,0.0,0
2023-05-08 22:00:00,26.3,47,0.0,12.7,0.0,0
2023-05-08 23:00:00,25.5,49,0.0,10.0,0.0,0
2023-05-09 00:00:00,24.2,54,0.0,9.7,0.0,0
2023-05-09 01:00:00,23.8,55,0.0,10.0,0.0,0
2023-05-09 02:00:00,22.7,60,0.0,5.8,0.0,0
2023-05-09 03:00:00,21.4,67,0.0,5.8,0.0,0
2023-05-09 04:00:00,22.4,63,0.0,2.6,0.0,0
2023-05-09 05:00:00,21.5,72,0.0,5.4,0.0,0
2023-05-09 06:00:00,22.7,68,32.0,12.9,0.0,0
2023-05-09 07:00:00,24.6,59,168.0,9.5,0.0,0
2023-05-09 08:00:00,27.7,44,361.0,5.2,0.0,0
2023-05-09 09:00:00,31.5,30,558.0,8.0,0.0,0
2023-05-09 10:00:00,33.8,21,727.0,11.6,0.0,0
2023-05-09 11:00:00,35.3,18,846.0,11.6,0.0,0
2023-05-09 12:00:00,36.5,14,901.0,13.0,0.0,0
2023-05-09 13:00:00,37.1,13,886.0,17.8,0.0,0
2023-05-09 14:00:00,37.1,12,804.0,20.2,0.0,0
2023-05-09 15:00:00,36.8,13,661.0,21.1,0.0,0
2023-05-09 16:00:00,36.4,12,477.0,20.9,0.0,0
2023-05-09 17:00:00,36.2,13,278.0,11.3,0.0,0
2023-05-09 18:00:00,33.9,14,101.0,13.0,0.0,0
2023-05-09 19:00:00,30.8,19,8.0,10.2,0.0,0
2023-05-09 20:00:00,29.4,19,0.0,12.7,0.0,0
2023-05-09 21:00:00,29.0,19,0.0,19.2,0.0,0
2023-05-09 22:00:00,27.7,23,0.0,15.2,0.0,0
2023-05-09 23:00:00,26.3,27,0.0,11.2,0.0,0
2023-05-10 00:00:00,25.6,28,0.0,11.9,0.0,0
2023-05-10 01:00:00,24.0,32,0.0,7.1,0.0,0
2023-05-10 02:00:00,23.3,34,0.0,6.9,0.0,0
2023-05-10 03:00:00,22.6,35,0.0,9.4,0.0,0
2023-05-10 04:00:00,22.1,36,0.0,11.2,0.0,0
2023-05-10 05:00:00,21.9,40,0.0,10.5,0.0,0
2023-05-10 06:00:00,23.2,37,33.0,12.0,0.0,0
2023-05-10 07:00:00,25.6,34,170.0,11.3,0.0,0
2023-05-10 08:00:00,28.6,28,363.0,11.4,0.0,0
2023-05-10 09:00:00,31.6,22,561.0,12.7,0.0,0
2023-05-10 10:00:00,33.7,15,729.0,16.3,0.0,0
2023-05-10 11:00:00,34.8,12,851.0,19.8,0.0,0
2023-05-10 12:00:00,35.5,11,911.0,21.3,0.0,0
2023-05-10 13:00:00,36.1,10,899.0,21.7,0.0,0
2023-05-10 14:00:00,36.3,10,818.0,22.3,0.0,0
2023-05-10 15:00:00,36.5,10,674.0,21.9,0.0,0
2023-05-10 16:00:00,36.0,10,489.0,22.9,0.0,0
2023-05-10 17:00:00,36.4,11,286.0,22.0,0.0,0
2023-05-10 18:00:00,34.5,13,104.0,18.2,0.0,0
2023-05-10 19:00:00,32.4,15,8.0,13.9,0.0,0
2023-05-10 20:00:00,30.2,18,0.0,9.2,0.0,0
2023-05-10 21:00:00,27.3,23,0.0,7.2,0.0,0
2023-05-10 22:00:00,26.5,26,0.0,8.6,0.0,0
2023-05-10 23:00:00,28.5,24,0.0,3.7,0.0,0
2023-05-11 00:00:00,25.3,28,0.0,10.0,0.0,0
2023-05-11 01:00:00,24.8,27,0.0,8.0,0.0,0
2023-05-11 02:00:00,23.3,30,0.0,9.5,0.0,0
2023-05-11 03:00:00,22.6,31,0.0,11.2,0.0,3
2023-05-11 04:00:00,22.1,32,0.0,9.8,0.0,8
2023-05-11 05:00:00,22.6,37,0.0,8.0,0.0,1
2023-05-11 06:00:00,24.5,34,34.0,3.1,0.0,0
2023-05-11 07:00:00,27.6,30,171.0,8.9,0.0,0
2023-05-11 08:00:00,31.1,24,365.0,6.2,0.0,0
2023-05-11 09:00:00,33.6,20,562.0,3.7,0.0,0
2023-05-11 10:00:00,35.4,17,727.0,4.1,0.0,0
2023-05-11 11:00:00,37.0,13,844.0,6.6,0.0,0
2023-05-11 12:00:00,37.9,11,899.0,8.3,0.0,0
2023-05-11 13:00:00,38.6,9,887.0,9.3,0.0,0
2023-05-11 14:00:00,38.9,9,807.0,11.6,0.0,0
2023-05-11 15:00:00,38.7,9,668.0,13.9,0.0,0
2023-05-11 16:00:00,38.0,10,484.0,16.1,0.0,0
2023-05-11 17:00:00,37.5,13,281.0,9.4,0.0,0
2023-05-11 18:00:00,35.5,16,102.0,7.5,0.0,0
2023-05-11 19:00:00,31.9,20,8.0,7.5,0.0,0
2023-05-11 20:00:00,29.6,24,0.0,10.2,0.0,0
2023-05-11 21:00:00,32.4,19,0.0,4.1,0.0,0
2023-05-11 22:00:00,27.2,29,0.0,11.2,0.0,0
2023-05-11 23:00:00,28.6,26,0.0,2.3,0.0,0
2023-05-12 00:00:00,30.7,22,0.0,2.4,0.0,0
2023-05-12 01:00:00,28.8,26,0.0,5.8,0.0,0
2023-05-12 02:00:00,27.8,30,0.0,4.2,0.0,0
2023-05-12 03:00:00,24.0,35,0.0,6.4,0.0,6
2023-05-12 04:00:00,23.1,36,0.0,8.9,0.0,93
2023-05-12 05:00:00,24.9,34,0.0,8.3,0.0,91
2023-05-12 06:00:00,25.7,34,34.0,9.2,0.0,0
2023-05-12 07:00:00,28.5,30,168.0,8.9,0.0,0
2023-05-12 08:00:00,32.0,25,358.0,8.9,0.0,0
2023-05-12 09:00:00,35.6,18,553.0,8.9,0.0,0
2023-05-12 10:00:00,38.2,14,717.0,11.6,0.0,0
2023-05-12 11:00:00,39.8,12,831.0,14.0,0.0,0
2023-05-12 12:00:00,40.8,11,882.0,14.2,0.0,0
2023-05-12 13:00:00,41.5,10,867.0,14.6,0.0,0
2023-05-12 14:00:00,41.7,10,786.0,15.8,0.0,1
2023-05-12 15:00:00,41.7,10,647.0,13.8,0.0,3
2023-05-12 16:00:00,41.3,10,451.0,15.6,0.0,16
2023-05-12 17:00:00,40.8,10,267.0,6.6,0.0,44
2023-05-12 18:00:00,36.7,16,102.0,8.0,0.0,12
2023-05-12 19:00:00,34.4,23,8.0,16.0,0.0,0
2023-05-12 20:00:00,32.4,26,0.0,13.0,0.0,0
2023-05-12 21:00:00,31.0,28,0.0,11.5,0.0,0
2023-05-12 22:00:00,29.5,31,0.0,9.0,0.0,0
2023-05-12 23:00:00,28.3,33,0.0,7.5,0.0,0
2023-05-13 00:00:00,27.4,35,0.0,7.7,0.0,0
2023-05-13 01:00:00,27.4,35,0.0,9.4,0.0,0
2023-05-13 02:00:00,26.6,36,0.0,8.7,0.0,0
2023-05-13 03:00:00,25.6,39,0.0,8.0,0.0,0
2023-05-13 04:00:00,25.1,40,0.0,8.6,0.0,0
2023-05-13 05:00:00,26.2,37,0.0,9.9,0.0,0
2023-05-13 06:00:00,26.9,36,34.0,12.0,0.0,0
2023-05-13 07:00:00,29.1,33,167.0,11.4,0.0,0
2023-05-13 08:00:00,32.0,27,356.0,10.7,0.0,49
2023-05-13 09:00:00,34.8,23,532.0,11.3,0.0,39
2023-05-13 10:00:00,37.0,19,669.0,10.8,0.0,2
2023-05-13 11:00:00,39.0,17,818.0,10.6,0.0,0
2023-05-13 12:00:00,40.4,14,875.0,11.1,0.0,0
2023-05-13 13:00:00,41.1,13,861.0,12.6,0.0,0
2023-05-13 14:00:00,41.4,12,782.0,12.0,0.0,0
2023-05-13 15:00:00,41.5,12,645.0,10.5,0.0,11
2023-05-13 16:00:00,41.5,12,464.0,11.8,0.0,99
2023-05-13 17:00:00,40.6,12,119.0,13.7,0.0,10
2023-05-13 18:00:00,37.6,16,89.0,10.9,0.0,25
2023-05-13 19:00:00,34.7,20,8.0,9.5,0.0,3
2023-05-13 20:00:00,32.1,24,0.0,7.2,0.0,11
2023-05-13 21:00:00,31.1,27,0.0,9.7,0.0,3
2023-05-13 22:00:00,30.4,28,0.0,7.6,0.0,10
2023-05-13 23:00:00,29.5,31,0.0,8.0,0.0,11
2023-05-14 00:00:00,29.1,34,0.0,9.9,0.0,5
2023-05-14 01:00:00,28.8,35,0.0,10.3,0.0,3
2023-05-14 02:00:00,29.0,34,0.0,11.4,0.0,0
2023-05-14 03:00:00,28.4,33,0.0,11.7,0.0,0
2023-05-14 04:00:00,27.8,33,0.0,12.3,0.0,1
2023-05-14 05:00:00,26.5,47,0.0,9.3,0.0,28
2023-05-14 06:00:00,28.0,43,34.0,4.4,0.0,0
2023-05-14 07:00:00,29.9,39,165.0,9.8,0.0,0
2023-05-14 08:00:00,32.0,35,350.0,13.5,0.0,0
2023-05-14 09:00:00,35.2,28,540.0,13.0,0.0,0
2023-05-14 10:00:00,37.6,23,702.0,14.5,0.0,0
2023-05-14 11:00:00,39.2,20,815.0,16.3,0.0,0
2023-05-14 12:00:00,39.3,17,868.0,11.9,0.0,100
2023-05-14 13:00:00,40.5,14,786.0,7.2,0.0,100
2023-05-14 14:00:00,36.8,13,326.0,25.0,0.0,93
2023-05-14 15:00:00,37.3,20,400.0,14.2,0.0,48
2023-05-14 16:00:00,38.7,16,424.0,15.9,0.0,84
2023-05-14 17:00:00,34.4,25,257.0,21.5,0.0,88
2023-05-14 18:00:00,33.1,27,62.0,5.8,0.0,11
2023-05-14 19:00:00,31.1,30,9.0,6.1,0.0,19
2023-05-14 20:00:00,29.7,31,0.0,9.2,0.0,0
2023-05-14 21:00:00,30.6,26,0.0,8.8,0.0,0
2023-05-14 22:00:00,28.9,29,0.0,6.9,0.0,1
2023-05-14 23:00:00,28.4,32,0.0,9.0,0.0,1
2023-05-15 00:00:00,28.1,33,0.0,10.8,0.0,2
2023-05-15 01:00:00,27.6,33,0.0,7.9,0.0,0
2023-05-15 02:00:00,26.8,35,0.0,8.0,0.0,0
2023-05-15 03:00:00,26.2,36,0.0,8.3,0.0,0
2023-05-15 04:00:00,25.2,38,0.0,6.5,0.0,0
2023-05-15 05:00:00,25.8,42,0.0,6.4,0.0,0
2023-05-15 06:00:00,27.5,38,35.0,6.2,0.0,0
2023-05-15 07:00:00,30.1,33,167.0,4.5,0.0,0
2023-05-15 08:00:00,33.7,25,352.0,6.6,0.0,0
2023-05-15 09:00:00,36.6,19,542.0,7.8,0.0,0
2023-05-15 10:00:00,37.9,18,704.0,2.9,0.0,0
2023-05-15 11:00:00,39.3,16,819.0,5.8,0.0,2
2023-05-15 12:00:00,40.3,15,868.0,11.9,0.0,1
2023-05-15 13:00:00,40.0,14,807.0,12.4,0.0,8
2023-05-15 14:00:00,40.5,13,750.0,11.5,0.0,39
2023-05-15 15:00:00,39.6,14,501.0,14.0,0.0,8
2023-05-15 16:00:00,39.9,13,453.0,14.3,0.0,2
2023-05-15 17:00:00,39.3,14,272.0,5.8,0.0,8
2023-05-15 18:00:00,36.6,19,100.0,6.2,0.0,11
2023-05-15 19:00:00,34.8,21,8.0,7.9,0.0,14
2023-05-15 20:00:00,33.1,24,0.0,8.7,0.0,5
2023-05-15 21:00:00,32.0,25,0.0,13.4,0.0,2
2023-05-15 22:00:00,32.2,23,0.0,14.0,0.0,0
2023-05-15 23:00:00,29.5,28,0.0,7.5,0.0,0
2023-05-16 00:00:00,28.2,31,0.0,6.6,0.0,0
2023-05-16 01:00:00,27.1,34,0.0,5.9,0.0,3
2023-05-16 02:00:00,26.8,32,0.0,8.0,0.0,16
2023-05-16 03:00:00,27.1,27,0.0,12.7,0.0,6
2023-05-16 04:00:00,26.9,27,0.0,8.7,0.0,94
2023-05-16 05:00:00,28.3,37,0.0,19.0,0.0,41
2023-05-16 06:00:00,28.9,37,32.0,15.5,0.0,100
2023-05-16 07:00:00,30.5,34,161.0,11.8,0.0,100
2023-05-16 08:00:00,32.6,31,324.0,14.3,0.0,100
2023-05-16 09:00:00,34.8,27,488.0,17.8,0.0,100
2023-05-16 10:00:00,36.5,24,619.0,21.0,0.0,100
2023-05-16 11:00:00,37.7,23,721.0,20.2,0.0,63
2023-05-16 12:00:00,35.1,26,706.0,17.7,0.0,96
2023-05-16 13:00:00,34.6,27,481.0,26.2,0.0,100
2023-05-16 14:00:00,35.3,29,479.0,20.7,0.0,48
2023-05-16 15:00:00,36.7,26,583.0,15.9,0.0,94
2023-05-16 16:00:00,36.7,25,446.0,15.5,0.0,52
2023-05-16 17:00:00,38.6,17,256.0,7.9,0.0,17
2023-05-16 18:00:00,36.9,18,92.0,12.0,0.0,9
2023-05-16 19:00:00,34.1,24,9.0,12.5,0.0,1
2023-05-16 20:00:00,32.3,31,0.0,9.7,0.0,0
2023-05-16 21:00:00,32.1,29,0.0,14.5,0.0,0
2023-05-16 22:00:00,31.1,25,0.0,11.2,0.0,0
2023-05-16 23:00:00,29.4,24,0.0,7.6,0.0,0
2023-05-17 00:00:00,29.1,25,0.0,10.8,0.0,0
2023-05-17 01:00:00,27.0,27,0.0,10.8,0.0,0
2023-05-17 02:00:00,26.9,27,0.0,7.3,0.0,0
2023-05-17 03:00:00,26.9,27,0.0,9.4,0.0,0
2023-05-17 04:00:00,26.0,29,0.0,7.8,0.0,0
2023-05-17 05:00:00,26.9,36,0.0,10.2,0.0,0
2023-05-17 06:00:00,30.7,29,36.0,7.9,0.0,1
2023-05-17 07:00:00,31.4,29,164.0,14.4,0.0,11
2023-05-17 08:00:00,34.4,24,351.0,14.3,0.0,3
2023-05-17 09:00:00,36.5,21,537.0,18.9,0.0,28
2023-05-17 10:00:00,38.3,17,658.0,17.3,0.0,63
2023-05-17 11:00:00,39.8,15,809.0,14.0,0.0,49
2023-05-17 12:00:00,40.3,14,798.0,12.4,0.0,71
2023-05-17 13:00:00,40.8,14,775.0,15.8,0.0,76
2023-05-17 14:00:00,40.9,13,718.0,16.0,0.0,90
2023-05-17 15:00:00,40.2,14,505.0,15.2,0.0,20
2023-05-17 16:00:00,40.1,14,432.0,14.1,0.0,23
2023-05-17 17:00:00,32.7,34,251.0,20.6,0.0,67
2023-05-17 18:00:00,32.6,35,77.0,15.4,0.0,72
2023-05-17 19:00:00,32.4,29,8.0,20.2,0.0,59
2023-05-17 20:00:00,31.3,36,0.0,17.8,0.0,8
2023-05-17 21:00:00,31.3,33,0.0,14.6,0.0,28
2023-05-17 22:00:00,30.4,37,0.0,13.7,0.0,15
2023-05-17 23:00:00,29.5,39,0.0,10.1,0.0,32
2023-05-18 00:00:00,28.6,40,0.0,7.4,0.0,12
2023-05-18 01:00:00,28.1,41,0.0,8.4,0.0,39
2023-05-18 02:00:00,27.6,41,0.0,8.4,0.0,4
2023-05-18 03:00:00,27.5,41,0.0,8.6,0.0,1
2023-05-18 04:00:00,27.2,41,0.0,8.0,0.0,0
2023-05-18 05:00:00,23.9,62,0.0,17.1,0.0,0
2023-05-18 06:00:00,24.5,60,33.0,13.7,0.0,100
2023-05-18 07:00:00,25.1,59,146.0,12.4,0.0,100
2023-05-18 08:00:00,26.9,51,295.0,11.2,0.0,93
2023-05-18 09:00:00,29.5,43,521.0,9.4,0.0,3
2023-05-18 10:00:00,32.0,35,685.0,7.8,0.0,0
2023-05-18 11:00:00,34.6,28,799.0,5.2,0.0,0
2023-05-18 12:00:00,36.4,25,853.0,1.1,0.0,0
2023-05-18 13:00:00,37.5,23,842.0,6.8,0.0,0
2023-05-18 14:00:00,38.0,22,766.0,12.1,0.0,3
2023-05-18 15:00:00,37.8,21,623.0,15.9,0.0,12
2023-05-18 16:00:00,36.8,22,428.0,21.6,0.0,94
2023-05-18 17:00:00,35.4,29,194.0,19.9,0.0,36
2023-05-18 18:00:00,33.8,33,104.0,19.6,0.0,47
2023-05-18 19:00:00,32.6,35,10.0,17.7,0.0,47
2023-05-18 20:00:00,31.6,37,0.0,15.8,0.0,29
2023-05-18 21:00:00,30.6,38,0.0,16.4,0.0,7
2023-05-18 22:00:00,29.7,39,0.0,16.4,0.0,0
2023-05-18 23:00:00,29.0,41,0.0,15.2,0.0,0
2023-05-19 00:00:00,28.3,43,0.0,14.4,0.0,0
2023-05-19 01:00:00,27.8,44,0.0,13.7,0.0,0
2023-05-19 02:00:00,27.2,44,0.0,12.7,0.0,0
2023-05-19 03:00:00,26.5,46,0.0,9.7,0.0,0
2023-05-19 04:00:00,25.9,48,0.0,10.7,0.0,0
2023-05-19 05:00:00,26.1,55,0.0,9.2,0.0,0
2023-05-19 06:00:00,26.7,55,38.0,11.5,0.0,0
2023-05-19 07:00:00,28.3,51,168.0,12.1,0.0,0
2023-05-19 08:00:00,30.3,46,349.0,12.8,0.0,0
2023-05-19 09:00:00,32.3,41,536.0,14.2,0.0,0
2023-05-19 10:00:00,34.0,34,698.0,17.8,0.0,0
2023-05-19 11:00:00,35.4,27,812.0,19.3,0.0,0
2023-05-19 12:00:00,36.2,24,865.0,20.8,0.0,0
2023-05-19 13:00:00,37.0,23,852.0,20.4,0.0,0
2023-05-19 14:00:00,37.7,21,773.0,20.8,0.0,0
2023-05-19 15:00:00,37.9,19,639.0,21.6,0.0,0
2023-05-19 16:00:00,37.7,18,465.0,21.6,0.0,0
2023-05-19 17:00:00,37.3,19,275.0,20.5,0.0,1
2023-05-19 18:00:00,35.5,22,98.0,14.0,0.0,5
2023-05-19 19:00:00,32.3,28,11.0,7.4,0.0,0
2023-05-19 20:00:00,30.8,32,0.0,7.2,0.0,0
2023-05-19 21:00:00,30.0,33,0.0,9.4,0.0,0
2023-05-19 22:00:00,29.5,33,0.0,10.8,0.0,0
2023-05-19 23:00:00,29.1,33,0.0,11.1,0.0,0
2023-05-20 00:00:00,28.4,35,0.0,10.1,0.0,0
2023-05-20 01:00:00,27.4,37,0.0,7.4,0.0,0
2023-05-20 02:00:00,26.5,39,0.0,8.7,0.0,0
2023-05-20 03:00:00,25.8,41,0.0,9.6,0.0,0
2023-05-20 04:00:00,25.0,43,0.0,9.0,0.0,0
2023-05-20 05:00:00,24.8,50,0.0,8.2,0.0,0
2023-05-20 06:00:00,26.4,46,39.0,11.8,0.0,0
2023-05-20 07:00:00,28.8,43,172.0,10.4,0.0,0
2023-05-20 08:00:00,32.0,34,356.0,10.0,0.0,0
2023-05-20 09:00:00,34.5,30,544.0,11.9,0.0,0
2023-05-20 10:00:00,36.3,25,703.0,14.0,0.0,0
2023-05-20 11:00:00,37.4,22,811.0,17.3,0.0,3
2023-05-20 12:00:00,38.3,20,848.0,19.1,0.0,4
2023-05-20 13:00:00,39.1,18,854.0,21.5,0.0,1
2023-05-20 14:00:00,39.8,14,780.0,22.1,0.0,5
2023-05-20 15:00:00,40.0,13,647.0,24.1,0.0,1
2023-05-20 16:00:00,39.5,13,473.0,24.1,0.0,6
2023-05-20 17:00:00,39.1,15,279.0,17.6,0.0,1
2023-05-20 18:00:00,36.9,17,109.0,8.9,0.0,0
2023-05-20 19:00:00,32.4,24,11.0,10.7,0.0,0
2023-05-20 20:00:00,31.7,27,0.0,8.9,0.0,0
2023-05-20 21:00:00,30.9,29,0.0,8.5,0.0,0
2023-05-20 22:00:00,34.1,21,0.0,5.5,0.0,0
2023-05-20 23:00:00,33.1,22,0.0,3.3,0.0,0
2023-05-21 00:00:00,32.0,24,0.0,3.8,0.0,0
2023-05-21 01:00:00,30.7,26,0.0,3.1,0.0,0
2023-05-21 02:00:00,27.1,32,0.0,6.4,0.0,0
2023-05-21 03:00:00,26.8,32,0.0,6.5,0.0,0
2023-05-21 04:00:00,25.4,36,0.0,8.6,0.0,0
2023-05-21 05:00:00,26.7,38,0.0,7.2,0.0,0
2023-05-21 06:00:00,28.1,37,37.0,8.3,0.0,0
2023-05-21 07:00:00,30.8,33,168.0,2.5,0.0,0
2023-05-21 08:00:00,33.7,28,351.0,5.5,0.0,0
2023-05-21 09:00:00,36.2,24,540.0,3.4,0.0,0
2023-05-21 10:00:00,38.4,21,702.0,3.7,0.0,0
2023-05-21 11:00:00,40.2,17,816.0,7.5,0.0,0
2023-05-21 12:00:00,41.4,14,869.0,13.9,0.0,14
2023-05-21 13:00:00,42.0,13,844.0,18.7,0.0,9
2023-05-21 14:00:00,42.4,12,761.0,21.1,0.0,25
2023-05-21 15:00:00,42.2,11,594.0,22.9,0.0,92
2023-05-21 16:00:00,41.9,11,405.0,23.0,0.0,100
2023-05-21 17:00:00,41.8,9,256.0,15.8,0.0,66
2023-05-21 18:00:00,39.6,11,104.0,15.3,0.0,33
2023-05-21 19:00:00,37.1,13,12.0,11.5,0.0,1
2023-05-21 20:00:00,33.5,18,0.0,10.2,0.0,27
2023-05-21 21:00:00,31.6,22,0.0,9.6,0.0,99
2023-05-21 22:00:00,33.9,20,0.0,8.4,0.0,0
2023-05-21 23:00:00,31.4,22,0.0,9.8,0.0,0
2023-05-22 00:00:00,31.2,23,0.0,14.1,0.0,0
2023-05-22 01:00:00,30.5,23,0.0,10.9,0.0,36
2023-05-22 02:00:00,29.8,22,0.0,11.7,0.0,6
2023-05-22 03:00:00,31.4,20,0.0,18.4,0.0,0
2023-05-22 04:00:00,30.4,22,0.0,18.6,0.0,6
2023-05-22 05:00:00,33.5,24,0.0,22.3,0.0,15
2023-05-22 06:00:00,33.1,26,38.0,20.6,0.0,0
2023-05-22 07:00:00,34.3,27,170.0,16.5,0.0,0
2023-05-22 08:00:00,35.9,25,352.0,21.5,0.0,0
2023-05-22 09:00:00,37.6,23,537.0,24.8,0.0,0
2023-05-22 10:00:00,39.6,21,696.0,24.7,0.0,0
2023-05-22 11:00:00,41.1,19,807.0,23.4,0.0,0
2023-05-22 12:00:00,42.1,18,858.0,23.8,0.0,47
2023-05-22 13:00:00,41.2,16,781.0,26.3,0.0,87
2023-05-22 14:00:00,39.7,18,485.0,28.0,0.0,100
2023-05-22 15:00:00,40.2,17,375.0,25.6,0.0,99
2023-05-22 16:00:00,40.5,16,319.0,20.5,0.0,99
2023-05-22 17:00:00,41.6,13,216.0,13.0,0.0,100
2023-05-22 18:00:00,39.1,16,73.0,8.0,0.0,100
2023-05-22 19:00:00,36.5,18,11.0,10.9,0.0,100
2023-05-22 20:00:00,34.0,21,0.0,9.0,0.0,100
2023-05-22 21:00:00,33.8,22,0.0,12.0,0.0,96
2023-05-22 22:00:00,34.5,21,0.0,19.5,0.0,100
2023-05-22 23:00:00,34.3,21,0.0,15.8,0.0,59
2023-05-23 00:00:00,32.9,22,0.0,13.7,0.0,87
2023-05-23 01:00:00,31.7,24,0.0,15.3,0.0,2
2023-05-23 02:00:00,31.9,24,0.0,17.3,0.0,1
2023-05-23 03:00:00,32.4,23,0.0,20.3,0.0,0
2023-05-23 04:00:00,31.7,24,0.0,19.2,0.0,85
2023-05-23 05:00:00,32.4,25,0.0,22.9,0.0,0
2023-05-23 06:00:00,33.1,26,38.0,23.6,0.0,2
2023-05-23 07:00:00,34.4,27,167.0,20.6,0.0,3
2023-05-23 08:00:00,36.0,27,343.0,21.7,0.0,9
2023-05-23 09:00:00,37.8,27,526.0,19.4,0.0,20
2023-05-23 10:00:00,39.7,26,686.0,21.1,0.0,77
2023-05-23 11:00:00,41.4,23,792.0,20.6,0.0,96
2023-05-23 12:00:00,42.5,19,764.0,19.9,0.0,91
2023-05-23 13:00:00,43.6,15,771.0,19.6,0.0,99
2023-05-23 14:00:00,42.4,15,472.0,22.9,0.0,97
2023-05-23 15:00:00,41.8,14,424.0,28.0,0.0,97
2023-05-23 16:00:00,40.2,17,212.0,24.2,0.0,100
2023-05-23 17:00:00,31.6,41,167.0,11.3,0.0,100
2023-05-23 18:00:00,30.0,52,12.0,8.4,0.9,100
2023-05-23 19:00:00,31.8,43,7.0,19.7,0.1,100
2023-05-23 20:00:00,32.1,38,0.0,20.0,0.0,100
2023-05-23 21:00:00,32.1,36,0.0,16.9,0.0,100
2023-05-23 22:00:00,32.1,35,0.0,12.4,0.0,100
2023-05-23 23:00:00,31.5,37,0.0,9.7,0.0,100
2023-05-24 00:00:00,30.5,40,0.0,8.1,0.0,64
2023-05-24 01:00:00,29.1,45,0.0,6.4,0.0,100
2023-05-24 02:00:00,28.0,48,0.0,9.3,0.0,98
2023-05-24 03:00:00,27.9,48,0.0,8.3,0.0,98
2023-05-24 04:00:00,28.6,45,0.0,7.1,0.0,100
2023-05-24 05:00:00,27.6,54,0.0,11.8,0.0,99
2023-05-24 06:00:00,27.7,54,39.0,9.4,0.0,42
2023-05-24 07:00:00,29.2,50,158.0,8.3,0.0,97
2023-05-24 08:00:00,29.7,46,192.0,10.8,0.0,94
2023-05-24 09:00:00,31.2,41,354.0,12.6,0.0,99
2023-05-24 10:00:00,34.1,37,641.0,14.2,0.0,14
2023-05-24 11:00:00,36.4,32,778.0,12.6,0.0,72
2023-05-24 12:00:00,37.3,28,779.0,13.7,0.0,98
2023-05-24 13:00:00,37.7,26,653.0,13.6,0.0,97
2023-05-24 14:00:00,37.2,26,473.0,8.5,0.1,100
2023-05-24 15:00:00,36.3,27,332.0,5.6,0.0,100
2023-05-24 16:00:00,35.8,26,203.0,17.0,0.0,100
2023-05-24 17:00:00,30.1,55,167.0,5.6,0.0,100
2023-05-24 18:00:00,29.7,54,46.0,8.9,0.1,100
2023-05-24 19:00:00,28.7,57,7.0,11.0,0.0,100
2023-05-24 20:00:00,27.8,64,0.0,18.5,0.0,100
2023-05-24 21:00:00,27.2,67,0.0,16.4,0.0,100
2023-05-24 22:00:00,26.8,69,0.0,5.1,0.0,100
2023-05-24 23:00:00,26.3,77,0.0,2.2,0.0,100
2023-05-25 00:00:00,25.8,76,0.0,1.6,0.0,97
2023-05-25 01:00:00,25.6,77,0.0,4.3,0.0,17
2023-05-25 02:00:00,25.3,79,0.0,7.1,0.0,3
2023-05-25 03:00:00,24.9,79,0.0,3.0,0.0,21
2023-05-25 04:00:00,25.0,79,0.0,3.0,0.0,0
2023-05-25 05:00:00,23.4,75,0.0,7.6,0.0,0
2023-05-25 06:00:00,25.3,64,37.0,5.1,0.0,91
2023-05-25 07:00:00,26.8,58,154.0,8.1,0.0,0
2023-05-25 08:00:00,28.9,52,342.0,5.3,0.0,27
2023-05-25 09:00:00,29.8,48,528.0,19.5,0.1,100
2023-05-25 10:00:00,27.2,60,239.0,11.8,0.0,73
2023-05-25 11:00:00,30.6,46,738.0,12.2,0.0,41
2023-05-25 12:00:00,32.1,43,826.0,8.6,0.0,20
2023-05-25 13:00:00,33.1,41,820.0,7.6,0.0,0
2023-05-25 14:00:00,33.8,40,749.0,8.8,0.0,25
2023-05-25 15:00:00,33.9,39,563.0,12.6,0.0,61
2023-05-25 16:00:00,32.4,43,363.0,14.0,0.1,88
2023-05-25 17:00:00,29.1,48,175.0,6.8,0.0,90
2023-05-25 18:00:00,29.4,47,105.0,3.0,0.0,2
2023-05-25 19:00:00,27.9,57,13.0,11.7,0.0,35
2023-05-25 20:00:00,27.1,59,0.0,5.7,0.0,34
2023-05-25 21:00:00,26.5,61,0.0,8.0,0.0,100
2023-05-25 22:00:00,26.6,62,0.0,10.9,0.0,100
2023-05-25 23:00:00,25.8,67,0.0,2.3,0.0,100
2023-05-26 00:00:00,25.3,69,0.0,2.9,0.0,98
2023-05-26 01:00:00,24.9,72,0.0,4.0,0.0,89
2023-05-26 02:00:00,24.3,75,0.0,5.4,0.0,91
2023-05-26 03:00:00,23.4,79,0.0,6.1,0.0,89
2023-05-26 04:00:00,23.6,77,0.0,5.6,0.0,0
2023-05-26 05:00:00,22.7,82,0.0,3.6,0.0,0
2023-05-26 06:00:00,23.0,81,30.0,5.1,0.0,98
2023-05-26 07:00:00,24.2,76,152.0,6.8,0.0,0
2023-05-26 08:00:00,26.1,65,346.0,7.0,0.0,0
2023-05-26 09:00:00,28.2,55,525.0,5.8,0.0,0
2023-05-26 10:00:00,29.9,49,681.0,3.7,0.0,0
2023-05-26 11:00:00,31.4,43,789.0,0.8,0.0,0
2023-05-26 12:00:00,32.6,39,832.0,2.1,0.0,5
2023-05-26 13:00:00,33.6,36,814.0,5.0,0.0,2
2023-05-26 14:00:00,34.2,34,752.0,4.2,0.0,15
2023-05-26 15:00:00,34.5,33,606.0,3.6,0.0,22
2023-05-26 16:00:00,34.5,33,446.0,1.8,0.0,59
2023-05-26 17:00:00,32.9,35,254.0,6.8,0.0,78
2023-05-26 18:00:00,32.1,37,108.0,6.4,0.0,26
2023-05-26 19:00:00,30.3,42,13.0,7.7,0.0,71
2023-05-26 20:00:00,29.5,45,0.0,9.4,0.0,12
2023-05-26 21:00:00,28.4,48,0.0,5.0,0.0,1
2023-05-26 22:00:00,27.6,51,0.0,6.8,0.0,5
2023-05-26 23:00:00,27.1,55,0.0,7.7,0.0,1
2023-05-27 00:00:00,26.7,58,0.0,8.7,0.0,1
2023-05-27 01:00:00,26.4,61,0.0,6.7,0.0,5
2023-05-27 02:00:00,21.0,90,0.0,36.1,6.1,100
2023-05-27 03:00:00,22.2,83,0.0,16.2,1.9,100
2023-05-27 04:00:00,22.4,80,0.0,14.0,0.1,96
2023-05-27 05:00:00,21.4,90,0.0,31.6,0.0,30
2023-05-27 06:00:00,22.5,85,5.0,15.2,4.5,100
2023-05-27 07:00:00,22.1,84,35.0,15.5,4.0,100
2023-05-27 08:00:00,22.6,84,61.0,15.1,0.5,100
2023-05-27 09:00:00,22.4,91,80.0,15.1,1.5,100
2023-05-27 10:00:00,25.0,81,254.0,16.9,0.6,100
2023-05-27 11:00:00,30.3,49,727.0,14.4,0.0,100
2023-05-27 12:00:00,32.4,39,805.0,13.6,0.0,100
2023-05-27 13:00:00,33.2,37,828.0,13.7,0.0,0
2023-05-27 14:00:00,33.6,37,770.0,12.1,0.0,0
2023-05-27 15:00:00,33.8,36,636.0,9.2,0.0,0
2023-05-27 16:00:00,33.6,37,464.0,8.0,0.0,0
2023-05-27 17:00:00,31.7,47,278.0,8.5,0.0,50
2023-05-27 18:00:00,30.9,51,83.0,4.9,0.0,38
2023-05-27 19:00:00,29.3,58,12.0,5.2,0.0,24
2023-05-27 20:00:00,28.1,63,0.0,7.0,0.0,15
2023-05-27 21:00:00,27.2,61,0.0,9.5,0.0,20
2023-05-27 22:00:00,26.7,62,0.0,6.9,0.0,37
2023-05-27 23:00:00,26.4,64,0.0,7.9,0.0,16
2023-05-28 00:00:00,25.9,66,0.0,7.7,0.0,9
2023-05-28 01:00:00,25.4,69,0.0,6.8,0.0,3
2023-05-28 02:00:00,25.2,70,0.0,8.4,0.0,4
2023-05-28 03:00:00,25.0,71,0.0,8.7,0.0,2
2023-05-28 04:00:00,24.7,71,0.0,9.2,0.0,0
2023-05-28 05:00:00,24.3,79,0.0,6.0,0.0,0
2023-05-28 06:00:00,25.2,76,40.0,8.2,0.0,100
2023-05-28 07:00:00,27.1,68,157.0,18.1,0.0,100
2023-05-28 08:00:00,24.0,75,213.0,11.7,0.3,100
2023-05-28 09:00:00,27.2,65,438.0,3.2,0.0,5
2023-05-28 10:00:00,29.9,57,683.0,1.8,0.0,4
2023-05-28 11:00:00,31.5,53,797.0,2.3,0.0,50
2023-05-28 12:00:00,32.7,49,844.0,4.6,0.0,77
2023-05-28 13:00:00,33.6,46,815.0,5.0,0.0,72
2023-05-28 14:00:00,33.8,44,666.0,5.6,0.0,100
2023-05-28 15:00:00,33.6,44,409.0,6.9,0.0,100
2023-05-28 16:00:00,33.6,44,382.0,7.3,0.0,52
2023-05-28 17:00:00,26.2,70,271.0,6.2,0.0,98
2023-05-28 18:00:00,26.7,69,111.0,8.4,0.0,100
2023-05-28 19:00:00,25.8,70,13.0,9.7,0.0,100
2023-05-28 20:00:00,24.9,76,0.0,8.2,0.0,99
2023-05-28 21:00:00,24.1,82,0.0,7.4,0.0,100
2023-05-28 22:00:00,24.2,82,0.0,6.9,0.0,100
2023-05-28 23:00:00,24.5,80,0.0,5.7,0.0,100
2023-05-29 00:00:00,24.4,83,0.0,7.5,0.0,100
2023-05-29 01:00:00,24.4,84,0.0,5.4,0.0,100
2023-05-29 02:00:00,24.4,84,0.0,0.4,0.0,95
2023-05-29 03:00:00,23.5,90,0.0,3.3,0.0,100
2023-05-29 04:00:00,23.4,89,0.0,4.7,0.0,90
2023-05-29 05:00:00,22.5,88,0.0,8.9,0.0,0
2023-05-29 06:00:00,23.6,87,30.0,9.5,0.1,3
2023-05-29 07:00:00,25.5,80,167.0,9.8,0.0,79
2023-05-29 08:00:00,27.1,71,302.0,7.5,0.0,53
2023-05-29 09:00:00,29.3,63,474.0,5.3,0.0,25
2023-05-29 10:00:00,30.9,56,646.0,2.8,0.0,29
2023-05-29 11:00:00,32.7,49,755.0,6.1,0.0,28
2023-05-29 12:00:00,34.1,44,823.0,8.7,0.0,61
2023-05-29 13:00:00,28.4,65,600.0,20.0,0.9,100
2023-05-29 14:00:00,29.9,55,387.0,7.5,0.1,77
2023-05-29 15:00:00,31.1,53,476.0,7.0,0.1,77
2023-05-29 16:00:00,29.7,54,334.0,7.4,0.0,83
2023-05-29 17:00:00,29.0,60,152.0,9.7,0.0,100
2023-05-29 18:00:00,28.1,62,60.0,5.7,0.0,52
2023-05-29 19:00:00,26.6,70,13.0,5.6,0.0,97
2023-05-29 20:00:00,25.6,79,0.0,10.4,0.0,97
2023-05-29 21:00:00,25.1,79,0.0,8.7,0.0,100
2023-05-29 22:00:00,25.6,74,0.0,11.7,0.0,100
2023-05-29 23:00:00,25.4,73,0.0,11.7,0.0,100
2023-05-30 00:00:00,25.2,73,0.0,13.0,0.0,100
2023-05-30 01:00:00,24.5,75,0.0,10.8,0.0,6
2023-05-30 02:00:00,23.8,76,0.0,7.8,0.0,54
2023-05-30 03:00:00,23.2,79,0.0,4.6,0.0,32
2023-05-30 04:00:00,22.7,82,0.0,5.7,0.0,56
2023-05-30 05:00:00,23.2,84,0.0,9.9,0.0,80
2023-05-30 06:00:00,24.0,79,40.0,9.3,0.0,26
2023-05-30 07:00:00,25.2,71,153.0,13.2,0.0,0
2023-05-30 08:00:00,27.0,64,337.0,8.3,0.0,1
2023-05-30 09:00:00,29.1,57,520.0,5.6,0.0,0
2023-05-30 10:00:00,31.0,52,676.0,5.6,0.0,0
2023-05-30 11:00:00,32.4,46,784.0,0.4,0.0,13
2023-05-30 12:00:00,33.0,43,814.0,3.4,0.0,14
2023-05-30 13:00:00,33.7,42,788.0,3.3,0.0,24
2023-05-30 14:00:00,34.1,40,706.0,3.7,0.0,31
2023-05-30 15:00:00,34.0,39,566.0,4.9,0.0,100
2023-05-30 16:00:00,33.6,39,397.0,7.1,0.0,41
2023-05-30 17:00:00,27.2,66,220.0,15.2,0.0,59
2023-05-30 18:00:00,26.3,69,57.0,17.4,0.0,87
2023-05-30 19:00:00,25.3,72,7.0,9.6,0.0,42
2023-05-30 20:00:00,25.0,74,0.0,7.9,0.0,12
2023-05-30 21:00:00,24.6,78,0.0,8.7,0.1,13
2023-05-30 22:00:00,23.8,85,0.0,13.7,0.0,8
2023-05-30 23:00:00,23.3,84,0.0,2.6,0.0,1
2023-05-31 00:00:00,23.2,84,0.0,8.6,0.0,5
2023-05-31 01:00:00,23.1,85,0.0,6.2,0.0,5
2023-05-31 02:00:00,22.5,90,0.0,5.5,0.0,13
2023-05-31 03:00:00,22.3,91,0.0,4.0,0.0,14
2023-05-31 04:00:00,22.0,92,0.0,2.9,0.0,12
2023-05-31 05:00:00,21.6,91,0.0,5.1,0.0,20
2023-05-31 06:00:00,21.9,90,23.0,14.4,0.0,86
2023-05-31 07:00:00,23.0,84,135.0,20.0,0.0,50
2023-05-31 08:00:00,23.9,77,267.0,19.1,0.0,50
2023-05-31 09:00:00,25.4,70,377.0,11.2,0.1,32
2023-05-31 10:00:00,26.4,66,614.0,13.0,0.9,20
2023-05-31 11:00:00,27.9,60,658.0,12.4,0.0,26
2023-05-31 12:00:00,29.1,54,764.0,12.2,0.0,20
2023-05-31 13:00:00,29.9,51,743.0,11.5,0.1,36
2023-05-31 14:00:00,30.1,49,632.0,10.5,0.0,100
2023-05-31 15:00:00,30.9,44,552.0,13.9,0.0,100
2023-05-31 16:00:00,29.6,47,269.0,14.4,0.0,100
2023-05-31 17:00:00,26.2,72,160.0,24.8,1.8,48
2023-05-31 18:00:00,25.1,70,90.0,10.5,0.0,27
2023-05-31 19:00:00,24.3,72,14.0,5.9,0.0,4
2023-05-31 20:00:00,23.4,78,0.0,5.4,0.0,3
2023-05-31 21:00:00,22.8,82,0.0,4.7,0.0,0
2023-05-31 22:00:00,22.0,87,0.0,6.1,0.0,0
2023-05-31 23:00:00,21.8,85,0.0,6.0,0.0,0
2023-06-01 00:00:00,21.7,85,0.0,5.4,0.0,0
2023-06-01 01:00:00,21.1,90,0.0,5.5,0.0,0
2023-06-01 02:00:00,20.5,93,0.0,7.1,0.0,0
2023-06-01 03:00:00,20.3,94,0.0,5.5,0.0,0
2023-06-01 04:00:00,20.0,95,0.0,6.6,0.0,33
2023-06-01 05:00:00,19.9,94,0.0,5.1,0.0,100
2023-06-01 06:00:00,21.6,86,42.0,5.0,0.0,82
2023-06-01 07:00:00,23.4,78,171.0,4.7,0.0,61
2023-06-01 08:00:00,25.9,66,347.0,4.1,0.0,57
2023-06-01 09:00:00,28.1,52,501.0,3.0,0.0,62
2023-06-01 10:00:00,29.8,45,640.0,2.0,0.0,30
2023-06-01 11:00:00,31.2,41,784.0,4.7,0.0,25
2023-06-01 12:00:00,32.3,39,817.0,7.3,0.0,8
2023-06-01 13:00:00,33.2,38,827.0,9.3,0.0,7
2023-06-01 14:00:00,33.6,37,752.0,10.2,0.0,30
2023-06-01 15:00:00,31.4,42,557.0,11.2,0.4,22
2023-06-01 16:00:00,32.0,39,421.0,12.2,0.0,20
2023-06-01 17:00:00,29.7,50,259.0,15.3,0.0,37
2023-06-01 18:00:00,28.0,61,109.0,16.4,0.0,24
2023-06-01 19:00:00,26.7,68,14.0,10.6,0.0,6
2023-06-01 20:00:00,26.2,70,0.0,5.0,0.0,1
2023-06-01 21:00:00,26.2,69,0.0,11.2,0.0,41
2023-06-01 22:00:00,25.9,68,0.0,6.2,0.0,2
2023-06-01 23:00:00,25.0,71,0.0,8.0,0.0,24
2023-06-02 00:00:00,24.3,72,0.0,9.2,0.0,100
2023-06-02 01:00:00,24.1,71,0.0,17.8,0.0,100
2023-06-02 02:00:00,22.9,76,0.0,8.7,0.4,99
2023-06-02 03:00:00,22.5,83,0.0,7.4,0.9,99
2023-06-02 04:00:00,22.0,86,0.0,15.2,0.0,0
2023-06-02 05:00:00,23.2,75,0.0,14.5,0.0,15
2023-06-02 06:00:00,23.8,74,43.0,14.0,0.0,3
2023-06-02 07:00:00,24.7,62,167.0,13.0,0.0,100
2023-06-02 08:00:00,26.1,55,318.0,10.8,0.0,12
2023-06-02 09:00:00,27.9,47,518.0,9.8,0.0,6
2023-06-02 10:00:00,29.7,41,676.0,7.5,0.0,0
2023-06-02 11:00:00,31.1,38,789.0,6.1,0.0,1
2023-06-02 12:00:00,32.0,38,843.0,7.2,0.0,1
2023-06-02 13:00:00,32.6,37,830.0,8.5,0.0,1
2023-06-02 14:00:00,33.0,37,754.0,10.0,0.0,1
2023-06-02 15:00:00,32.9,37,627.0,11.3,0.0,4
2023-06-02 16:00:00,32.4,39,452.0,12.5,0.0,3
2023-06-02 17:00:00,30.6,46,272.0,9.0,0.0,10
2023-06-02 18:00:00,30.3,47,100.0,6.5,0.0,45
2023-06-02 19:00:00,28.5,55,13.0,4.8,0.0,20
2023-06-02 20:00:00,27.7,58,0.0,6.1,0.0,13
2023-06-02 21:00:00,27.0,58,0.0,7.2,0.0,0
2023-06-02 22:00:00,25.8,62,0.0,5.4,0.0,1
2023-06-02 23:00:00,24.5,69,0.0,7.6,0.0,0
2023-06-03 00:00:00,24.7,67,0.0,5.9,0.0,0
2023-06-03 01:00:00,23.7,70,0.0,7.1,0.0,0
2023-06-03 02:00:00,23.3,71,0.0,6.3,0.0,0
2023-06-03 03:00:00,23.0,72,0.0,5.2,0.0,0
2023-06-03 04:00:00,22.7,72,0.0,5.6,0.0,0
2023-06-03 05:00:00,23.7,70,0.0,5.4,0.0,0
2023-06-03 06:00:00,25.0,66,41.0,6.6,0.0,19
2023-06-03 07:00:00,26.5,61,163.0,4.0,0.0,17
2023-06-03 08:00:00,28.8,53,337.0,5.1,0.0,0
2023-06-03 09:00:00,30.7,46,518.0,6.4,0.0,2
2023-06-03 10:00:00,31.9,44,681.0,8.1,0.0,1
2023-06-03 11:00:00,33.0,41,791.0,11.3,0.0,0
2023-06-03 12:00:00,33.9,37,851.0,11.7,0.0,0
2023-06-03 13:00:00,34.5,35,843.0,10.8,0.0,0
2023-06-03 14:00:00,34.9,33,770.0,11.0,0.0,0
2023-06-03 15:00:00,34.8,33,641.0,11.1,0.0,0
2023-06-03 16:00:00,34.4,34,472.0,10.3,0.0,0
2023-06-03 17:00:00,34.7,34,286.0,8.4,0.0,3
2023-06-03 18:00:00,33.3,39,119.0,8.0,0.0,71
2023-06-03 19:00:00,31.2,45,17.0,8.7,0.0,100
2023-06-03 20:00:00,30.1,48,0.0,8.0,0.0,70
2023-06-03 21:00:00,28.8,51,0.0,6.8,0.0,82
2023-06-03 22:00:00,27.4,55,0.0,5.7,0.0,99
2023-06-03 23:00:00,26.9,61,0.0,8.6,0.0,100
2023-06-04 00:00:00,26.0,67,0.0,6.3,0.0,34
2023-06-04 01:00:00,24.6,74,0.0,5.4,0.0,53
2023-06-04 02:00:00,24.5,75,0.0,8.7,0.0,96
2023-06-04 03:00:00,24.3,75,0.0,9.8,0.0,20
2023-06-04 04:00:00,23.9,77,0.0,8.4,0.0,0
2023-06-04 05:00:00,25.1,72,0.0,12.6,0.0,0
2023-06-04 06:00:00,25.8,70,31.0,10.5,0.0,100
2023-06-04 07:00:00,27.2,64,131.0,9.2,0.0,100
2023-06-04 08:00:00,29.5,54,268.0,8.2,0.0,100
2023-06-04 09:00:00,31.6,46,414.0,9.4,0.0,100
2023-06-04 10:00:00,33.5,38,584.0,9.1,0.0,100
2023-06-04 11:00:00,34.8,34,730.0,10.5,0.0,33
2023-06-04 12:00:00,35.8,33,829.0,12.5,0.0,17
2023-06-04 13:00:00,36.2,32,804.0,12.5,0.0,17
2023-06-04 14:00:00,31.6,49,605.0,10.5,1.6,70
2023-06-04 15:00:00,33.5,41,482.0,9.5,0.0,72
2023-06-04 16:00:00,33.8,39,404.0,8.2,0.0,12
2023-06-04 17:00:00,30.7,59,262.0,10.8,0.0,6
2023-06-04 18:00:00,30.7,59,88.0,9.7,0.0,28
2023-06-04 19:00:00,29.8,63,16.0,13.5,0.0,5
2023-06-04 20:00:00,28.9,65,0.0,10.4,0.0,0
2023-06-04 21:00:00,27.8,65,0.0,11.2,0.0,2
2023-06-04 22:00:00,26.9,65,0.0,12.6,0.0,0
2023-06-04 23:00:00,26.4,67,0.0,12.6,0.0,0
2023-06-05 00:00:00,26.2,69,0.0,12.3,0.0,0
2023-06-05 01:00:00,25.8,71,0.0,11.7,0.0,0
2023-06-05 02:00:00,25.5,73,0.0,12.8,0.0,0
2023-06-05 03:00:00,25.3,75,0.0,12.2,0.0,0
2023-06-05 04:00:00,25.1,76,0.0,13.1,0.0,0
2023-06-05 05:00:00,25.9,73,0.0,14.3,0.0,0
2023-06-05 06:00:00,27.0,70,42.0,13.7,0.0,22
2023-06-05 07:00:00,28.6,62,160.0,14.1,0.0,20
2023-06-05 08:00:00,30.6,54,332.0,14.8,0.0,0
2023-06-05 09:00:00,32.9,44,523.0,15.7,0.0,0
2023-06-05 10:00:00,34.7,35,679.0,15.9,0.0,5
2023-06-05 11:00:00,35.9,31,777.0,15.2,0.0,14
2023-06-05 12:00:00,36.6,28,803.0,13.9,0.0,12
2023-06-05 13:00:00,36.9,28,798.0,14.7,0.0,13
2023-06-05 14:00:00,37.1,26,753.0,14.7,0.0,43
2023-06-05 15:00:00,36.9,27,544.0,13.4,0.0,35
2023-06-05 16:00:00,36.5,27,390.0,12.6,0.0,64
2023-06-05 17:00:00,36.6,27,229.0,18.7,0.0,65
2023-06-05 18:00:00,27.8,57,97.0,26.8,0.0,33
2023-06-05 19:00:00,28.0,57,13.0,7.6,0.1,55
2023-06-05 20:00:00,28.2,57,0.0,5.2,0.0,15
2023-06-05 21:00:00,27.5,59,0.0,5.4,0.0,2
2023-06-05 22:00:00,27.2,59,0.0,5.4,0.0,3
2023-06-05 23:00:00,27.3,55,0.0,9.2,0.0,0
2023-06-06 00:00:00,26.8,55,0.0,9.9,0.0,0
2023-06-06 01:00:00,26.4,55,0.0,11.3,0.0,0
2023-06-06 02:00:00,26.0,57,0.0,10.6,0.0,0
2023-06-06 03:00:00,25.7,58,0.0,10.1,0.0,0
2023-06-06 04:00:00,25.2,61,0.0,8.7,0.0,0
2023-06-06 05:00:00,24.1,70,0.0,4.1,0.0,0
2023-06-06 06:00:00,26.3,61,43.0,4.2,0.0,0
2023-06-06 07:00:00,28.3,55,172.0,1.9,0.0,0
2023-06-06 08:00:00,31.2,46,349.0,4.1,0.0,0
2023-06-06 09:00:00,34.2,36,531.0,6.0,0.0,0
2023-06-06 10:00:00,36.2,30,688.0,7.6,0.0,1
2023-06-06 11:00:00,37.5,25,794.0,9.6,0.0,30
2023-06-06 12:00:00,38.2,22,765.0,13.5,0.0,20
2023-06-06 13:00:00,38.8,20,761.0,15.3,0.0,84
2023-06-06 14:00:00,37.8,20,581.0,19.0,0.0,62
2023-06-06 15:00:00,37.4,21,508.0,17.8,0.0,32
2023-06-06 16:00:00,37.3,20,431.0,16.1,0.0,7
2023-06-06 17:00:00,35.2,32,290.0,9.7,0.0,5
2023-06-06 18:00:00,33.0,38,86.0,7.2,0.0,25
2023-06-06 19:00:00,32.5,39,16.0,2.2,0.0,12
2023-06-06 20:00:00,30.5,45,0.0,5.8,0.0,46
2023-06-06 21:00:00,29.1,52,0.0,6.8,0.0,2
2023-06-06 22:00:00,28.5,53,0.0,5.8,0.0,0
2023-06-06 23:00:00,27.7,55,0.0,5.9,0.0,0
2023-06-07 00:00:00,27.2,57,0.0,5.8,0.0,0
2023-06-07 01:00:00,26.7,54,0.0,8.9,0.0,0
2023-06-07 02:00:00,25.9,56,0.0,9.1,0.0,0
2023-06-07 03:00:00,25.4,57,0.0,7.2,0.0,0
2023-06-07 04:00:00,25.0,59,0.0,6.8,0.0,0
2023-06-07 05:00:00,25.7,58,0.0,7.7,0.0,0
2023-06-07 06:00:00,27.1,52,43.0,9.6,0.0,0
2023-06-07 07:00:00,29.3,46,171.0,7.5,0.0,0
2023-06-07 08:00:00,32.0,39,346.0,7.6,0.0,0
2023-06-07 09:00:00,34.4,33,528.0,7.9,0.0,0
2023-06-07 10:00:00,36.1,28,685.0,8.8,0.0,0
2023-06-07 11:00:00,37.4,24,788.0,11.9,0.0,15
2023-06-07 12:00:00,38.1,21,851.0,14.3,0.0,14
2023-06-07 13:00:00,38.2,20,747.0,16.9,0.0,10
2023-06-07 14:00:00,38.4,20,750.0,20.5,0.0,30
2023-06-07 15:00:00,37.3,22,582.0,18.9,0.0,11
2023-06-07 16:00:00,36.6,23,455.0,18.2,0.0,0
2023-06-07 17:00:00,37.5,21,290.0,15.4,0.0,0
2023-06-07 18:00:00,36.1,24,123.0,13.8,0.0,1
2023-06-07 19:00:00,33.9,28,18.0,11.5,0.0,1
2023-06-07 20:00:00,32.4,32,0.0,10.7,0.0,0
2023-06-07 21:00:00,30.8,36,0.0,8.9,0.0,0
2023-06-07 22:00:00,29.7,39,0.0,9.1,0.0,0
2023-06-07 23:00:00,29.1,40,0.0,8.5,0.0,0
2023-06-08 00:00:00,28.2,42,0.0,7.1,0.0,0
2023-06-08 01:00:00,26.9,46,0.0,5.6,0.0,0
2023-06-08 02:00:00,26.3,49,0.0,6.0,0.0,0
2023-06-08 03:00:00,25.7,50,0.0,7.6,0.0,0
2023-06-08 04:00:00,25.1,52,0.0,7.2,0.0,0
2023-06-08 05:00:00,25.8,55,0.0,6.4,0.0,0
2023-06-08 06:00:00,27.7,51,43.0,8.2,0.0,0
2023-06-08 07:00:00,29.6,49,172.0,6.5,0.0,0
2023-06-08 08:00:00,32.3,43,352.0,6.8,0.0,6
2023-06-08 09:00:00,34.8,35,516.0,6.3,0.0,8
2023-06-08 10:00:00,36.5,29,659.0,8.2,0.0,3
2023-06-08 11:00:00,38.0,25,779.0,11.3,0.0,26
2023-06-08 12:00:00,38.8,23,802.0,14.5,0.0,23
2023-06-08 13:00:00,39.3,22,765.0,17.9,0.0,1
2023-06-08 14:00:00,39.3,22,727.0,20.3,0.0,28
2023-06-08 15:00:00,38.9,22,578.0,21.6,0.0,26
2023-06-08 16:00:00,38.2,23,395.0,19.3,0.0,12
2023-06-08 17:00:00,37.4,23,267.0,18.6,0.0,20
2023-06-08 18:00:00,37.4,21,114.0,13.7,0.0,14
2023-06-08 19:00:00,34.9,25,18.0,15.8,0.0,1
2023-06-08 20:00:00,33.6,28,0.0,14.5,0.0,0
2023-06-08 21:00:00,31.7,31,0.0,7.0,0.0,0
2023-06-08 22:00:00,29.9,36,0.0,8.5,0.0,0
2023-06-08 23:00:00,29.4,37,0.0,6.7,0.0,0
2023-06-09 00:00:00,28.9,37,0.0,6.2,0.0,0
2023-06-09 01:00:00,28.4,39,0.0,11.2,0.0,0
2023-06-09 02:00:00,27.8,41,0.0,9.7,0.0,0
2023-06-09 03:00:00,27.0,45,0.0,9.0,0.0,0
2023-06-09 04:00:00,26.4,47,0.0,9.0,0.0,0
2023-06-09 05:00:00,26.0,49,0.0,10.1,0.0,0
2023-06-09 06:00:00,29.1,51,38.0,11.9,0.0,6
2023-06-09 07:00:00,31.5,44,161.0,10.8,0.0,3
2023-06-09 08:00:00,33.7,38,332.0,13.7,0.0,2
2023-06-09 09:00:00,36.0,33,516.0,15.6,0.0,0
2023-06-09 10:00:00,37.8,29,674.0,18.5,0.0,1
2023-06-09 11:00:00,39.1,27,782.0,16.4,0.0,5
2023-06-09 12:00:00,40.1,24,823.0,17.2,0.0,10
2023-06-09 13:00:00,40.8,22,828.0,20.6,0.0,43
2023-06-09 14:00:00,40.4,22,665.0,20.8,0.0,14
2023-06-09 15:00:00,40.7,22,621.0,19.2,0.0,27
2023-06-09 16:00:00,40.7,21,442.0,18.7,0.0,21
2023-06-09 17:00:00,39.7,21,276.0,21.9,0.0,31
2023-06-09 18:00:00,38.4,27,100.0,17.3,0.0,50
2023-06-09 19:00:00,36.0,32,16.0,18.7,0.0,32
2023-06-09 20:00:00,34.5,35,0.0,18.7,0.0,5
2023-06-09 21:00:00,33.3,38,0.0,13.0,0.0,2
2023-06-09 22:00:00,32.5,41,0.0,13.2,0.0,0
2023-06-09 23:00:00,32.1,41,0.0,13.7,0.0,0
2023-06-10 00:00:00,31.3,42,0.0,11.7,0.0,0
2023-06-10 01:00:00,30.7,43,0.0,11.3,0.0,0
2023-06-10 02:00:00,30.0,46,0.0,10.2,0.0,0
2023-06-10 03:00:00,29.3,48,0.0,11.4,0.0,0
2023-06-10 04:00:00,28.8,50,0.0,11.6,0.0,0
2023-06-10 05:00:00,30.7,48,0.0,6.3,0.0,0
2023-06-10 06:00:00,26.5,65,37.0,20.1,0.0,46
2023-06-10 07:00:00,30.1,52,125.0,7.7,0.0,48
2023-06-10 08:00:00,34.7,37,291.0,12.4,0.0,12
2023-06-10 09:00:00,36.5,34,472.0,16.2,0.0,8
2023-06-10 10:00:00,37.7,34,631.0,17.3,0.0,8
2023-06-10 11:00:00,39.5,29,768.0,16.9,0.0,9
2023-06-10 12:00:00,40.4,26,810.0,17.7,0.0,38
2023-06-10 13:00:00,39.8,26,747.0,21.4,0.0,76
2023-06-10 14:00:00,39.1,29,553.0,17.9,0.0,17
2023-06-10 15:00:00,39.4,26,558.0,17.3,0.0,3
2023-06-10 16:00:00,38.9,27,440.0,20.5,0.0,20
2023-06-10 17:00:00,39.1,23,263.0,20.4,0.0,45
2023-06-10 18:00:00,37.6,28,90.0,16.1,0.0,30
2023-06-10 19:00:00,36.1,32,17.0,11.8,0.0,11
2023-06-10 20:00:00,34.6,36,0.0,9.4,0.0,1
2023-06-10 21:00:00,32.7,42,0.0,7.4,0.0,0
2023-06-10 22:00:00,31.6,49,0.0,6.1,0.0,0
2023-06-10 23:00:00,31.0,53,0.0,6.0,0.0,2
2023-06-11 00:00:00,30.2,56,0.0,7.6,0.0,0
2023-06-11 01:00:00,29.5,59,0.0,10.2,0.0,0
2023-06-11 02:00:00,29.1,60,0.0,10.8,0.0,0
2023-06-11 03:00:00,28.8,61,0.0,11.3,0.0,0
2023-06-11 04:00:00,28.9,56,0.0,11.8,0.0,0
2023-06-11 05:00:00,28.2,65,0.0,10.4,0.0,0
2023-06-11 06:00:00,28.9,63,42.0,13.7,0.0,22
2023-06-11 07:00:00,30.5,58,159.0,8.8,0.0,1
2023-06-11 08:00:00,33.1,51,337.0,10.4,0.0,0
2023-06-11 09:00:00,34.8,43,514.0,14.6,0.0,1
2023-06-11 10:00:00,36.5,36,666.0,17.3,0.0,0
2023-06-11 11:00:00,37.8,33,772.0,20.5,0.0,1
2023-06-11 12:00:00,38.6,32,822.0,20.7,0.0,4
2023-06-11 13:00:00,39.0,31,796.0,21.4,0.0,14
2023-06-11 14:00:00,39.2,31,714.0,21.9,0.0,13
2023-06-11 15:00:00,39.1,31,593.0,21.5,0.0,12
2023-06-11 16:00:00,38.9,31,449.0,21.3,0.0,11
2023-06-11 17:00:00,37.2,33,260.0,20.0,0.0,7
2023-06-11 18:00:00,36.4,34,120.0,17.4,0.0,3
2023-06-11 19:00:00,35.1,37,18.0,15.6,0.0,3
2023-06-11 20:00:00,34.2,41,0.0,15.0,0.0,3
2023-06-11 21:00:00,33.3,45,0.0,13.7,0.0,1
2023-06-11 22:00:00,32.6,48,0.0,14.3,0.0,1
2023-06-11 23:00:00,32.0,51,0.0,13.4,0.0,0
2023-06-12 00:00:00,31.3,54,0.0,11.2,0.0,0
2023-06-12 01:00:00,30.5,57,0.0,8.6,0.0,0
2023-06-12 02:00:00,29.9,59,0.0,9.0,0.0,0
2023-06-12 03:00:00,29.4,62,0.0,9.6,0.0,0
2023-06-12 04:00:00,29.0,63,0.0,9.4,0.0,0
2023-06-12 05:00:00,29.0,65,0.0,9.1,0.0,0
2023-06-12 06:00:00,29.8,63,38.0,10.4,0.0,7
2023-06-12 07:00:00,31.5,58,159.0,12.1,0.0,4
2023-06-12 08:00:00,33.8,51,335.0,15.3,0.0,1
2023-06-12 09:00:00,35.8,44,515.0,18.8,0.0,0
2023-06-12 10:00:00,37.3,39,671.0,22.8,0.0,12
2023-06-12 11:00:00,38.4,35,721.0,26.0,0.0,12
2023-06-12 12:00:00,39.3,33,778.0,26.9,0.0,10
2023-06-12 13:00:00,40.4,29,799.0,25.7,0.0,3
2023-06-12 14:00:00,41.0,27,749.0,26.0,0.0,5
2023-06-12 15:00:00,40.9,26,615.0,26.4,0.0,6
2023-06-12 16:00:00,40.5,25,449.0,25.6,0.0,11
2023-06-12 17:00:00,38.1,31,278.0,22.5,0.0,18
2023-06-12 18:00:00,37.8,31,94.0,19.7,0.0,23
2023-06-12 19:00:00,36.5,34,17.0,11.9,0.0,10
2023-06-12 20:00:00,35.4,40,0.0,11.0,0.0,0
2023-06-12 21:00:00,34.7,44,0.0,10.7,0.0,0
2023-06-12 22:00:00,34.0,46,0.0,10.9,0.0,0
2023-06-12 23:00:00,33.3,47,0.0,12.5,0.0,0
2023-06-13 00:00:00,32.6,48,0.0,12.7,0.0,0
2023-06-13 01:00:00,31.8,50,0.0,12.6,0.0,0
2023-06-13 02:00:00,31.2,51,0.0,13.0,0.0,0
2023-06-13 03:00:00,30.4,53,0.0,15.2,0.0,0
2023-06-13 04:00:00,30.2,50,0.0,14.4,0.0,0
2023-06-13 05:00:00,30.6,60,0.0,13.0,0.0,0
2023-06-13 06:00:00,31.8,54,40.0,15.2,0.0,2
2023-06-13 07:00:00,33.6,46,163.0,16.7,0.0,0
2023-06-13 08:00:00,36.0,37,341.0,22.3,0.0,0
2023-06-13 09:00:00,37.1,34,522.0,27.6,0.0,0
2023-06-13 10:00:00,38.3,32,680.0,29.1,0.0,0
2023-06-13 11:00:00,39.8,29,790.0,30.6,0.0,0
2023-06-13 12:00:00,41.1,25,824.0,29.6,0.0,19
2023-06-13 13:00:00,41.5,23,748.0,28.4,0.0,30
2023-06-13 14:00:00,41.9,20,688.0,28.5,0.0,16
2023-06-13 15:00:00,41.6,18,582.0,29.3,0.0,23
2023-06-13 16:00:00,41.0,18,436.0,27.9,0.0,18
2023-06-13 17:00:00,41.1,20,264.0,26.9,0.0,9
2023-06-13 18:00:00,39.9,22,118.0,20.8,0.0,18
2023-06-13 19:00:00,37.7,26,19.0,15.9,0.0,7
2023-06-13 20:00:00,36.2,29,0.0,14.5,0.0,2
2023-06-13 21:00:00,35.3,29,0.0,16.7,0.0,2
2023-06-13 22:00:00,35.0,30,0.0,21.7,0.0,0
2023-06-13 23:00:00,34.5,32,0.0,20.8,0.0,0
2023-06-14 00:00:00,33.7,36,0.0,18.8,0.0,0
2023-06-14 01:00:00,33.0,39,0.0,17.5,0.0,0
2023-06-14 02:00:00,32.0,41,0.0,17.1,0.0,0
2023-06-14 03:00:00,31.4,41,0.0,17.7,0.0,0
2023-06-14 04:00:00,31.4,41,0.0,19.1,0.0,0
2023-06-14 05:00:00,30.7,49,0.0,15.9,0.0,0
2023-06-14 06:00:00,31.5,46,42.0,16.4,0.0,0
2023-06-14 07:00:00,33.1,42,163.0,18.7,0.0,13
2023-06-14 08:00:00,34.8,41,317.0,24.2,0.0,0
2023-06-14 09:00:00,36.6,40,517.0,28.3,0.0,0
2023-06-14 10:00:00,38.2,35,673.0,30.0,0.0,6
2023-06-14 11:00:00,39.2,31,778.0,29.1,0.0,1
2023-06-14 12:00:00,40.2,27,842.0,27.6,0.0,6
2023-06-14 13:00:00,40.5,26,802.0,27.1,0.0,7
2023-06-14 14:00:00,40.4,26,699.0,27.6,0.0,12
2023-06-14 15:00:00,40.2,25,558.0,26.6,0.0,32
2023-06-14 16:00:00,39.2,27,368.0,25.9,0.0,30
2023-06-14 17:00:00,38.0,31,227.0,25.2,0.0,9
2023-06-14 18:00:00,37.5,32,99.0,21.5,0.0,10
2023-06-14 19:00:00,37.2,32,18.0,18.2,0.0,30
2023-06-14 20:00:00,35.8,35,0.0,17.1,0.0,58
2023-06-14 21:00:00,35.0,37,0.0,15.8,0.0,33
2023-06-14 22:00:00,33.7,42,0.0,12.3,0.0,18
2023-06-14 23:00:00,32.9,44,0.0,10.5,0.0,15
2023-06-15 00:00:00,32.2,46,0.0,10.2,0.0,12
2023-06-15 01:00:00,31.6,48,0.0,9.9,0.0,4
2023-06-15 02:00:00,31.3,48,0.0,12.9,0.0,3
2023-06-15 03:00:00,31.2,47,0.0,17.7,0.0,4
2023-06-15 04:00:00,31.7,45,0.0,21.7,0.0,1
2023-06-15 05:00:00,31.0,52,0.0,24.2,0.0,0
2023-06-15 06:00:00,32.0,48,38.0,24.7,0.0,10
2023-06-15 07:00:00,33.3,43,150.0,30.4,0.0,9
2023-06-15 08:00:00,32.3,48,295.0,30.8,0.0,5
2023-06-15 09:00:00,33.5,45,449.0,25.8,0.0,6
2023-06-15 10:00:00,35.2,41,610.0,26.8,0.0,10
2023-06-15 11:00:00,36.3,38,715.0,26.8,0.0,20
2023-06-15 12:00:00,36.3,38,746.0,25.6,0.0,22
2023-06-15 13:00:00,37.0,36,746.0,23.6,0.0,21
2023-06-15 14:00:00,37.2,36,710.0,21.9,0.0,9
2023-06-15 15:00:00,37.4,36,600.0,22.2,0.0,9
2023-06-15 16:00:00,37.0,35,449.0,21.6,0.0,26
2023-06-15 17:00:00,34.3,43,279.0,6.2,0.0,5
2023-06-15 18:00:00,33.4,51,114.0,6.4,0.4,38
2023-06-15 19:00:00,32.1,58,17.0,8.6,0.0,10
2023-06-15 20:00:00,31.1,62,0.0,3.7,0.0,13
2023-06-15 21:00:00,30.5,64,0.0,3.7,0.0,0
2023-06-15 22:00:00,30.3,63,0.0,5.4,0.0,4
2023-06-15 23:00:00,30.3,56,0.0,7.6,0.0,8
2023-06-16 00:00:00,29.8,55,0.0,7.4,0.0,9
2023-06-16 01:00:00,29.4,56,0.0,8.7,0.0,2
2023-06-16 02:00:00,29.0,58,0.0,7.2,0.0,4
2023-06-16 03:00:00,28.6,60,0.0,7.7,0.0,22
2023-06-16 04:00:00,28.8,60,0.0,9.4,0.0,21
2023-06-16 05:00:00,27.4,66,0.0,19.3,0.0,30
2023-06-16 06:00:00,27.4,70,37.0,18.2,0.3,2
2023-06-16 07:00:00,30.2,58,165.0,11.6,0.0,4
2023-06-16 08:00:00,32.4,50,330.0,15.6,0.0,4
2023-06-16 09:00:00,33.9,45,503.0,18.5,0.0,0
2023-06-16 10:00:00,35.6,39,663.0,21.6,0.0,17
2023-06-16 11:00:00,36.8,36,718.0,20.2,0.0,12
2023-06-16 12:00:00,37.7,34,820.0,19.6,0.0,14
2023-06-16 13:00:00,38.7,32,773.0,19.6,0.0,12
2023-06-16 14:00:00,33.4,47,762.0,28.1,0.3,100
2023-06-16 15:00:00,30.4,64,140.0,20.9,0.6,89
2023-06-16 16:00:00,32.5,55,311.0,17.8,0.0,16
2023-06-16 17:00:00,35.5,42,271.0,8.7,0.0,24
2023-06-16 18:00:00,34.7,44,99.0,10.6,0.0,28
2023-06-16 19:00:00,33.3,48,19.0,11.2,0.0,33
2023-06-16 20:00:00,32.6,51,0.0,7.9,0.0,86
2023-06-16 21:00:00,32.3,52,0.0,6.3,0.0,100
2023-06-16 22:00:00,32.2,54,0.0,7.0,0.0,95
2023-06-16 23:00:00,31.5,57,0.0,10.4,0.0,7
2023-06-17 00:00:00,30.7,60,0.0,10.2,0.0,87
2023-06-17 01:00:00,30.2,61,0.0,7.2,0.0,60
2023-06-17 02:00:00,29.6,63,0.0,6.6,0.0,7
2023-06-17 03:00:00,29.2,65,0.0,9.5,0.0,66
2023-06-17 04:00:00,29.1,67,0.0,15.0,0.0,72
2023-06-17 05:00:00,26.3,82,0.0,8.6,0.0,32
2023-06-17 06:00:00,28.0,78,26.0,15.2,0.2,70
2023-06-17 07:00:00,29.4,70,121.0,14.0,0.1,28
2023-06-17 08:00:00,32.2,56,327.0,10.7,0.0,28
2023-06-17 09:00:00,34.5,45,490.0,12.0,0.0,27
2023-06-17 10:00:00,36.1,40,649.0,12.2,0.0,13
2023-06-17 11:00:00,37.3,37,762.0,11.3,0.0,11
2023-06-17 12:00:00,38.2,35,809.0,11.0,0.0,72
2023-06-17 13:00:00,38.7,33,770.0,10.5,0.0,49
2023-06-17 14:00:00,39.1,32,694.0,8.4,0.0,48
2023-06-17 15:00:00,39.3,31,605.0,12.1,0.0,93
2023-06-17 16:00:00,38.4,33,299.0,10.9,0.0,99
2023-06-17 17:00:00,33.8,49,142.0,3.0,0.0,100
2023-06-17 18:00:00,34.3,46,71.0,10.2,0.0,95
2023-06-17 19:00:00,33.8,47,14.0,3.1,0.0,23
2023-06-17 20:00:00,32.7,53,0.0,13.4,0.0,99
2023-06-17 21:00:00,30.6,65,0.0,12.6,0.0,100
2023-06-17 22:00:00,30.1,66,0.0,12.4,0.0,100
2023-06-17 23:00:00,29.2,71,0.0,14.7,0.0,100
2023-06-18 00:00:00,28.8,72,0.0,11.7,0.0,100
2023-06-18 01:00:00,28.8,70,0.0,5.8,0.0,100
2023-06-18 02:00:00,28.8,70,0.0,2.6,0.0,100
2023-06-18 03:00:00,28.9,70,0.0,0.8,0.0,100
2023-06-18 04:00:00,28.6,72,0.0,8.7,0.0,70
2023-06-18 05:00:00,28.4,83,0.0,4.7,0.0,59
2023-06-18 06:00:00,29.6,76,36.0,6.5,0.0,100
2023-06-18 07:00:00,30.2,71,132.0,9.9,2.2,70
2023-06-18 08:00:00,30.5,71,300.0,7.2,1.3,67
2023-06-18 09:00:00,32.2,62,414.0,6.8,0.1,96
2023-06-18 10:00:00,33.8,55,559.0,8.0,0.0,76
2023-06-18 11:00:00,35.2,50,703.0,7.9,0.0,37
2023-06-18 12:00:00,36.5,45,763.0,8.9,0.0,30
2023-06-18 13:00:00,37.4,41,733.0,10.0,0.0,19
2023-06-18 14:00:00,37.9,38,695.0,10.5,0.0,49
2023-06-18 15:00:00,38.7,35,584.0,11.5,0.0,71
2023-06-18 16:00:00,34.4,48,390.0,17.7,0.4,39
2023-06-18 17:00:00,32.6,55,244.0,14.4,0.0,30
2023-06-18 18:00:00,32.6,55,107.0,11.3,0.0,40
2023-06-18 19:00:00,32.1,58,19.0,10.9,0.0,14
2023-06-18 20:00:00,31.6,60,0.0,10.8,0.0,12
2023-06-18 21:00:00,31.3,60,0.0,11.2,0.0,30
2023-06-18 22:00:00,30.7,59,0.0,9.1,0.0,90
2023-06-18 23:00:00,30.1,61,0.0,10.0,0.0,87
2023-06-19 00:00:00,29.5,64,0.0,9.7,0.0,36
2023-06-19 01:00:00,29.1,64,0.0,9.4,0.0,92
2023-06-19 02:00:00,28.8,65,0.0,7.9,0.0,100
2023-06-19 03:00:00,28.7,66,0.0,5.4,0.0,100
2023-06-19 04:00:00,28.7,66,0.0,8.0,0.0,100
2023-06-19 05:00:00,28.4,75,0.0,5.6,0.0,98
2023-06-19 06:00:00,28.9,73,16.0,7.6,0.3,100
2023-06-19 07:00:00,27.7,88,21.0,7.0,1.8,100
2023-06-19 08:00:00,27.6,88,74.0,7.9,1.1,100
2023-06-19 09:00:00,27.4,89,103.0,6.1,1.6,100
2023-06-19 10:00:00,27.6,89,90.0,8.9,1.2,100
2023-06-19 11:00:00,27.6,88,87.0,10.1,0.5,100
2023-06-19 12:00:00,28.6,78,135.0,9.2,0.1,100
2023-06-19 13:00:00,29.6,72,184.0,8.6,0.0,100
2023-06-19 14:00:00,30.5,67,251.0,9.5,0.0,80
2023-06-19 15:00:00,32.3,60,504.0,10.6,0.0,88
2023-06-19 16:00:00,32.2,58,296.0,12.9,0.0,72
2023-06-19 17:00:00,31.7,62,166.0,8.3,0.0,66
2023-06-19 18:00:00,32.1,61,104.0,5.8,0.0,44
2023-06-19 19:00:00,31.5,65,12.0,9.7,0.0,88
2023-06-19 20:00:00,31.1,67,0.0,12.6,0.0,100
2023-06-19 21:00:00,30.6,69,0.0,11.9,0.0,93
2023-06-19 22:00:00,30.4,68,0.0,11.6,0.0,69
2023-06-19 23:00:00,30.4,67,0.0,12.5,0.0,84
2023-06-20 00:00:00,30.0,67,0.0,10.7,0.0,21
2023-06-20 01:00:00,29.1,69,0.0,8.8,0.0,46
2023-06-20 02:00:00,26.2,87,0.0,2.9,4.2,100
2023-06-20 03:00:00,26.8,85,0.0,3.3,0.0,63
2023-06-20 04:00:00,27.2,83,0.0,4.0,0.0,72
2023-06-20 05:00:00,27.0,81,0.0,3.1,8.2,75
2023-06-20 06:00:00,27.2,83,8.0,5.1,0.4,100
2023-06-20 07:00:00,26.1,87,62.0,18.7,2.6,80
2023-06-20 08:00:00,26.4,83,219.0,20.6,1.0,100
2023-06-20 09:00:00,28.7,73,299.0,7.9,0.1,86
2023-06-20 10:00:00,31.7,61,587.0,7.3,0.1,34
2023-06-20 11:00:00,33.6,55,700.0,12.5,0.0,31
2023-06-20 12:00:00,34.3,53,719.0,13.2,0.0,10
2023-06-20 13:00:00,34.6,51,750.0,11.5,0.0,6
2023-06-20 14:00:00,35.7,47,733.0,10.7,0.0,5
2023-06-20 15:00:00,36.5,43,615.0,11.3,0.0,9
2023-06-20 16:00:00,36.4,42,456.0,11.6,0.0,10
2023-06-20 17:00:00,34.1,52,274.0,7.9,0.0,21
2023-06-20 18:00:00,33.4,57,93.0,4.1,0.0,55
2023-06-20 19:00:00,31.8,70,17.0,3.5,0.0,41
2023-06-20 20:00:00,30.8,66,0.0,12.6,0.0,8
2023-06-20 21:00:00,29.8,68,0.0,11.0,0.0,8
2023-06-20 22:00:00,29.0,72,0.0,9.2,0.0,8
2023-06-20 23:00:00,28.6,74,0.0,8.1,0.0,4
2023-06-21 00:00:00,28.0,76,0.0,7.8,0.0,32
2023-06-21 01:00:00,27.7,78,0.0,10.0,0.0,27
2023-06-21 02:00:00,26.8,84,0.0,10.3,0.3,67
2023-06-21 03:00:00,26.8,85,0.0,11.5,0.0,21
2023-06-21 04:00:00,26.3,86,0.0,10.3,0.0,43
2023-06-21 05:00:00,28.1,78,0.0,18.0,0.0,69
2023-06-21 06:00:00,27.6,79,32.0,9.0,0.0,78
2023-06-21 07:00:00,25.9,91,78.0,4.4,6.3,100
2023-06-21 08:00:00,26.1,89,68.0,7.9,2.0,100
2023-06-21 09:00:00,26.4,89,182.0,2.9,3.2,100
2023-06-21 10:00:00,25.7,93,210.0,8.7,7.6,100
2023-06-21 11:00:00,27.1,86,179.0,3.8,0.6,100
2023-06-21 12:00:00,30.2,75,605.0,3.4,0.0,100
2023-06-21 13:00:00,31.7,70,598.0,4.6,0.0,100
2023-06-21 14:00:00,32.9,67,605.0,5.4,0.0,100
2023-06-21 15:00:00,33.7,64,491.0,5.5,0.0,98
2023-06-21 16:00:00,34.0,62,374.0,3.1,0.0,92
2023-06-21 17:00:00,35.6,53,275.0,5.5,0.0,84
2023-06-21 18:00:00,33.2,61,113.0,13.9,0.1,47
2023-06-21 19:00:00,30.6,73,18.0,5.2,0.2,39
2023-06-21 20:00:00,30.1,77,0.0,7.6,0.0,15
2023-06-21 21:00:00,30.3,73,0.0,4.0,0.0,24
2023-06-21 22:00:00,30.0,76,0.0,3.9,0.0,11
2023-06-21 23:00:00,29.9,76,0.0,6.6,0.0,5
2023-06-22 00:00:00,29.7,77,0.0,6.4,0.0,2
2023-06-22 01:00:00,29.5,77,0.0,8.1,0.0,5
2023-06-22 02:00:00,29.3,76,0.0,7.5,0.0,36
2023-06-22 03:00:00,28.4,81,0.0,17.2,0.5,39
2023-06-22 04:00:00,28.2,85,0.0,10.5,0.0,90
2023-06-22 05:00:00,28.9,83,0.0,10.6,0.1,62
2023-06-22 06:00:00,27.3,88,31.0,13.6,1.3,100
2023-06-22 07:00:00,27.1,89,72.0,8.0,0.1,94
2023-06-22 08:00:00,30.1,79,284.0,4.7,0.0,100
2023-06-22 09:00:00,31.7,72,377.0,2.5,0.0,100
2023-06-22 10:00:00,32.4,68,434.0,2.5,0.1,100
2023-06-22 11:00:00,32.5,68,496.0,7.2,0.6,100
2023-06-22 12:00:00,32.6,68,488.0,9.4,0.0,100
2023-06-22 13:00:00,33.2,67,563.0,10.5,0.0,99
2023-06-22 14:00:00,34.0,64,609.0,0.5,0.0,100
2023-06-22 15:00:00,34.5,61,518.0,7.2,0.0,100
2023-06-22 16:00:00,33.9,62,373.0,11.2,0.0,97
2023-06-22 17:00:00,36.1,52,257.0,5.2,0.0,100
2023-06-22 18:00:00,34.9,60,118.0,4.3,0.0,100
2023-06-22 19:00:00,33.5,62,20.0,7.3,0.0,96
2023-06-22 20:00:00,32.3,67,0.0,6.4,0.0,17
2023-06-22 21:00:00,31.5,72,0.0,3.9,0.0,59
2023-06-22 22:00:00,31.3,71,0.0,10.8,0.0,79
2023-06-22 23:00:00,30.8,72,0.0,10.4,0.0,52
2023-06-23 00:00:00,30.2,74,0.0,9.8,0.0,69
2023-06-23 01:00:00,29.8,73,0.0,9.0,0.0,20
2023-06-23 02:00:00,29.7,73,0.0,5.9,0.0,37
2023-06-23 03:00:00,26.1,94,0.0,18.4,5.6,100
2023-06-23 04:00:00,27.2,87,0.0,8.0,0.2,100
2023-06-23 05:00:00,27.8,92,0.0,18.2,0.1,100
2023-06-23 06:00:00,27.5,91,12.0,11.9,0.1,100
2023-06-23 07:00:00,27.9,89,47.0,9.1,0.0,100
2023-06-23 08:00:00,29.0,84,144.0,10.0,0.0,100
2023-06-23 09:00:00,29.9,80,256.0,13.4,0.0,100
2023-06-23 10:00:00,30.9,74,346.0,9.7,0.0,100
2023-06-23 11:00:00,32.7,67,613.0,6.1,0.0,100
2023-06-23 12:00:00,33.9,63,688.0,11.7,0.0,100
2023-06-23 13:00:00,34.7,60,720.0,10.4,0.0,100
2023-06-23 14:00:00,34.9,60,639.0,4.5,0.0,100
2023-06-23 15:00:00,35.3,58,508.0,2.5,0.0,100
2023-06-23 16:00:00,35.4,57,344.0,4.0,0.0,100
2023-06-23 17:00:00,33.6,68,248.0,5.2,0.1,100
2023-06-23 18:00:00,32.6,78,83.0,2.0,0.0,100
2023-06-23 19:00:00,30.8,85,20.0,5.1,0.0,100
2023-06-23 20:00:00,30.7,83,0.0,7.9,0.0,100
2023-06-23 21:00:00,30.3,80,0.0,7.7,0.0,100
2023-06-23 22:00:00,29.9,80,0.0,4.7,0.0,100
2023-06-23 23:00:00,29.3,85,0.0,5.4,0.0,43
2023-06-24 00:00:00,29.1,84,0.0,2.5,0.0,65
2023-06-24 01:00:00,29.0,84,0.0,4.3,0.0,73
2023-06-24 02:00:00,28.4,88,0.0,4.0,0.0,98
2023-06-24 03:00:00,28.2,89,0.0,4.0,0.0,100
2023-06-24 04:00:00,27.7,90,0.0,17.7,0.7,100
2023-06-24 05:00:00,28.9,79,0.0,6.6,3.7,100
2023-06-24 06:00:00,27.9,83,20.0,10.8,6.3,100
2023-06-24 07:00:00,28.2,85,30.0,2.5,0.0,100
2023-06-24 08:00:00,29.0,81,90.0,9.4,0.0,100
2023-06-24 09:00:00,29.4,82,198.0,13.7,0.0,100
2023-06-24 10:00:00,30.8,75,409.0,10.3,0.0,100
2023-06-24 11:00:00,32.2,69,536.0,6.5,0.0,100
2023-06-24 12:00:00,32.7,67,500.0,4.3,0.0,100
2023-06-24 13:00:00,33.7,63,602.0,4.2,0.0,100
2023-06-24 14:00:00,34.3,62,582.0,3.6,0.0,100
2023-06-24 15:00:00,34.5,60,478.0,3.4,0.0,100
2023-06-24 16:00:00,34.5,61,388.0,4.0,0.0,99
2023-06-24 17:00:00,34.4,59,245.0,5.9,0.0,23
2023-06-24 18:00:00,33.5,63,125.0,8.7,0.0,100
2023-06-24 19:00:00,32.3,69,22.0,8.8,0.0,100
2023-06-24 20:00:00,31.5,73,0.0,9.7,0.0,100
2023-06-24 21:00:00,31.0,75,0.0,8.4,0.0,100
2023-06-24 22:00:00,30.5,77,0.0,10.3,0.0,99
2023-06-24 23:00:00,30.2,79,0.0,12.6,0.0,98
2023-06-25 00:00:00,29.6,83,0.0,7.5,0.0,100
2023-06-25 01:00:00,29.0,86,0.0,7.2,0.0,100
2023-06-25 02:00:00,28.6,89,0.0,15.2,0.0,100
2023-06-25 03:00:00,26.6,94,0.0,10.3,8.4,100
2023-06-25 04:00:00,26.7,96,0.0,11.5,0.6,100
2023-06-25 05:00:00,26.1,94,0.0,7.0,0.3,100
2023-06-25 06:00:00,26.2,95,15.0,5.9,0.7,100
2023-06-25 07:00:00,26.1,95,56.0,2.6,1.6,100
2023-06-25 08:00:00,26.5,93,53.0,1.6,1.0,100
2023-06-25 09:00:00,27.0,93,111.0,8.7,0.6,100
2023-06-25 10:00:00,27.7,88,166.0,5.8,0.2,100
2023-06-25 11:00:00,28.7,83,286.0,3.6,0.0,100
2023-06-25 12:00:00,29.8,77,404.0,6.5,0.1,100
2023-06-25 13:00:00,30.6,74,483.0,5.8,0.1,100
2023-06-25 14:00:00,31.3,69,462.0,3.3,0.0,100
2023-06-25 15:00:00,32.0,65,448.0,2.3,0.0,100
2023-06-25 16:00:00,32.3,63,312.0,4.3,0.0,100
2023-06-25 17:00:00,28.6,81,196.0,9.7,0.0,100
2023-06-25 18:00:00,27.9,85,111.0,9.8,0.0,100
2023-06-25 19:00:00,26.8,91,20.0,6.2,0.0,100
2023-06-25 20:00:00,26.3,94,0.0,4.5,0.0,100
2023-06-25 21:00:00,26.1,95,0.0,4.6,0.0,99
2023-06-25 22:00:00,26.0,96,0.0,4.1,0.0,100
2023-06-25 23:00:00,25.8,96,0.0,4.1,0.0,90
2023-06-26 00:00:00,25.6,97,0.0,3.6,0.0,100
2023-06-26 01:00:00,25.7,96,0.0,5.5,0.0,100
2023-06-26 02:00:00,25.5,97,0.0,6.6,0.0,77
2023-06-26 03:00:00,25.4,97,0.0,7.6,0.0,98
2023-06-26 04:00:00,25.1,97,0.0,5.9,0.0,96
2023-06-26 05:00:00,25.3,95,0.0,5.0,0.2,100
2023-06-26 06:00:00,25.7,93,25.0,6.6,0.0,100
2023-06-26 07:00:00,26.3,89,107.0,5.5,0.0,100
2023-06-26 08:00:00,26.8,86,135.0,4.8,0.0,98
2023-06-26 09:00:00,28.4,78,379.0,3.5,0.0,99
2023-06-26 10:00:00,30.2,70,610.0,5.5,0.1,99
2023-06-26 11:00:00,31.2,66,612.0,6.2,0.0,95
2023-06-26 12:00:00,32.2,63,773.0,5.5,0.0,60
2023-06-26 13:00:00,32.4,62,718.0,3.6,0.0,48
2023-06-26 14:00:00,32.7,61,687.0,5.4,0.0,67
2023-06-26 15:00:00,32.8,59,538.0,5.9,0.1,100
2023-06-26 16:00:00,32.8,60,443.0,6.7,0.0,96
2023-06-26 17:00:00,27.4,89,208.0,6.5,1.5,99
2023-06-26 18:00:00,27.6,88,89.0,5.6,0.3,99
2023-06-26 19:00:00,27.1,91,19.0,2.3,0.0,95
2023-06-26 20:00:00,27.0,92,0.0,2.1,0.0,97
2023-06-26 21:00:00,27.0,92,0.0,2.4,0.0,100
2023-06-26 22:00:00,26.5,94,0.0,2.9,0.6,100
2023-06-26 23:00:00,26.2,95,0.0,3.2,3.0,100
2023-06-27 00:00:00,26.0,94,0.0,4.0,0.4,100
2023-06-27 01:00:00,25.4,96,0.0,8.0,2.6,100
2023-06-27 02:00:00,25.3,96,0.0,3.6,0.8,100
2023-06-27 03:00:00,25.2,97,0.0,5.2,0.1,100
2023-06-27 04:00:00,25.4,96,0.0,3.6,0.1,100
2023-06-27 05:00:00,25.6,94,0.0,10.9,0.0,100
2023-06-27 06:00:00,25.7,94,13.0,6.8,1.9,100
2023-06-27 07:00:00,26.6,91,112.0,1.1,0.1,99
2023-06-27 08:00:00,27.7,88,266.0,1.6,0.0,100
2023-06-27 09:00:00,29.4,79,396.0,2.5,0.0,98
2023-06-27 10:00:00,30.8,75,602.0,2.0,0.0,58
2023-06-27 11:00:00,31.9,72,734.0,3.6,0.1,99
2023-06-27 12:00:00,32.7,68,787.0,6.4,0.1,95
2023-06-27 13:00:00,33.5,63,760.0,7.9,0.1,75
2023-06-27 14:00:00,33.6,62,692.0,8.2,0.0,100
2023-06-27 15:00:00,33.6,62,582.0,8.7,0.0,100
2023-06-27 16:00:00,32.7,66,441.0,8.0,0.0,100
2023-06-27 17:00:00,29.5,77,261.0,17.7,1.7,97
2023-06-27 18:00:00,29.2,77,114.0,10.6,0.1,43
2023-06-27 19:00:00,28.6,81,22.0,9.6,0.0,81
2023-06-27 20:00:00,28.0,83,0.0,10.1,0.0,49
2023-06-27 21:00:00,27.7,84,0.0,9.7,0.0,7
2023-06-27 22:00:00,27.4,86,0.0,10.1,0.0,2
2023-06-27 23:00:00,27.2,88,0.0,8.9,0.0,2
2023-06-28 00:00:00,26.9,90,0.0,8.5,0.0,6
2023-06-28 01:00:00,26.8,91,0.0,8.2,0.0,6
2023-06-28 02:00:00,26.7,91,0.0,7.0,0.0,6
2023-06-28 03:00:00,26.6,91,0.0,5.4,0.0,1
2023-06-28 04:00:00,26.5,92,0.0,4.9,0.0,9
2023-06-28 05:00:00,26.6,89,0.0,12.4,0.2,39
2023-06-28 06:00:00,26.1,90,28.0,13.5,6.1,98
2023-06-28 07:00:00,26.0,88,79.0,3.0,4.9,100
2023-06-28 08:00:00,27.1,86,170.0,4.8,0.1,43
2023-06-28 09:00:00,28.7,81,408.0,9.4,0.1,18
2023-06-28 10:00:00,31.0,71,659.0,13.3,0.1,57
2023-06-28 11:00:00,32.2,67,734.0,12.4,0.1,24
2023-06-28 12:00:00,33.0,66,779.0,13.2,0.1,15
2023-06-28 13:00:00,33.5,64,762.0,11.8,0.0,23
2023-06-28 14:00:00,34.0,61,695.0,10.9,0.0,17
2023-06-28 15:00:00,34.0,60,576.0,11.1,0.0,76
2023-06-28 16:00:00,32.3,67,429.0,12.1,0.5,53
2023-06-28 17:00:00,29.2,79,228.0,6.4,0.0,36
2023-06-28 18:00:00,29.5,81,101.0,7.6,0.0,100
2023-06-28 19:00:00,29.1,84,18.0,6.6,0.0,100
2023-06-28 20:00:00,28.7,87,0.0,3.4,0.0,100
2023-06-28 21:00:00,28.5,88,0.0,3.8,0.0,84
2023-06-28 22:00:00,28.3,88,0.0,5.4,0.0,20
2023-06-28 23:00:00,27.9,89,0.0,5.7,0.0,4
2023-06-29 00:00:00,27.5,89,0.0,6.4,0.0,7
2023-06-29 01:00:00,27.3,89,0.0,6.1,0.0,18
2023-06-29 02:00:00,27.2,89,0.0,6.6,0.0,7
2023-06-29 03:00:00,27.1,90,0.0,7.9,0.0,14
2023-06-29 04:00:00,27.0,91,0.0,7.0,0.0,8
2023-06-29 05:00:00,26.7,91,0.0,11.7,0.0,22
2023-06-29 06:00:00,25.8,93,21.0,12.5,2.5,71
2023-06-29 07:00:00,26.6,90,115.0,5.3,0.8,71
2023-06-29 08:00:00,26.2,90,221.0,15.0,6.9,100
2023-06-29 09:00:00,26.2,89,152.0,13.8,0.4,96
2023-06-29 10:00:00,28.8,79,519.0,15.2,0.3,98
2023-06-29 11:00:00,29.8,76,541.0,15.0,0.3,100
2023-06-29 12:00:00,30.8,70,536.0,16.9,0.1,100
2023-06-29 13:00:00,32.0,65,609.0,15.5,0.0,100
2023-06-29 14:00:00,32.4,64,642.0,13.1,0.0,100
2023-06-29 15:00:00,32.3,65,538.0,11.6,0.0,98
2023-06-29 16:00:00,32.1,64,383.0,12.9,0.2,91
2023-06-29 17:00:00,30.6,74,275.0,9.1,0.1,81
2023-06-29 18:00:00,29.6,79,78.0,2.2,0.0,99
2023-06-29 19:00:00,28.8,83,14.0,5.9,0.1,100
2023-06-29 20:00:00,28.2,88,0.0,5.8,0.0,95
2023-06-29 21:00:00,27.7,90,0.0,4.2,0.0,90
2023-06-29 22:00:00,27.4,92,0.0,6.1,0.0,82
2023-06-29 23:00:00,27.1,92,0.0,5.1,0.0,20
2023-06-30 00:00:00,26.2,93,0.0,13.4,3.1,79
2023-06-30 01:00:00,26.1,93,0.0,4.7,0.1,99
2023-06-30 02:00:00,25.8,95,0.0,7.4,1.8,97
2023-06-30 03:00:00,25.3,96,0.0,5.4,2.4,99
2023-06-30 04:00:00,25.4,95,0.0,4.6,0.1,96
2023-06-30 05:00:00,26.8,91,0.0,7.2,0.0,88
2023-06-30 06:00:00,27.3,89,28.0,8.6,0.0,84
2023-06-30 07:00:00,27.4,88,66.0,11.4,0.0,98
2023-06-30 08:00:00,28.5,82,209.0,11.8,0.1,94
2023-06-30 09:00:00,30.1,73,372.0,13.0,0.0,52
2023-06-30 10:00:00,31.8,66,592.0,12.9,0.0,71
2023-06-30 11:00:00,32.8,62,664.0,10.9,0.0,35
2023-06-30 12:00:00,33.5,60,777.0,9.0,0.0,35
2023-06-30 13:00:00,33.8,59,722.0,6.1,0.0,28
2023-06-30 14:00:00,33.9,60,699.0,3.4,0.1,38
2023-06-30 15:00:00,33.8,60,590.0,3.3,0.0,31
2023-06-30 16:00:00,31.5,70,438.0,10.5,3.1,89
2023-06-30 17:00:00,28.3,83,216.0,12.3,0.0,80
2023-06-30 18:00:00,28.2,84,69.0,9.8,1.9,100
2023-06-30 19:00:00,27.8,86,18.0,9.1,0.0,100
2023-06-30 20:00:00,27.5,87,0.0,7.9,0.0,96
2023-06-30 21:00:00,27.2,89,0.0,5.8,0.0,92
2023-06-30 22:00:00,27.0,90,0.0,6.8,0.0,68
2023-06-30 23:00:00,26.8,90,0.0,6.5,0.0,33
2023-07-01 00:00:00,26.6,90,0.0,5.7,0.0,35
2023-07-01 01:00:00,26.3,90,0.0,5.3,0.0,51
2023-07-01 02:00:00,26.0,91,0.0,5.0,0.0,47
2023-07-01 03:00:00,25.8,92,0.0,7.6,0.0,35
2023-07-01 04:00:00,25.5,92,0.0,10.5,0.0,16
2023-07-01 05:00:00,24.8,92,0.0,23.2,0.0,30
2023-07-01 06:00:00,24.6,92,28.0,12.4,0.2,13
2023-07-01 07:00:00,26.4,85,150.0,13.8,0.0,56
2023-07-01 08:00:00,28.8,76,323.0,11.2,0.0,68
2023-07-01 09:00:00,30.4,69,445.0,9.9,0.0,54
2023-07-01 10:00:00,31.7,65,612.0,8.4,0.1,17
2023-07-01 11:00:00,32.7,62,738.0,7.4,0.0,7
2023-07-01 12:00:00,33.5,59,813.0,8.7,0.1,29
2023-07-01 13:00:00,33.5,60,728.0,11.0,0.2,42
2023-07-01 14:00:00,33.7,59,677.0,11.8,0.0,38
2023-07-01 15:00:00,32.8,61,534.0,10.8,1.1,85
2023-07-01 16:00:00,32.9,60,432.0,8.8,0.1,4
2023-07-01 17:00:00,30.7,74,275.0,13.2,0.0,5
2023-07-01 18:00:00,30.0,76,115.0,12.6,0.1,29
2023-07-01 19:00:00,29.3,80,21.0,8.4,0.0,28
2023-07-01 20:00:00,28.6,83,0.0,8.4,0.0,2
2023-07-01 21:00:00,28.3,85,0.0,9.2,0.0,3
2023-07-01 22:00:00,27.9,87,0.0,9.3,0.0,1
2023-07-01 23:00:00,27.7,88,0.0,9.6,0.0,2
2023-07-02 00:00:00,27.4,89,0.0,9.5,0.0,2
2023-07-02 01:00:00,27.1,90,0.0,7.6,0.0,1
2023-07-02 02:00:00,26.8,91,0.0,8.1,0.0,3
2023-07-02 03:00:00,26.4,93,0.0,3.3,0.0,18
2023-07-02 04:00:00,25.9,93,0.0,1.8,0.5,29
2023-07-02 05:00:00,26.5,94,0.0,6.4,0.1,5
2023-07-02 06:00:00,26.9,90,34.0,8.0,0.0,27
2023-07-02 07:00:00,27.9,85,158.0,6.2,0.0,76
2023-07-02 08:00:00,29.3,79,331.0,4.1,0.0,95
2023-07-02 09:00:00,30.7,73,509.0,2.6,0.0,87
2023-07-02 10:00:00,32.1,66,658.0,5.5,0.1,36
2023-07-02 11:00:00,33.1,61,712.0,9.2,0.1,24
2023-07-02 12:00:00,33.9,57,778.0,10.3,0.0,29
2023-07-02 13:00:00,34.3,55,760.0,10.5,0.1,14
2023-07-02 14:00:00,35.0,53,739.0,8.6,0.0,24
2023-07-02 15:00:00,35.3,51,643.0,8.5,0.0,32
2023-07-02 16:00:00,35.2,51,461.0,7.8,0.0,8
2023-07-02 17:00:00,34.2,57,293.0,8.0,0.0,3
2023-07-02 18:00:00,33.5,62,129.0,3.9,0.0,8
2023-07-02 19:00:00,31.7,69,24.0,5.1,0.0,2
2023-07-02 20:00:00,30.9,72,0.0,8.4,0.0,55
2023-07-02 21:00:00,30.2,73,0.0,9.1,0.0,87
2023-07-02 22:00:00,29.6,75,0.0,8.9,0.0,92
2023-07-02 23:00:00,29.1,77,0.0,10.2,0.0,98
2023-07-03 00:00:00,28.7,79,0.0,11.2,0.0,87
2023-07-03 01:00:00,28.4,80,0.0,11.0,0.0,80
2023-07-03 02:00:00,28.1,80,0.0,10.3,0.0,20
2023-07-03 03:00:00,27.8,82,0.0,8.8,0.0,1
2023-07-03 04:00:00,27.6,83,0.0,8.0,0.0,0
2023-07-03 05:00:00,27.1,89,0.0,6.0,0.0,1
2023-07-03 06:00:00,27.9,86,35.0,6.1,0.0,0
2023-07-03 07:00:00,29.5,79,161.0,8.6,0.0,3
2023-07-03 08:00:00,30.2,76,320.0,10.8,0.1,38
2023-07-03 09:00:00,31.4,71,456.0,4.2,0.0,1
2023-07-03 10:00:00,32.5,68,657.0,3.1,0.0,9
2023-07-03 11:00:00,33.8,62,753.0,4.6,0.1,23
2023-07-03 12:00:00,34.7,58,796.0,7.8,0.1,27
2023-07-03 13:00:00,35.3,55,760.0,8.7,0.0,18
2023-07-03 14:00:00,35.8,53,727.0,7.8,0.0,7
2023-07-03 15:00:00,36.1,51,613.0,7.6,0.0,9
2023-07-03 16:00:00,36.2,49,465.0,7.7,0.0,8
2023-07-03 17:00:00,36.6,50,293.0,4.3,0.0,12
2023-07-03 18:00:00,35.0,60,127.0,0.0,0.2,36
2023-07-03 19:00:00,30.1,77,22.0,20.7,2.8,63
2023-07-03 20:00:00,28.6,84,0.0,11.3,0.3,42
2023-07-03 21:00:00,27.9,85,0.0,15.8,0.9,39
2023-07-03 22:00:00,28.5,81,0.0,11.5,0.0,12
2023-07-03 23:00:00,28.3,82,0.0,11.4,0.0,12
2023-07-04 00:00:00,27.8,83,0.0,1.0,1.0,86
2023-07-04 01:00:00,26.7,87,0.0,15.7,1.4,24
2023-07-04 02:00:00,26.8,86,0.0,14.2,0.0,7
2023-07-04 03:00:00,26.5,88,0.0,9.4,0.0,11
2023-07-04 04:00:00,26.1,93,0.0,15.9,0.0,14
2023-07-04 05:00:00,28.9,84,0.0,7.2,0.0,6
2023-07-04 06:00:00,27.6,88,32.0,12.4,0.1,21
2023-07-04 07:00:00,27.4,84,151.0,16.6,0.0,4
2023-07-04 08:00:00,29.6,75,317.0,10.6,0.0,4
2023-07-04 09:00:00,31.8,67,498.0,11.1,0.0,1
2023-07-04 10:00:00,33.4,63,664.0,11.0,0.0,10
2023-07-04 11:00:00,34.7,59,778.0,9.4,0.0,24
2023-07-04 12:00:00,35.6,56,836.0,8.3,0.0,3
2023-07-04 13:00:00,36.3,53,820.0,6.1,0.0,11
2023-07-04 14:00:00,36.7,51,721.0,6.8,0.0,12
2023-07-04 15:00:00,36.7,50,604.0,6.2,0.0,12
2023-07-04 16:00:00,36.1,51,460.0,4.7,0.0,16
2023-07-04 17:00:00,31.5,72,274.0,1.1,0.0,16
2023-07-04 18:00:00,31.8,70,127.0,6.5,0.0,18
2023-07-04 19:00:00,30.8,75,23.0,10.3,0.0,19
2023-07-04 20:00:00,29.8,81,0.0,10.9,0.0,1
2023-07-04 21:00:00,29.0,83,0.0,12.7,0.0,6
2023-07-04 22:00:00,28.4,84,0.0,11.9,0.0,33
2023-07-04 23:00:00,28.1,85,0.0,10.7,0.0,23
2023-07-05 00:00:00,27.9,86,0.0,10.7,0.0,9
2023-07-05 01:00:00,27.8,86,0.0,11.5,0.0,0
2023-07-05 02:00:00,27.7,88,0.0,12.9,0.0,1
2023-07-05 03:00:00,27.6,89,0.0,13.9,0.0,93
2023-07-05 04:00:00,27.3,90,0.0,12.8,0.0,91
2023-07-05 05:00:00,27.5,91,0.0,13.7,0.0,74
2023-07-05 06:00:00,25.7,96,28.0,16.3,1.4,100
2023-07-05 07:00:00,24.4,96,81.0,8.0,9.8,100
2023-07-05 08:00:00,25.4,94,88.0,3.3,1.3,100
2023-07-05 09:00:00,27.7,85,308.0,10.4,0.3,100
2023-07-05 10:00:00,29.7,77,480.0,13.1,0.1,100
2023-07-05 11:00:00,31.4,71,594.0,12.0,0.1,90
2023-07-05 12:00:00,31.7,70,547.0,11.0,0.0,100
2023-07-05 13:00:00,32.2,67,521.0,9.4,0.0,20
2023-07-05 14:00:00,32.9,63,604.0,7.4,0.0,10
2023-07-05 15:00:00,33.6,60,619.0,8.0,0.0,45
2023-07-05 16:00:00,33.3,61,461.0,10.7,0.0,17
2023-07-05 17:00:00,29.8,80,297.0,11.4,0.0,9
2023-07-05 18:00:00,30.3,76,96.0,10.1,0.0,72
2023-07-05 19:00:00,29.8,78,24.0,8.8,0.0,47
2023-07-05 20:00:00,29.2,81,0.0,9.4,0.0,100
2023-07-05 21:00:00,28.8,82,0.0,10.3,0.0,89
2023-07-05 22:00:00,28.4,82,0.0,12.2,0.0,98
2023-07-05 23:00:00,28.1,84,0.0,12.4,0.0,86
2023-07-06 00:00:00,27.8,85,0.0,11.7,0.0,40
2023-07-06 01:00:00,27.4,87,0.0,11.5,0.0,6
2023-07-06 02:00:00,27.0,89,0.0,10.2,0.0,39
2023-07-06 03:00:00,26.7,91,0.0,10.4,0.0,7
2023-07-06 04:00:00,26.4,92,0.0,11.6,0.0,33
2023-07-06 05:00:00,25.6,93,0.0,14.7,0.0,52
2023-07-06 06:00:00,25.3,90,32.0,10.9,3.3,100
2023-07-06 07:00:00,26.4,86,131.0,11.5,0.2,92
2023-07-06 08:00:00,27.2,80,245.0,10.2,0.2,81
2023-07-06 09:00:00,29.0,74,394.0,10.6,0.1,100
2023-07-06 10:00:00,29.7,73,375.0,9.9,0.1,100
2023-07-06 11:00:00,31.0,69,557.0,9.2,0.0,54
2023-07-06 12:00:00,32.3,62,731.0,10.9,0.0,37
2023-07-06 13:00:00,33.1,59,753.0,9.5,0.0,48
2023-07-06 14:00:00,33.0,59,649.0,10.0,0.1,52
2023-07-06 15:00:00,33.0,58,571.0,8.4,0.3,97
2023-07-06 16:00:00,33.1,59,459.0,8.4,0.3,94
2023-07-06 17:00:00,30.1,72,302.0,12.1,0.2,100
2023-07-06 18:00:00,29.7,73,123.0,12.3,0.0,100
2023-07-06 19:00:00,29.3,74,22.0,10.1,0.0,100
2023-07-06 20:00:00,29.0,76,0.0,8.9,0.0,100
2023-07-06 21:00:00,28.7,77,0.0,7.9,0.0,64
2023-07-06 22:00:00,28.4,79,0.0,7.4,0.0,100
2023-07-06 23:00:00,28.4,79,0.0,7.1,0.0,100
2023-07-07 00:00:00,28.1,81,0.0,6.9,0.0,100
2023-07-07 01:00:00,27.8,83,0.0,6.6,0.0,100
2023-07-07 02:00:00,27.6,84,0.0,7.3,0.0,92
2023-07-07 03:00:00,25.9,93,0.0,4.0,1.6,100
2023-07-07 04:00:00,26.0,91,0.0,6.9,0.6,92
2023-07-07 05:00:00,26.0,93,0.0,6.2,0.1,92
2023-07-07 06:00:00,25.2,95,27.0,15.8,0.4,100
2023-07-07 07:00:00,24.9,95,95.0,3.1,1.1,96
2023-07-07 08:00:00,27.1,85,259.0,9.0,0.2,100
2023-07-07 09:00:00,29.1,79,350.0,12.1,0.0,100
2023-07-07 10:00:00,29.6,78,352.0,10.9,0.1,92
2023-07-07 11:00:00,30.9,72,490.0,13.6,0.1,100
2023-07-07 12:00:00,31.5,70,493.0,12.7,0.1,100
2023-07-07 13:00:00,31.9,68,438.0,7.0,0.1,91
2023-07-07 14:00:00,32.8,65,624.0,9.4,0.1,100
2023-07-07 15:00:00,33.3,60,381.0,9.6,0.0,100
2023-07-07 16:00:00,32.8,62,386.0,13.1,0.0,99
2023-07-07 17:00:00,29.1,83,258.0,6.5,0.3,100
2023-07-07 18:00:00,27.5,89,58.0,8.2,5.1,100
2023-07-07 19:00:00,27.8,90,7.0,8.4,0.1,100
2023-07-07 20:00:00,27.7,91,0.0,3.5,0.0,100
2023-07-07 21:00:00,27.6,92,0.0,4.0,0.0,100
2023-07-07 22:00:00,27.6,93,0.0,5.2,0.0,100
2023-07-07 23:00:00,27.5,93,0.0,7.7,0.0,100
2023-07-08 00:00:00,27.4,95,0.0,8.3,0.0,100
2023-07-08 01:00:00,27.1,96,0.0,7.6,0.0,100
2023-07-08 02:00:00,26.9,96,0.0,8.2,0.0,96
2023-07-08 03:00:00,26.1,97,0.0,7.8,6.4,100
2023-07-08 04:00:00,26.1,96,0.0,5.5,4.2,100
2023-07-08 05:00:00,26.2,93,0.0,7.4,1.1,100
2023-07-08 06:00:00,26.7,94,8.0,7.4,0.3,100
2023-07-08 07:00:00,27.0,96,42.0,10.5,0.5,100
2023-07-08 08:00:00,27.9,90,147.0,14.8,0.6,100
2023-07-08 09:00:00,28.6,84,275.0,14.5,2.0,100
2023-07-08 10:00:00,29.6,80,339.0,14.5,0.3,100
2023-07-08 11:00:00,27.1,86,177.0,21.9,10.7,100
2023-07-08 12:00:00,26.6,93,38.0,11.3,1.7,100
2023-07-08 13:00:00,27.6,88,132.0,11.6,0.5,100
2023-07-08 14:00:00,27.9,87,243.0,13.4,0.4,100
2023-07-08 15:00:00,29.6,79,417.0,13.9,0.2,100
2023-07-08 16:00:00,29.1,79,229.0,14.3,1.3,100
2023-07-08 17:00:00,26.9,92,180.0,12.2,1.0,100
2023-07-08 18:00:00,27.0,93,34.0,12.7,2.4,100
2023-07-08 19:00:00,26.8,94,12.0,10.5,0.7,100
2023-07-08 20:00:00,26.6,94,0.0,12.1,0.1,100
2023-07-08 21:00:00,26.3,95,0.0,11.0,0.0,100
2023-07-08 22:00:00,26.3,95,0.0,8.5,0.0,100
2023-07-08 23:00:00,26.1,97,0.0,10.1,0.0,100
2023-07-09 00:00:00,25.9,96,0.0,14.8,0.7,100
2023-07-09 01:00:00,25.6,96,0.0,15.7,0.1,100
2023-07-09 02:00:00,25.6,96,0.0,14.0,0.0,100
2023-07-09 03:00:00,25.4,96,0.0,12.1,0.1,100
2023-07-09 04:00:00,25.1,98,0.0,8.1,0.5,100
2023-07-09 05:00:00,25.6,94,0.0,8.5,0.7,100
2023-07-09 06:00:00,25.5,97,5.0,8.1,10.6,100
2023-07-09 07:00:00,25.5,97,29.0,11.9,3.2,100
2023-07-09 08:00:00,26.1,93,123.0,13.8,0.6,100
2023-07-09 09:00:00,25.9,95,195.0,14.7,4.3,100
2023-07-09 10:00:00,26.1,94,239.0,15.0,4.8,100
2023-07-09 11:00:00,26.5,90,168.0,16.5,2.5,100
2023-07-09 12:00:00,27.8,85,354.0,15.8,0.2,100
2023-07-09 13:00:00,28.5,82,379.0,14.4,0.1,100
2023-07-09 14:00:00,30.8,74,595.0,12.4,0.1,100
2023-07-09 15:00:00,30.8,76,399.0,10.8,0.1,100
2023-07-09 16:00:00,29.8,78,211.0,10.9,0.4,100
2023-07-09 17:00:00,28.5,86,223.0,7.2,0.0,99
2023-07-09 18:00:00,28.1,92,87.0,8.7,0.6,100
2023-07-09 19:00:00,27.5,94,16.0,10.4,0.1,100
2023-07-09 20:00:00,27.2,95,0.0,6.2,0.0,100
2023-07-09 21:00:00,27.1,95,0.0,8.0,0.0,100
2023-07-09 22:00:00,27.0,96,0.0,8.1,0.0,100
2023-07-09 23:00:00,26.9,97,0.0,8.4,0.0,100
2023-07-10 00:00:00,26.8,97,0.0,8.2,0.0,100
2023-07-10 01:00:00,26.5,97,0.0,7.4,0.0,100
2023-07-10 02:00:00,26.3,98,0.0,7.4,0.6,100
2023-07-10 03:00:00,26.2,97,0.0,6.4,2.9,100
2023-07-10 04:00:00,25.8,96,0.0,6.5,5.0,100
2023-07-10 05:00:00,26.0,97,0.0,2.5,4.0,100
2023-07-10 06:00:00,26.0,97,9.0,4.0,11.5,100
2023-07-10 07:00:00,26.3,95,42.0,4.7,0.2,100
2023-07-10 08:00:00,27.1,92,177.0,4.8,0.5,100
2023-07-10 09:00:00,28.0,88,297.0,9.2,0.3,100
2023-07-10 10:00:00,29.1,83,391.0,5.2,0.2,99
2023-07-10 11:00:00,30.9,74,540.0,3.8,0.1,100
2023-07-10 12:00:00,29.5,77,238.0,11.6,0.3,100
2023-07-10 13:00:00,30.6,77,538.0,2.9,0.3,100
2023-07-10 14:00:00,29.6,80,436.0,8.3,3.1,100
2023-07-10 15:00:00,30.1,80,441.0,4.7,0.2,98
2023-07-10 16:00:00,31.0,77,398.0,4.6,0.1,71
2023-07-10 17:00:00,28.1,89,271.0,13.0,4.0,100
2023-07-10 18:00:00,27.4,93,19.0,10.5,0.7,100
2023-07-10 19:00:00,26.9,93,9.0,8.5,0.1,100
2023-07-10 20:00:00,26.5,95,0.0,7.6,0.0,99
2023-07-10 21:00:00,26.1,97,0.0,3.6,0.0,100
2023-07-10 22:00:00,26.1,97,0.0,3.8,0.0,100
2023-07-10 23:00:00,26.0,98,0.0,3.7,0.0,93
2023-07-11 00:00:00,25.6,99,0.0,4.0,0.0,45
2023-07-11 01:00:00,26.0,98,0.0,2.9,0.0,43
2023-07-11 02:00:00,25.9,96,0.0,2.4,0.1,100
2023-07-11 03:00:00,25.7,97,0.0,5.6,0.1,100
2023-07-11 04:00:00,25.2,99,0.0,8.6,1.7,100
2023-07-11 05:00:00,25.6,97,0.0,11.6,0.9,100
2023-07-11 06:00:00,25.9,95,23.0,10.3,0.0,100
2023-07-11 07:00:00,26.2,93,90.0,10.2,0.0,100
2023-07-11 08:00:00,27.1,88,164.0,7.6,0.0,91
2023-07-11 09:00:00,28.5,82,369.0,6.5,0.0,100
2023-07-11 10:00:00,30.0,75,491.0,6.7,0.1,97
2023-07-11 11:00:00,31.2,71,631.0,8.3,0.0,52
2023-07-11 12:00:00,32.0,67,793.0,7.2,0.0,38
2023-07-11 13:00:00,32.5,65,764.0,5.3,0.0,59
2023-07-11 14:00:00,32.9,62,699.0,4.1,0.0,46
2023-07-11 15:00:00,33.3,60,568.0,4.7,0.0,55
2023-07-11 16:00:00,33.1,60,408.0,3.5,0.0,71
2023-07-11 17:00:00,29.5,83,275.0,7.6,0.0,98
2023-07-11 18:00:00,29.3,83,114.0,8.9,0.0,100
2023-07-11 19:00:00,28.6,87,17.0,6.8,0.0,86
2023-07-11 20:00:00,28.1,90,0.0,4.7,0.0,87
2023-07-11 21:00:00,27.8,92,0.0,6.5,0.0,100
2023-07-11 22:00:00,27.5,93,0.0,7.6,0.0,100
2023-07-11 23:00:00,27.2,94,0.0,7.2,0.0,100
2023-07-12 00:00:00,27.0,95,0.0,4.9,0.0,85
2023-07-12 01:00:00,26.6,97,0.0,4.8,0.0,45
2023-07-12 02:00:00,26.4,98,0.0,4.7,0.0,77
2023-07-12 03:00:00,26.2,99,0.0,4.7,0.0,99
2023-07-12 04:00:00,26.1,99,0.0,6.5,0.0,99
2023-07-12 05:00:00,25.7,99,0.0,12.2,0.0,97
2023-07-12 06:00:00,25.7,99,20.0,7.1,0.3,100
2023-07-12 07:00:00,26.7,94,114.0,9.7,0.1,100
2023-07-12 08:00:00,28.0,85,273.0,5.2,0.0,100
2023-07-12 09:00:00,29.7,79,476.0,8.1,0.0,100
2023-07-12 10:00:00,30.8,75,547.0,6.7,0.0,100
2023-07-12 11:00:00,31.6,73,668.0,7.4,0.1,100
2023-07-12 12:00:00,32.4,70,722.0,9.1,0.1,100
2023-07-12 13:00:00,33.1,67,752.0,9.0,0.1,99
2023-07-12 14:00:00,33.5,65,724.0,7.9,0.1,100
2023-07-12 15:00:00,33.5,63,616.0,8.4,0.0,100
2023-07-12 16:00:00,29.0,85,232.0,15.0,5.5,100
2023-07-12 17:00:00,30.7,78,170.0,12.6,0.1,100
2023-07-12 18:00:00,27.6,90,77.0,10.1,0.8,99
2023-07-12 19:00:00,26.9,94,17.0,10.7,2.3,82
2023-07-12 20:00:00,26.9,92,0.0,5.1,0.1,33
2023-07-12 21:00:00,26.9,93,0.0,9.5,0.0,1
2023-07-12 22:00:00,26.9,95,0.0,10.0,0.0,0
2023-07-12 23:00:00,26.7,95,0.0,6.9,0.0,1
2023-07-13 00:00:00,26.5,95,0.0,5.8,0.0,19
2023-07-13 01:00:00,26.3,97,0.0,5.8,0.0,17
2023-07-13 02:00:00,26.1,98,0.0,3.3,0.0,5
2023-07-13 03:00:00,26.0,98,0.0,3.7,0.2,64
2023-07-13 04:00:00,26.0,95,0.0,9.0,0.8,85
2023-07-13 05:00:00,26.7,95,0.0,11.8,0.2,80
2023-07-13 06:00:00,26.9,91,27.0,10.5,0.0,63
2023-07-13 07:00:00,27.6,89,149.0,10.6,0.0,76
2023-07-13 08:00:00,28.8,84,315.0,13.5,0.0,72
2023-07-13 09:00:00,29.8,79,384.0,12.6,0.0,100
2023-07-13 10:00:00,30.9,74,509.0,11.5,0.1,83
2023-07-13 11:00:00,32.1,69,725.0,10.4,0.1,86
2023-07-13 12:00:00,32.9,65,800.0,8.5,0.1,100
2023-07-13 13:00:00,32.8,66,699.0,5.8,0.3,100
2023-07-13 14:00:00,33.0,67,673.0,3.5,0.0,100
2023-07-13 15:00:00,33.2,66,564.0,4.1,0.0,99
2023-07-13 16:00:00,32.2,70,416.0,7.7,0.3,70
2023-07-13 17:00:00,31.1,71,243.0,14.7,3.1,60
2023-07-13 18:00:00,30.5,74,118.0,9.9,0.0,44
2023-07-13 19:00:00,29.4,79,22.0,10.7,0.0,57
2023-07-13 20:00:00,28.6,84,0.0,7.4,0.0,95
2023-07-13 21:00:00,27.9,88,0.0,11.0,0.0,7
2023-07-13 22:00:00,27.4,91,0.0,10.6,0.0,9
2023-07-13 23:00:00,27.1,92,0.0,11.6,0.0,33
2023-07-14 00:00:00,26.8,92,0.0,10.6,0.0,96
2023-07-14 01:00:00,26.6,93,0.0,9.0,0.0,97
2023-07-14 02:00:00,26.4,95,0.0,7.3,0.0,52
2023-07-14 03:00:00,26.2,96,0.0,8.2,0.0,96
2023-07-14 04:00:00,25.9,97,0.0,9.9,0.0,92
2023-07-14 05:00:00,25.7,93,0.0,10.0,0.0,92
2023-07-14 06:00:00,26.1,93,21.0,7.9,0.2,100
2023-07-14 07:00:00,27.0,87,128.0,4.2,0.0,100
2023-07-14 08:00:00,28.1,80,251.0,1.8,0.0,100
2023-07-14 09:00:00,29.5,76,448.0,3.1,0.0,100
2023-07-14 10:00:00,31.0,71,592.0,5.5,0.0,100
2023-07-14 11:00:00,32.0,68,718.0,4.0,0.1,100
2023-07-14 12:00:00,32.6,65,710.0,3.6,0.1,100
2023-07-14 13:00:00,33.3,61,745.0,3.3,0.0,100
2023-07-14 14:00:00,33.8,59,686.0,4.6,0.0,96
2023-07-14 15:00:00,33.7,59,544.0,6.7,0.0,98
2023-07-14 16:00:00,33.7,60,456.0,6.0,0.0,99
2023-07-14 17:00:00,28.0,91,286.0,3.6,0.0,100
2023-07-14 18:00:00,26.2,95,51.0,14.4,10.2,100
2023-07-14 19:00:00,26.2,93,7.0,3.7,8.8,100
2023-07-14 20:00:00,26.5,92,0.0,5.6,1.0,100
2023-07-14 21:00:00,26.7,91,0.0,3.6,0.4,100
2023-07-14 22:00:00,26.5,92,0.0,4.7,0.2,100
2023-07-14 23:00:00,26.4,92,0.0,4.5,0.1,97
2023-07-15 00:00:00,26.2,95,0.0,3.6,0.0,100
2023-07-15 01:00:00,26.2,95,0.0,4.1,0.0,95
2023-07-15 02:00:00,26.0,95,0.0,4.4,0.0,34
2023-07-15 03:00:00,26.3,94,0.0,4.0,0.0,46
2023-07-15 04:00:00,26.1,95,0.0,4.1,0.3,87
2023-07-15 05:00:00,27.0,95,0.0,5.7,0.6,100
2023-07-15 06:00:00,27.5,93,19.0,1.4,0.2,100
2023-07-15 07:00:00,27.6,92,98.0,6.3,0.5,100
2023-07-15 08:00:00,28.6,86,233.0,4.7,0.1,98
2023-07-15 09:00:00,30.0,80,392.0,2.7,0.0,99
2023-07-15 10:00:00,31.2,74,525.0,1.5,0.0,100
2023-07-15 11:00:00,32.3,71,682.0,2.5,0.0,100
2023-07-15 12:00:00,32.9,69,664.0,4.3,0.0,100
2023-07-15 13:00:00,33.1,67,665.0,5.9,0.1,100
2023-07-15 14:00:00,33.3,66,581.0,4.2,0.0,100
2023-07-15 15:00:00,33.2,66,423.0,5.1,0.0,100
2023-07-15 16:00:00,28.5,85,381.0,20.7,8.4,100
2023-07-15 17:00:00,28.2,88,59.0,7.1,0.2,100
2023-07-15 18:00:00,28.1,90,22.0,4.6,0.7,100
2023-07-15 19:00:00,27.6,94,6.0,7.2,0.3,100
2023-07-15 20:00:00,26.8,96,0.0,10.7,1.1,100
2023-07-15 21:00:00,26.9,97,0.0,8.7,0.3,100
2023-07-15 22:00:00,26.2,96,0.0,10.1,4.3,100
2023-07-15 23:00:00,26.1,96,0.0,9.7,0.6,100
2023-07-16 00:00:00,26.0,96,0.0,6.0,1.3,100
2023-07-16 01:00:00,25.5,97,0.0,12.9,5.9,100
2023-07-16 02:00:00,25.4,96,0.0,4.7,1.9,100
2023-07-16 03:00:00,25.2,97,0.0,6.4,5.6,100
2023-07-16 04:00:00,25.2,98,0.0,8.5,0.3,100
2023-07-16 05:00:00,26.2,96,0.0,7.6,0.1,100
2023-07-16 06:00:00,26.1,97,12.0,10.7,1.1,100
2023-07-16 07:00:00,25.8,97,85.0,12.2,0.5,100
2023-07-16 08:00:00,26.6,94,175.0,6.0,0.7,91
2023-07-16 09:00:00,27.9,86,378.0,4.0,1.6,71
2023-07-16 10:00:00,29.7,76,505.0,1.3,0.0,71
2023-07-16 11:00:00,30.8,72,692.0,3.1,0.1,92
2023-07-16 12:00:00,32.1,66,798.0,3.7,0.1,75
2023-07-16 13:00:00,32.4,67,702.0,4.3,0.2,87
2023-07-16 14:00:00,32.7,67,695.0,4.3,0.1,100
2023-07-16 15:00:00,32.9,66,588.0,5.4,0.0,90
2023-07-16 16:00:00,32.9,66,404.0,3.3,0.0,99
2023-07-16 17:00:00,30.3,79,287.0,5.5,0.9,80
2023-07-16 18:00:00,30.6,78,114.0,3.8,0.7,95
2023-07-16 19:00:00,29.2,88,15.0,3.4,0.8,96
2023-07-16 20:00:00,28.9,90,0.0,3.4,0.0,96
2023-07-16 21:00:00,28.2,92,0.0,3.2,0.0,91
2023-07-16 22:00:00,27.8,95,0.0,4.1,0.0,94
2023-07-16 23:00:00,27.9,95,0.0,3.2,0.0,38
2023-07-17 00:00:00,28.3,91,0.0,2.1,0.0,19
2023-07-17 01:00:00,28.2,91,0.0,0.8,0.0,16
2023-07-17 02:00:00,27.3,96,0.0,4.2,0.0,40
2023-07-17 03:00:00,26.9,93,0.0,4.3,0.0,61
2023-07-17 04:00:00,26.3,96,0.0,2.3,1.7,100
2023-07-17 05:00:00,27.3,98,0.0,3.6,1.3,100
2023-07-17 06:00:00,28.3,91,27.0,3.1,0.0,70
2023-07-17 07:00:00,29.0,87,142.0,6.8,0.0,100
2023-07-17 08:00:00,29.7,83,268.0,1.3,1.0,72
2023-07-17 09:00:00,30.1,80,410.0,3.7,0.3,100
2023-07-17 10:00:00,29.9,80,421.0,8.2,0.2,100
2023-07-17 11:00:00,27.4,91,522.0,10.1,5.0,100
2023-07-17 12:00:00,30.7,74,683.0,2.9,0.3,100
2023-07-17 13:00:00,32.1,69,684.0,6.0,0.1,100
2023-07-17 14:00:00,32.8,66,690.0,4.0,0.0,99
2023-07-17 15:00:00,33.1,65,575.0,1.5,0.0,99
2023-07-17 16:00:00,33.3,63,452.0,1.8,0.0,100
2023-07-17 17:00:00,30.1,80,276.0,3.1,0.0,100
2023-07-17 18:00:00,28.8,85,78.0,8.7,0.6,100
2023-07-17 19:00:00,28.3,87,10.0,8.6,0.9,100
2023-07-17 20:00:00,27.7,92,0.0,6.1,0.4,100
2023-07-17 21:00:00,27.4,92,0.0,6.1,0.0,100
2023-07-17 22:00:00,27.2,92,0.0,6.1,0.0,100
2023-07-17 23:00:00,27.1,92,0.0,7.1,0.0,100
2023-07-18 00:00:00,27.1,92,0.0,9.2,0.0,99
2023-07-18 01:00:00,27.1,93,0.0,7.7,0.0,55
2023-07-18 02:00:00,27.0,95,0.0,9.4,0.0,91
2023-07-18 03:00:00,26.1,98,0.0,9.2,2.5,100
2023-07-18 04:00:00,26.2,99,0.0,7.8,0.3,100
2023-07-18 05:00:00,25.4,94,0.0,8.9,6.1,100
2023-07-18 06:00:00,26.3,92,16.0,5.9,0.2,100
2023-07-18 07:00:00,27.0,90,108.0,2.9,0.0,100
2023-07-18 08:00:00,28.4,84,270.0,9.7,0.1,99
2023-07-18 09:00:00,29.3,80,394.0,13.2,0.2,100
2023-07-18 10:00:00,29.9,78,468.0,13.5,0.2,100
2023-07-18 11:00:00,31.5,72,658.0,14.0,0.1,100
2023-07-18 12:00:00,30.9,71,660.0,12.3,0.4,100
2023-07-18 13:00:00,31.5,73,554.0,8.4,1.1,100
2023-07-18 14:00:00,31.7,70,372.0,10.3,0.0,100
2023-07-18 15:00:00,29.6,80,380.0,8.3,1.9,92
2023-07-18 16:00:00,30.7,77,367.0,8.9,0.2,100
2023-07-18 17:00:00,28.3,87,258.0,8.1,0.0,100
2023-07-18 18:00:00,27.6,88,48.0,15.5,0.0,100
2023-07-18 19:00:00,27.1,90,10.0,10.1,0.0,100
2023-07-18 20:00:00,27.0,91,0.0,8.0,0.1,100
2023-07-18 21:00:00,27.0,92,0.0,8.4,0.0,100
2023-07-18 22:00:00,26.8,93,0.0,10.9,0.0,99
2023-07-18 23:00:00,26.8,94,0.0,10.0,0.0,83
2023-07-19 00:00:00,26.8,95,0.0,9.0,0.0,93
2023-07-19 01:00:00,26.7,96,0.0,8.4,0.0,100
2023-07-19 02:00:00,26.6,97,0.0,8.4,0.0,43
2023-07-19 03:00:00,26.4,97,0.0,9.7,0.0,37
2023-07-19 04:00:00,26.3,97,0.0,10.2,0.0,95
2023-07-19 05:00:00,27.1,97,0.0,10.9,0.0,76
2023-07-19 06:00:00,27.6,95,17.0,7.2,0.1,53
2023-07-19 07:00:00,28.3,91,106.0,13.0,0.3,93
2023-07-19 08:00:00,27.4,89,245.0,12.7,7.6,99
2023-07-19 09:00:00,28.8,82,271.0,12.7,0.1,100
2023-07-19 10:00:00,29.7,79,347.0,10.8,0.0,100
2023-07-19 11:00:00,30.6,77,496.0,10.3,0.1,100
2023-07-19 12:00:00,31.7,72,724.0,11.5,0.2,95
2023-07-19 13:00:00,32.3,68,763.0,12.5,0.0,71
2023-07-19 14:00:00,33.0,64,766.0,12.8,0.0,15
2023-07-19 15:00:00,32.9,65,628.0,12.2,0.0,24
2023-07-19 16:00:00,32.6,65,436.0,10.8,0.7,46
2023-07-19 17:00:00,29.9,83,292.0,9.9,0.1,39
2023-07-19 18:00:00,29.5,83,110.0,5.8,0.1,88
2023-07-19 19:00:00,28.6,88,20.0,3.6,0.0,94
2023-07-19 20:00:00,27.9,93,0.0,3.1,0.0,98
2023-07-19 21:00:00,27.6,95,0.0,2.7,0.0,66
2023-07-19 22:00:00,27.5,95,0.0,3.6,0.0,14
2023-07-19 23:00:00,27.3,95,0.0,3.6,0.0,55
2023-07-20 00:00:00,27.2,94,0.0,4.7,0.0,23
2023-07-20 01:00:00,27.1,94,0.0,4.1,0.0,41
2023-07-20 02:00:00,26.9,95,0.0,4.4,0.0,58
2023-07-20 03:00:00,27.1,94,0.0,4.3,0.0,9
2023-07-20 04:00:00,27.2,92,0.0,5.8,0.0,68
2023-07-20 05:00:00,28.4,84,0.0,5.4,0.0,41
2023-07-20 06:00:00,28.4,85,16.0,7.1,0.9,55
2023-07-20 07:00:00,28.5,86,120.0,6.1,0.7,43
2023-07-20 08:00:00,27.7,86,266.0,10.7,2.9,50
2023-07-20 09:00:00,30.2,78,394.0,6.2,0.1,10
2023-07-20 10:00:00,32.0,73,654.0,8.6,0.0,3
2023-07-20 11:00:00,33.0,68,763.0,7.1,0.0,12
2023-07-20 12:00:00,34.0,62,815.0,4.3,0.0,3
2023-07-20 13:00:00,34.7,59,832.0,4.0,0.0,4
2023-07-20 14:00:00,35.1,56,770.0,4.0,0.0,9
2023-07-20 15:00:00,35.2,55,628.0,5.1,0.0,18
2023-07-20 16:00:00,34.9,56,464.0,7.3,0.0,30
2023-07-20 17:00:00,32.5,73,288.0,6.4,0.0,30
2023-07-20 18:00:00,28.5,92,87.0,16.8,13.0,95
2023-07-20 19:00:00,27.7,91,6.0,1.3,2.6,93
2023-07-20 20:00:00,27.9,91,0.0,6.2,0.0,58
2023-07-20 21:00:00,27.6,92,0.0,2.7,0.7,66
2023-07-20 22:00:00,27.2,91,0.0,6.8,2.8,45
2023-07-20 23:00:00,27.4,91,0.0,4.7,0.0,49
2023-07-21 00:00:00,27.5,90,0.0,4.5,0.0,11
2023-07-21 01:00:00,27.6,90,0.0,7.2,0.0,4
2023-07-21 02:00:00,27.7,89,0.0,6.3,0.0,1
2023-07-21 03:00:00,27.8,88,0.0,6.6,0.0,2
2023-07-21 04:00:00,27.9,88,0.0,8.5,0.0,1
2023-07-21 05:00:00,26.5,91,0.0,6.8,0.0,14
2023-07-21 06:00:00,27.9,86,20.0,4.7,0.0,53
2023-07-21 07:00:00,28.9,85,138.0,3.3,0.0,58
2023-07-21 08:00:00,30.6,79,323.0,0.0,0.0,94
2023-07-21 09:00:00,32.3,73,501.0,2.5,0.0,98
2023-07-21 10:00:00,33.7,68,662.0,8.8,0.0,99
2023-07-21 11:00:00,34.6,62,775.0,10.6,0.1,94
2023-07-21 12:00:00,34.9,59,717.0,13.1,0.0,100
2023-07-21 13:00:00,35.0,59,727.0,14.1,0.0,100
2023-07-21 14:00:00,35.3,56,710.0,14.3,0.0,100
2023-07-21 15:00:00,35.6,54,610.0,11.5,0.0,100
2023-07-21 16:00:00,35.1,55,427.0,11.6,0.0,100
2023-07-21 17:00:00,33.9,61,269.0,10.5,0.0,99
2023-07-21 18:00:00,32.8,70,107.0,6.5,0.0,100
2023-07-21 19:00:00,29.2,86,17.0,15.5,4.0,100
2023-07-21 20:00:00,28.9,84,0.0,12.1,0.1,100
2023-07-21 21:00:00,29.3,83,0.0,11.2,0.0,100
2023-07-21 22:00:00,29.6,85,0.0,12.1,0.0,100
2023-07-21 23:00:00,29.5,84,0.0,10.0,0.0,57
2023-07-22 00:00:00,28.7,87,0.0,5.9,0.0,6
2023-07-22 01:00:00,28.4,87,0.0,7.3,0.0,14
2023-07-22 02:00:00,28.5,83,0.0,11.2,0.0,79
2023-07-22 03:00:00,28.5,83,0.0,10.8,0.0,50
2023-07-22 04:00:00,28.3,86,0.0,10.0,0.0,100
2023-07-22 05:00:00,27.5,87,0.0,7.4,0.0,99
2023-07-22 06:00:00,27.2,92,10.0,12.6,1.4,100
2023-07-22 07:00:00,28.4,90,79.0,9.4,0.0,100
2023-07-22 08:00:00,30.7,82,242.0,13.7,0.0,100
2023-07-22 09:00:00,31.9,75,384.0,16.4,0.1,100
2023-07-22 10:00:00,29.9,80,571.0,16.6,4.2,99
2023-07-22 11:00:00,29.9,80,283.0,13.4,0.0,100
2023-07-22 12:00:00,32.3,74,580.0,14.2,0.1,99
2023-07-22 13:00:00,33.8,65,663.0,19.7,0.2,100
2023-07-22 14:00:00,34.2,61,698.0,19.9,0.0,100
2023-07-22 15:00:00,33.9,61,550.0,18.4,0.0,94
2023-07-22 16:00:00,33.8,62,479.0,18.4,0.0,99
2023-07-22 17:00:00,34.3,60,288.0,15.3,0.0,100
2023-07-22 18:00:00,33.1,64,125.0,15.3,0.0,64
2023-07-22 19:00:00,31.8,71,18.0,13.3,0.0,59
2023-07-22 20:00:00,31.1,73,0.0,13.1,0.0,99
2023-07-22 21:00:00,30.7,73,0.0,13.5,0.0,89
2023-07-22 22:00:00,30.3,74,0.0,14.6,0.0,75
2023-07-22 23:00:00,29.9,74,0.0,13.8,0.0,85
2023-07-23 00:00:00,29.5,75,0.0,13.7,0.0,89
2023-07-23 01:00:00,29.1,76,0.0,14.2,0.0,81
2023-07-23 02:00:00,28.8,77,0.0,13.9,0.0,91
2023-07-23 03:00:00,28.5,79,0.0,12.3,0.0,99
2023-07-23 04:00:00,28.3,81,0.0,13.0,0.0,100
2023-07-23 05:00:00,29.1,78,0.0,14.8,0.0,99
2023-07-23 06:00:00,29.4,78,25.0,15.3,0.0,98
2023-07-23 07:00:00,30.0,77,144.0,14.0,0.0,97
2023-07-23 08:00:00,30.8,74,312.0,18.7,0.0,99
2023-07-23 09:00:00,31.1,73,476.0,21.9,0.1,100
2023-07-23 10:00:00,31.8,71,533.0,17.1,0.1,100
2023-07-23 11:00:00,33.1,68,695.0,18.0,0.0,73
2023-07-23 12:00:00,33.5,65,744.0,17.7,0.2,32
2023-07-23 13:00:00,34.1,63,775.0,17.6,0.1,91
2023-07-23 14:00:00,34.2,62,716.0,18.2,0.0,100
2023-07-23 15:00:00,34.1,62,555.0,17.0,0.0,100
2023-07-23 16:00:00,33.5,64,416.0,17.1,0.0,100
2023-07-23 17:00:00,32.3,70,222.0,12.7,0.0,97
2023-07-23 18:00:00,31.6,72,101.0,11.4,0.0,100
2023-07-23 19:00:00,30.8,74,15.0,9.8,0.0,100
2023-07-23 20:00:00,30.1,78,0.0,7.6,0.1,99
2023-07-23 21:00:00,30.0,79,0.0,9.7,0.0,99
2023-07-23 22:00:00,29.9,77,0.0,12.0,0.0,98
2023-07-23 23:00:00,29.5,79,0.0,12.0,0.0,25
2023-07-24 00:00:00,29.1,81,0.0,10.7,0.0,3
2023-07-24 01:00:00,28.7,83,0.0,10.9,0.0,3
2023-07-24 02:00:00,28.4,85,0.0,10.6,0.0,2
2023-07-24 03:00:00,28.2,86,0.0,10.2,0.0,2
2023-07-24 04:00:00,27.9,87,0.0,8.3,0.0,3
2023-07-24 05:00:00,27.9,87,0.0,11.5,0.0,0
2023-07-24 06:00:00,28.3,88,21.0,10.8,0.0,29
2023-07-24 07:00:00,28.9,84,128.0,13.0,0.0,9
2023-07-24 08:00:00,30.2,78,305.0,13.6,0.0,18
2023-07-24 09:00:00,31.2,75,473.0,13.9,0.1,10
2023-07-24 10:00:00,32.0,72,634.0,15.0,0.2,17
2023-07-24 11:00:00,33.1,68,724.0,14.4,0.1,13
2023-07-24 12:00:00,33.7,65,776.0,15.5,0.1,17
2023-07-24 13:00:00,33.9,64,784.0,15.0,0.1,26
2023-07-24 14:00:00,34.1,63,673.0,12.1,0.0,40
2023-07-24 15:00:00,34.0,63,600.0,9.4,0.0,74
2023-07-24 16:00:00,33.8,63,487.0,7.2,0.0,91
2023-07-24 17:00:00,30.2,81,211.0,9.8,1.0,96
2023-07-24 18:00:00,28.0,90,89.0,12.3,4.4,100
2023-07-24 19:00:00,27.7,90,8.0,6.4,1.0,97
2023-07-24 20:00:00,27.7,93,0.0,10.7,0.1,100
2023-07-24 21:00:00,27.7,90,0.0,11.6,0.1,100
2023-07-24 22:00:00,27.5,91,0.0,8.9,0.6,100
2023-07-24 23:00:00,27.4,93,0.0,10.0,0.0,100
2023-07-25 00:00:00,27.2,94,0.0,13.6,1.5,100
2023-07-25 01:00:00,26.7,95,0.0,10.1,0.0,100
2023-07-25 02:00:00,25.6,94,0.0,10.1,5.9,100
2023-07-25 03:00:00,25.6,94,0.0,4.9,0.2,100
2023-07-25 04:00:00,25.6,94,0.0,11.8,0.2,100
2023-07-25 05:00:00,26.4,93,0.0,12.8,0.1,100
2023-07-25 06:00:00,26.6,91,8.0,3.1,3.6,100
2023-07-25 07:00:00,27.1,90,42.0,7.3,0.1,100
2023-07-25 08:00:00,27.7,88,120.0,10.0,0.0,100
2023-07-25 09:00:00,29.2,83,308.0,10.3,0.0,100
2023-07-25 10:00:00,30.8,77,466.0,11.3,0.0,100
2023-07-25 11:00:00,31.5,73,452.0,9.2,0.0,100
2023-07-25 12:00:00,32.8,70,669.0,8.5,0.0,100
2023-07-25 13:00:00,33.2,68,704.0,9.4,0.1,100
2023-07-25 14:00:00,33.8,65,605.0,7.1,0.1,100
2023-07-25 15:00:00,34.1,63,576.0,8.2,0.0,100
2023-07-25 16:00:00,34.1,63,420.0,7.6,0.0,100
2023-07-25 17:00:00,31.4,72,242.0,10.0,0.0,100
2023-07-25 18:00:00,30.2,78,91.0,14.9,0.0,100
2023-07-25 19:00:00,29.5,81,17.0,6.9,0.0,100
2023-07-25 20:00:00,29.2,83,0.0,5.1,0.0,100
2023-07-25 21:00:00,29.1,84,0.0,5.4,0.0,100
2023-07-25 22:00:00,28.6,86,0.0,8.9,0.0,100
2023-07-25 23:00:00,27.3,90,0.0,10.9,0.0,100
2023-07-26 00:00:00,26.3,94,0.0,10.1,0.9,100
2023-07-26 01:00:00,25.7,97,0.0,10.5,3.3,100
2023-07-26 02:00:00,26.1,95,0.0,12.8,0.4,100
2023-07-26 03:00:00,26.3,95,0.0,6.4,0.0,100
2023-07-26 04:00:00,26.0,97,0.0,7.2,0.0,100
2023-07-26 05:00:00,26.5,97,0.0,10.1,0.0,100
2023-07-26 06:00:00,26.2,95,18.0,10.1,4.9,100
2023-07-26 07:00:00,25.6,99,52.0,13.0,2.4,100
2023-07-26 08:00:00,25.6,95,40.0,12.3,3.7,100
2023-07-26 09:00:00,25.8,94,97.0,10.3,0.8,100
2023-07-26 10:00:00,26.4,90,196.0,14.3,0.4,100
2023-07-26 11:00:00,27.4,84,305.0,10.0,0.5,100
2023-07-26 12:00:00,28.5,80,382.0,9.0,0.3,100
2023-07-26 13:00:00,29.3,77,380.0,8.2,0.1,100
2023-07-26 14:00:00,29.3,77,216.0,8.0,0.0,100
2023-07-26 15:00:00,29.5,76,192.0,7.7,0.0,100
2023-07-26 16:00:00,29.7,76,182.0,6.6,0.0,100
2023-07-26 17:00:00,27.4,89,116.0,4.7,0.0,100
2023-07-26 18:00:00,27.3,91,17.0,0.5,0.3,100
2023-07-26 19:00:00,27.2,92,12.0,2.5,0.2,100
2023-07-26 20:00:00,26.8,95,0.0,2.2,0.1,100
2023-07-26 21:00:00,26.6,96,0.0,3.0,0.0,100
2023-07-26 22:00:00,26.6,96,0.0,4.0,0.0,99
2023-07-26 23:00:00,26.3,98,0.0,4.4,0.0,100
2023-07-27 00:00:00,26.5,97,0.0,2.9,0.0,100
2023-07-27 01:00:00,26.4,98,0.0,3.2,0.0,100
2023-07-27 02:00:00,26.4,98,0.0,4.0,0.1,100
2023-07-27 03:00:00,26.4,98,0.0,5.4,0.4,100
2023-07-27 04:00:00,26.3,98,0.0,5.5,0.1,99
2023-07-27 05:00:00,26.8,96,0.0,7.6,0.0,100
2023-07-27 06:00:00,27.3,95,21.0,7.9,0.0,100
2023-07-27 07:00:00,28.2,91,131.0,6.5,0.0,93
2023-07-27 08:00:00,28.8,85,307.0,4.9,3.3,79
2023-07-27 09:00:00,28.1,87,335.0,8.9,5.3,98
2023-07-27 10:00:00,28.8,83,296.0,6.8,0.1,100
2023-07-27 11:00:00,29.9,80,430.0,4.6,0.0,100
2023-07-27 12:00:00,30.6,78,531.0,3.8,0.1,100
2023-07-27 13:00:00,31.4,74,569.0,4.8,0.1,100
2023-07-27 14:00:00,31.6,74,474.0,4.1,0.1,100
2023-07-27 15:00:00,31.7,72,392.0,3.1,0.0,100
2023-07-27 16:00:00,31.7,71,362.0,5.5,0.1,100
2023-07-27 17:00:00,30.4,74,231.0,6.8,0.1,100
2023-07-27 18:00:00,28.8,89,34.0,7.1,1.0,100
2023-07-27 19:00:00,28.4,89,8.0,4.0,0.2,100
2023-07-27 20:00:00,28.0,92,0.0,2.2,0.0,100
2023-07-27 21:00:00,27.9,93,0.0,3.2,0.0,100
2023-07-27 22:00:00,27.8,94,0.0,4.1,0.0,100
2023-07-27 23:00:00,27.5,95,0.0,3.3,0.0,100
2023-07-28 00:00:00,27.1,97,0.0,3.7,0.0,100
2023-07-28 01:00:00,27.1,96,0.0,2.9,0.0,100
2023-07-28 02:00:00,27.0,97,0.0,3.6,0.0,100
2023-07-28 03:00:00,27.0,97,0.0,1.9,0.0,100
2023-07-28 04:00:00,26.8,97,0.0,3.1,0.0,100
2023-07-28 05:00:00,26.9,95,0.0,2.9,0.0,100
2023-07-28 06:00:00,26.6,94,17.0,8.4,4.8,100
2023-07-28 07:00:00,26.9,93,46.0,8.1,0.1,100
2023-07-28 08:00:00,27.3,91,163.0,4.6,0.1,100
2023-07-28 09:00:00,28.7,84,363.0,2.5,0.1,92
2023-07-28 10:00:00,29.8,78,507.0,4.4,0.2,70
2023-07-28 11:00:00,31.1,73,737.0,3.8,0.1,83
2023-07-28 12:00:00,32.2,69,781.0,5.5,0.1,98
2023-07-28 13:00:00,32.9,65,774.0,7.1,0.1,100
2023-07-28 14:00:00,32.7,65,506.0,6.9,0.1,100
2023-07-28 15:00:00,30.7,74,270.0,6.5,2.8,100
2023-07-28 16:00:00,29.6,79,283.0,5.1,3.9,100
2023-07-28 17:00:00,27.0,89,133.0,6.6,0.8,100
2023-07-28 18:00:00,26.7,92,18.0,7.6,3.8,100
2023-07-28 19:00:00,26.7,92,2.0,10.2,4.6,100
2023-07-28 20:00:00,26.7,94,0.0,7.9,1.7,100
2023-07-28 21:00:00,26.6,95,0.0,7.6,1.2,100
2023-07-28 22:00:00,26.3,94,0.0,9.0,1.5,100
2023-07-28 23:00:00,26.3,94,0.0,6.9,1.0,100
2023-07-29 00:00:00,26.4,95,0.0,3.8,0.5,88
2023-07-29 01:00:00,25.7,95,0.0,6.2,3.2,100
2023-07-29 02:00:00,25.9,95,0.0,4.0,0.3,98
2023-07-29 03:00:00,25.6,93,0.0,3.1,2.1,100
2023-07-29 04:00:00,25.6,95,0.0,7.1,1.3,100
2023-07-29 05:00:00,24.7,94,0.0,7.7,0.8,100
2023-07-29 06:00:00,25.2,94,19.0,6.6,0.1,98
2023-07-29 07:00:00,26.2,89,116.0,11.3,0.1,100
2023-07-29 08:00:00,27.3,84,257.0,11.3,0.0,55
2023-07-29 09:00:00,29.0,77,484.0,11.2,0.0,55
2023-07-29 10:00:00,29.8,74,482.0,11.3,0.1,82
2023-07-29 11:00:00,30.9,71,645.0,9.7,0.1,100
2023-07-29 12:00:00,31.1,69,485.0,9.4,0.1,100
2023-07-29 13:00:00,31.4,68,408.0,8.7,0.0,100
2023-07-29 14:00:00,28.5,78,422.0,13.5,2.0,79
2023-07-29 15:00:00,29.3,77,455.0,7.2,0.2,58
2023-07-29 16:00:00,30.4,74,489.0,8.1,0.0,80
2023-07-29 17:00:00,29.1,78,292.0,0.5,0.1,86
2023-07-29 18:00:00,29.2,78,86.0,2.1,0.1,100
2023-07-29 19:00:00,28.1,88,14.0,4.1,0.1,100
2023-07-29 20:00:00,27.8,88,0.0,4.8,0.0,93
2023-07-29 21:00:00,27.3,90,0.0,5.6,0.0,28
2023-07-29 22:00:00,27.1,90,0.0,5.2,0.0,21
2023-07-29 23:00:00,26.8,92,0.0,5.2,0.0,54
2023-07-30 00:00:00,26.5,93,0.0,4.4,0.0,82
2023-07-30 01:00:00,26.3,94,0.0,8.4,0.0,25
2023-07-30 02:00:00,26.1,94,0.0,10.5,0.0,17
2023-07-30 03:00:00,25.7,94,0.0,11.9,0.0,25
2023-07-30 04:00:00,25.0,93,0.0,14.0,1.3,99
2023-07-30 05:00:00,25.3,96,0.0,11.5,0.3,14
2023-07-30 06:00:00,25.8,94,14.0,9.2,0.1,41
2023-07-30 07:00:00,26.5,90,123.0,11.2,0.0,48
2023-07-30 08:00:00,27.9,83,287.0,11.0,0.0,57
2023-07-30 09:00:00,28.8,79,413.0,10.7,0.1,56
2023-07-30 10:00:00,30.1,73,595.0,9.4,0.2,25
2023-07-30 11:00:00,31.3,68,664.0,9.7,0.1,23
2023-07-30 12:00:00,32.3,64,787.0,10.1,0.1,18
2023-07-30 13:00:00,32.8,62,774.0,10.3,0.0,29
2023-07-30 14:00:00,33.0,60,663.0,10.5,0.0,22
2023-07-30 15:00:00,33.1,60,612.0,10.5,0.0,13
2023-07-30 16:00:00,32.9,61,458.0,11.0,0.0,14
2023-07-30 17:00:00,32.0,66,287.0,13.5,0.0,17
2023-07-30 18:00:00,30.7,75,101.0,7.6,0.0,18
2023-07-30 19:00:00,29.6,83,15.0,4.8,0.0,19
2023-07-30 20:00:00,28.8,85,0.0,2.9,0.1,26
2023-07-30 21:00:00,28.4,87,0.0,5.6,0.0,18
2023-07-30 22:00:00,28.3,86,0.0,8.8,0.0,6
2023-07-30 23:00:00,28.2,86,0.0,9.8,0.0,6
2023-07-31 00:00:00,27.8,86,0.0,10.7,0.0,3
2023-07-31 01:00:00,27.5,86,0.0,14.8,0.0,26
2023-07-31 02:00:00,26.5,88,0.0,18.6,0.0,49
2023-07-31 03:00:00,26.1,90,0.0,14.1,0.1,48
2023-07-31 04:00:00,26.0,93,0.0,12.3,0.0,29
2023-07-31 05:00:00,25.1,95,0.0,10.0,0.0,21
2023-07-31 06:00:00,25.5,95,11.0,7.2,0.3,69
2023-07-31 07:00:00,26.3,91,88.0,9.7,0.2,62
2023-07-31 08:00:00,27.6,88,289.0,9.5,0.0,37
2023-07-31 09:00:00,29.6,81,494.0,9.7,0.0,9
2023-07-31 10:00:00,31.3,73,666.0,12.4,0.1,24
2023-07-31 11:00:00,32.3,70,734.0,11.4,0.1,9
2023-07-31 12:00:00,33.1,66,814.0,10.5,0.0,8
2023-07-31 13:00:00,33.6,64,811.0,10.5,0.0,9
2023-07-31 14:00:00,33.5,63,738.0,12.9,0.0,22
2023-07-31 15:00:00,33.6,62,609.0,12.6,0.0,11
2023-07-31 16:00:00,33.3,61,465.0,14.3,0.0,11
2023-07-31 17:00:00,33.3,61,267.0,11.6,0.0,36
2023-07-31 18:00:00,32.0,66,118.0,11.5,0.0,19
2023-07-31 19:00:00,30.8,71,16.0,14.5,0.0,25
2023-07-31 20:00:00,29.6,76,0.0,13.0,0.0,44
2023-07-31 21:00:00,29.0,78,0.0,12.3,0.0,55
2023-07-31 22:00:00,28.7,81,0.0,11.9,0.0,34
2023-07-31 23:00:00,28.3,83,0.0,12.8,0.0,36
2023-08-01 00:00:00,28.1,84,0.0,12.7,0.0,6
2023-08-01 01:00:00,27.7,85,0.0,13.0,0.0,1
2023-08-01 02:00:00,27.3,87,0.0,12.6,0.0,0
2023-08-01 03:00:00,27.1,87,0.0,13.3,0.0,0
2023-08-01 04:00:00,26.9,87,0.0,14.1,0.0,4
2023-08-01 05:00:00,27.3,84,0.0,13.6,0.0,0
2023-08-01 06:00:00,27.7,83,19.0,15.4,0.0,21
2023-08-01 07:00:00,28.3,82,126.0,15.3,0.0,15
2023-08-01 08:00:00,29.6,78,307.0,16.6,0.0,13
2023-08-01 09:00:00,30.7,75,495.0,18.0,0.0,3
2023-08-01 10:00:00,32.0,72,667.0,16.5,0.1,21
2023-08-01 11:00:00,33.1,67,735.0,14.5,0.1,9
2023-08-01 12:00:00,33.9,62,833.0,13.8,0.0,12
2023-08-01 13:00:00,34.1,60,785.0,14.8,0.0,9
2023-08-01 14:00:00,34.6,56,730.0,16.2,0.0,13
2023-08-01 15:00:00,34.4,57,622.0,18.7,0.0,10
2023-08-01 16:00:00,33.9,59,448.0,18.4,0.0,5
2023-08-01 17:00:00,33.0,66,283.0,15.7,0.0,8
2023-08-01 18:00:00,31.2,75,120.0,17.7,0.0,100
2023-08-01 19:00:00,30.0,76,14.0,13.8,0.0,10
2023-08-01 20:00:00,29.7,77,0.0,11.7,0.0,9
2023-08-01 21:00:00,29.4,79,0.0,11.2,0.0,11
2023-08-01 22:00:00,29.4,80,0.0,12.1,0.0,1
2023-08-01 23:00:00,29.5,80,0.0,14.2,0.0,8
2023-08-02 00:00:00,29.3,78,0.0,17.3,0.0,8
2023-08-02 01:00:00,29.0,77,0.0,16.2,0.0,88
2023-08-02 02:00:00,28.5,82,0.0,15.1,0.0,4
2023-08-02 03:00:00,28.4,83,0.0,15.9,0.0,20
2023-08-02 04:00:00,28.3,82,0.0,16.0,0.0,7
2023-08-02 05:00:00,27.8,87,0.0,13.2,0.0,25
2023-08-02 06:00:00,28.5,84,17.0,13.6,0.0,99
2023-08-02 07:00:00,29.3,81,109.0,12.9,0.0,100
2023-08-02 08:00:00,30.4,76,298.0,16.9,0.0,88
2023-08-02 09:00:00,31.4,73,466.0,17.4,0.0,14
2023-08-02 10:00:00,32.6,70,633.0,16.7,0.0,8
2023-08-02 11:00:00,33.7,66,774.0,17.8,0.1,18
2023-08-02 12:00:00,34.7,62,840.0,16.1,0.0,89
2023-08-02 13:00:00,34.9,60,811.0,14.1,0.0,94
2023-08-02 14:00:00,35.1,59,721.0,13.1,0.0,100
2023-08-02 15:00:00,34.3,62,562.0,14.3,0.1,100
2023-08-02 16:00:00,31.9,72,327.0,8.7,0.2,100
2023-08-02 17:00:00,28.5,86,199.0,1.5,0.1,100
2023-08-02 18:00:00,28.6,86,67.0,1.8,0.0,100
2023-08-02 19:00:00,28.3,87,8.0,8.7,0.1,100
2023-08-02 20:00:00,28.2,90,0.0,4.3,0.0,100
2023-08-02 21:00:00,27.8,92,0.0,8.1,0.2,100
2023-08-02 22:00:00,27.5,92,0.0,7.7,0.6,100
2023-08-02 23:00:00,27.3,93,0.0,8.8,0.0,100
2023-08-03 00:00:00,27.1,92,0.0,9.5,0.0,100
2023-08-03 01:00:00,26.8,93,0.0,7.6,0.0,94
2023-08-03 02:00:00,26.8,94,0.0,9.1,0.0,100
2023-08-03 03:00:00,26.8,96,0.0,9.6,0.0,100
2023-08-03 04:00:00,26.8,93,0.0,11.3,0.0,84
2023-08-03 05:00:00,26.5,90,0.0,14.3,0.0,48
2023-08-03 06:00:00,27.2,86,18.0,17.0,0.0,87
2023-08-03 07:00:00,28.2,84,131.0,15.8,0.0,100
2023-08-03 08:00:00,29.3,79,299.0,17.7,0.0,100
2023-08-03 09:00:00,30.3,75,492.0,18.0,0.0,79
2023-08-03 10:00:00,31.4,71,643.0,17.1,0.0,99
2023-08-03 11:00:00,32.3,68,745.0,16.0,0.1,98
2023-08-03 12:00:00,33.1,66,817.0,14.8,0.1,100
2023-08-03 13:00:00,33.8,64,822.0,16.1,0.1,99
2023-08-03 14:00:00,34.1,62,761.0,16.6,0.0,74
2023-08-03 15:00:00,33.9,62,571.0,17.4,0.1,26
2023-08-03 16:00:00,33.7,64,456.0,14.7,0.3,46
2023-08-03 17:00:00,32.1,72,267.0,6.1,0.7,93
2023-08-03 18:00:00,28.0,90,68.0,8.3,8.0,100
2023-08-03 19:00:00,27.5,92,5.0,10.5,0.1,100
2023-08-03 20:00:00,27.7,92,0.0,7.0,0.0,100
2023-08-03 21:00:00,27.8,92,0.0,7.7,0.0,100
2023-08-03 22:00:00,27.8,90,0.0,8.3,0.0,100
2023-08-03 23:00:00,27.5,91,0.0,8.2,0.1,100
2023-08-04 00:00:00,27.1,92,0.0,8.0,0.1,100
2023-08-04 01:00:00,27.0,93,0.0,4.1,0.1,100
2023-08-04 02:00:00,26.8,93,0.0,3.1,0.0,100
2023-08-04 03:00:00,26.5,95,0.0,8.4,0.2,100
2023-08-04 04:00:00,26.0,97,0.0,6.1,0.6,100
2023-08-04 05:00:00,28.0,89,0.0,9.4,0.2,100
2023-08-04 06:00:00,28.0,90,11.0,3.3,1.5,100
2023-08-04 07:00:00,27.7,92,34.0,3.4,0.0,100
2023-08-04 08:00:00,27.8,90,67.0,5.8,0.3,100
2023-08-04 09:00:00,28.7,88,301.0,3.1,0.6,100
2023-08-04 10:00:00,29.3,84,343.0,2.7,1.1,100
2023-08-04 11:00:00,29.5,84,395.0,3.6,0.6,100
2023-08-04 12:00:00,29.9,83,427.0,3.2,0.4,100
2023-08-04 13:00:00,30.5,81,514.0,3.1,0.5,100
2023-08-04 14:00:00,31.0,78,542.0,4.6,0.4,100
2023-08-04 15:00:00,31.7,75,527.0,7.4,0.2,100
2023-08-04 16:00:00,31.7,74,377.0,8.7,0.2,100
2023-08-04 17:00:00,30.3,79,232.0,5.8,0.3,100
2023-08-04 18:00:00,30.3,79,73.0,2.1,0.1,100
2023-08-04 19:00:00,26.7,95,7.0,9.3,3.4,100
2023-08-04 20:00:00,27.2,92,0.0,1.5,0.5,100
2023-08-04 21:00:00,27.2,93,0.0,3.6,0.2,100
2023-08-04 22:00:00,27.0,94,0.0,4.0,0.0,100
2023-08-04 23:00:00,26.7,97,0.0,3.2,0.0,100
2023-08-05 00:00:00,26.5,98,0.0,2.5,0.0,100
2023-08-05 01:00:00,26.3,99,0.0,3.3,0.0,100
2023-08-05 02:00:00,26.4,98,0.0,3.2,0.0,100
2023-08-05 03:00:00,26.4,98,0.0,3.9,0.0,100
2023-08-05 04:00:00,26.4,97,0.0,5.1,0.0,100
2023-08-05 05:00:00,27.3,89,0.0,3.0,0.0,100
2023-08-05 06:00:00,27.3,92,15.0,4.7,0.6,99
2023-08-05 07:00:00,27.4,92,105.0,4.8,2.4,100
2023-08-05 08:00:00,28.0,90,126.0,5.9,0.2,100
2023-08-05 09:00:00,28.2,88,182.0,11.0,0.6,100
2023-08-05 10:00:00,29.3,82,370.0,7.2,0.2,100
2023-08-05 11:00:00,30.9,77,573.0,7.3,0.5,96
2023-08-05 12:00:00,32.0,74,625.0,8.1,0.1,68
2023-08-05 13:00:00,32.9,68,771.0,10.3,0.1,100
2023-08-05 14:00:00,33.6,63,745.0,12.1,0.0,100
2023-08-05 15:00:00,33.7,64,590.0,12.9,0.0,97
2023-08-05 16:00:00,33.5,64,453.0,12.7,0.0,100
2023-08-05 17:00:00,32.3,69,269.0,8.1,0.0,100
2023-08-05 18:00:00,31.5,77,98.0,4.4,0.0,100
2023-08-05 19:00:00,30.1,82,12.0,5.0,0.0,100
2023-08-05 20:00:00,29.8,82,0.0,5.8,0.0,100
2023-08-05 21:00:00,29.0,88,0.0,6.1,0.0,100
2023-08-05 22:00:00,29.0,86,0.0,3.6,0.0,100
2023-08-05 23:00:00,28.9,84,0.0,8.9,0.1,100
2023-08-06 00:00:00,28.7,83,0.0,8.3,0.0,100
2023-08-06 01:00:00,28.2,82,0.0,8.7,0.0,100
2023-08-06 02:00:00,27.9,80,0.0,9.4,0.0,100
2023-08-06 03:00:00,28.0,79,0.0,11.8,0.0,100
2023-08-06 04:00:00,27.9,79,0.0,13.1,0.0,100
2023-08-06 05:00:00,28.3,78,0.0,13.9,0.0,99
2023-08-06 06:00:00,28.2,76,18.0,15.3,0.0,98
2023-08-06 07:00:00,28.9,75,135.0,14.3,0.0,98
2023-08-06 08:00:00,29.8,72,313.0,17.4,0.0,97
2023-08-06 09:00:00,30.9,70,506.0,18.2,0.0,43
2023-08-06 10:00:00,32.2,66,658.0,18.5,0.0,52
2023-08-06 11:00:00,33.4,62,791.0,19.0,0.0,81
2023-08-06 12:00:00,34.0,59,796.0,19.1,0.0,74
2023-08-06 13:00:00,34.6,57,791.0,19.4,0.0,10
2023-08-06 14:00:00,34.8,57,745.0,18.6,0.0,14
2023-08-06 15:00:00,34.7,56,628.0,19.8,0.0,22
2023-08-06 16:00:00,33.1,63,471.0,18.4,0.5,91
2023-08-06 17:00:00,32.4,67,265.0,10.9,0.0,98
2023-08-06 18:00:00,30.7,75,107.0,7.1,0.1,77
2023-08-06 19:00:00,26.0,91,10.0,5.2,1.2,92
2023-08-06 20:00:00,26.7,91,0.0,0.5,0.1,100
2023-08-06 21:00:00,27.0,92,0.0,4.3,0.0,84
2023-08-06 22:00:00,27.2,89,0.0,8.9,0.0,88
2023-08-06 23:00:00,27.9,82,0.0,13.2,0.0,92
2023-08-07 00:00:00,27.9,77,0.0,13.9,0.0,20
2023-08-07 01:00:00,27.4,77,0.0,13.1,0.0,33
2023-08-07 02:00:00,27.2,77,0.0,12.8,0.0,15
2023-08-07 03:00:00,27.2,76,0.0,14.8,0.0,20
2023-08-07 04:00:00,27.2,76,0.0,17.6,0.0,12
2023-08-07 05:00:00,27.5,74,0.0,18.6,0.0,6
2023-08-07 06:00:00,27.6,75,18.0,19.2,0.0,7
2023-08-07 07:00:00,28.2,74,136.0,19.5,0.0,1
2023-08-07 08:00:00,29.1,72,320.0,21.6,0.0,11
2023-08-07 09:00:00,30.2,69,499.0,22.0,0.0,1
2023-08-07 10:00:00,31.4,66,675.0,20.9,0.0,8
2023-08-07 11:00:00,32.4,62,777.0,19.8,0.0,13
2023-08-07 12:00:00,32.8,60,742.0,17.0,0.0,20
2023-08-07 13:00:00,33.5,57,779.0,16.2,0.1,22
2023-08-07 14:00:00,34.0,55,739.0,16.6,0.0,17
2023-08-07 15:00:00,34.2,54,624.0,18.1,0.0,70
2023-08-07 16:00:00,34.0,55,428.0,16.2,0.0,14
2023-08-07 17:00:00,32.4,61,270.0,13.9,0.0,13
2023-08-07 18:00:00,31.1,66,122.0,11.2,0.0,5
2023-08-07 19:00:00,29.9,70,12.0,8.4,0.0,10
2023-08-07 20:00:00,29.3,71,0.0,11.1,0.0,1
2023-08-07 21:00:00,29.3,68,0.0,16.2,0.0,67
2023-08-07 22:00:00,28.8,71,0.0,14.6,0.0,98
2023-08-07 23:00:00,28.7,71,0.0,15.8,0.0,100
2023-08-08 00:00:00,28.6,70,0.0,16.9,0.0,100
2023-08-08 01:00:00,28.2,70,0.0,18.0,0.0,100
2023-08-08 02:00:00,27.6,71,0.0,19.0,0.0,100
2023-08-08 03:00:00,27.2,73,0.0,19.2,0.0,100
2023-08-08 04:00:00,26.9,74,0.0,19.6,0.0,100
2023-08-08 05:00:00,27.5,74,0.0,22.0,0.0,100
2023-08-08 06:00:00,27.5,76,18.0,22.4,0.0,100
2023-08-08 07:00:00,28.1,76,136.0,22.8,0.0,100
2023-08-08 08:00:00,29.0,74,308.0,24.5,0.0,99
2023-08-08 09:00:00,30.0,72,471.0,24.5,0.0,100
2023-08-08 10:00:00,31.3,67,636.0,23.1,0.0,100
2023-08-08 11:00:00,32.5,64,750.0,21.3,0.0,100
2023-08-08 12:00:00,33.3,60,727.0,19.2,0.0,100
2023-08-08 13:00:00,33.8,57,686.0,17.9,0.0,100
2023-08-08 14:00:00,34.4,54,707.0,17.1,0.0,100
2023-08-08 15:00:00,34.0,56,565.0,18.0,0.0,100
2023-08-08 16:00:00,33.8,57,418.0,16.6,0.0,100
2023-08-08 17:00:00,32.6,62,266.0,12.1,0.0,100
2023-08-08 18:00:00,31.7,66,103.0,9.7,0.0,99
2023-08-08 19:00:00,30.8,68,11.0,8.9,0.0,100
2023-08-08 20:00:00,30.3,68,0.0,9.7,0.0,100
2023-08-08 21:00:00,30.4,66,0.0,13.5,0.0,100
2023-08-08 22:00:00,30.0,65,0.0,15.2,0.0,100
2023-08-08 23:00:00,29.4,65,0.0,16.0,0.0,97
2023-08-09 00:00:00,29.0,66,0.0,17.1,0.0,99
2023-08-09 01:00:00,28.5,68,0.0,15.3,0.0,100
2023-08-09 02:00:00,28.1,70,0.0,15.9,0.0,83
2023-08-09 03:00:00,27.7,71,0.0,16.9,0.0,100
2023-08-09 04:00:00,27.4,72,0.0,16.6,0.0,95
2023-08-09 05:00:00,27.7,73,0.0,18.4,0.0,40
2023-08-09 06:00:00,27.8,74,17.0,18.7,0.0,100
2023-08-09 07:00:00,28.4,75,119.0,17.3,0.0,100
2023-08-09 08:00:00,29.2,73,262.0,19.5,0.0,100
2023-08-09 09:00:00,30.3,70,425.0,20.2,0.0,99
2023-08-09 10:00:00,31.8,66,612.0,19.9,0.0,100
2023-08-09 11:00:00,33.1,60,723.0,17.7,0.0,100
2023-08-09 12:00:00,33.5,57,663.0,13.8,0.0,99
2023-08-09 13:00:00,34.0,55,685.0,11.7,0.0,66
2023-08-09 14:00:00,34.4,54,687.0,11.7,0.0,13
2023-08-09 15:00:00,34.5,53,623.0,11.8,0.0,97
2023-08-09 16:00:00,34.5,52,477.0,11.6,0.0,96
2023-08-09 17:00:00,33.2,59,256.0,11.2,0.0,98
2023-08-09 18:00:00,32.2,62,95.0,8.1,0.0,100
2023-08-09 19:00:00,31.4,63,9.0,7.3,0.0,98
2023-08-09 20:00:00,30.6,66,0.0,7.3,0.0,92
2023-08-09 21:00:00,30.3,67,0.0,8.7,0.0,94
2023-08-09 22:00:00,29.5,69,0.0,11.1,0.0,99
2023-08-09 23:00:00,29.2,65,0.0,14.3,0.0,100
2023-08-10 00:00:00,28.9,65,0.0,14.2,0.0,100
2023-08-10 01:00:00,28.4,69,0.0,14.1,0.0,100
2023-08-10 02:00:00,28.0,72,0.0,13.0,0.0,100
2023-08-10 03:00:00,27.6,74,0.0,10.5,0.0,100
2023-08-10 04:00:00,27.3,77,0.0,13.0,0.0,100
2023-08-10 05:00:00,28.0,75,0.0,13.8,0.0,76
2023-08-10 06:00:00,28.1,76,16.0,14.5,0.0,48
2023-08-10 07:00:00,28.9,74,130.0,15.1,0.0,86
2023-08-10 08:00:00,29.9,70,309.0,17.3,0.0,42
2023-08-10 09:00:00,31.0,67,497.0,17.5,0.0,89
2023-08-10 10:00:00,32.1,63,653.0,16.6,0.0,82
2023-08-10 11:00:00,33.2,58,782.0,14.0,0.0,89
2023-08-10 12:00:00,33.7,56,766.0,10.8,0.0,93
2023-08-10 13:00:00,34.0,54,749.0,9.5,0.0,100
2023-08-10 14:00:00,33.9,53,523.0,8.6,0.0,100
2023-08-10 15:00:00,33.9,53,390.0,8.3,0.0,89
2023-08-10 16:00:00,33.7,53,373.0,9.8,0.0,66
2023-08-10 17:00:00,31.5,66,268.0,9.4,0.0,99
2023-08-10 18:00:00,28.7,78,70.0,9.7,1.2,100
2023-08-10 19:00:00,27.8,86,7.0,11.3,0.5,100
2023-08-10 20:00:00,27.5,84,0.0,11.0,0.0,100
2023-08-10 21:00:00,27.6,83,0.0,7.8,0.0,100
2023-08-10 22:00:00,27.8,83,0.0,6.7,0.0,99
2023-08-10 23:00:00,27.8,83,0.0,6.2,0.0,93
2023-08-11 00:00:00,27.6,84,0.0,9.7,0.0,92
2023-08-11 01:00:00,27.4,85,0.0,9.1,0.0,54
2023-08-11 02:00:00,27.2,84,0.0,7.8,0.0,91
2023-08-11 03:00:00,27.3,82,0.0,8.7,0.0,84
2023-08-11 04:00:00,27.5,77,0.0,10.8,0.0,30
2023-08-11 05:00:00,27.9,73,0.0,11.3,0.0,34
2023-08-11 06:00:00,28.3,68,16.0,13.4,0.0,19
2023-08-11 07:00:00,29.1,68,130.0,12.0,0.0,18
2023-08-11 08:00:00,30.4,65,302.0,13.5,0.0,100
2023-08-11 09:00:00,31.6,62,484.0,14.8,0.0,34
2023-08-11 10:00:00,32.9,58,682.0,15.7,0.0,20
2023-08-11 11:00:00,33.9,53,772.0,13.9,0.0,33
2023-08-11 12:00:00,34.4,50,773.0,12.6,0.1,81
2023-08-11 13:00:00,34.6,49,766.0,13.9,0.1,51
2023-08-11 14:00:00,34.6,49,715.0,13.6,0.1,67
2023-08-11 15:00:00,34.4,50,595.0,14.0,0.1,82
2023-08-11 16:00:00,34.0,51,455.0,13.8,0.0,99
2023-08-11 17:00:00,33.5,58,261.0,4.2,0.0,33
2023-08-11 18:00:00,30.4,78,97.0,4.6,1.1,96
2023-08-11 19:00:00,29.8,81,9.0,5.3,0.1,98
2023-08-11 20:00:00,30.3,71,0.0,7.5,0.0,100
2023-08-11 21:00:00,30.1,69,0.0,7.9,0.0,100
2023-08-11 22:00:00,29.6,70,0.0,9.5,0.0,100
2023-08-11 23:00:00,29.4,69,0.0,11.8,0.0,100
2023-08-12 00:00:00,29.2,68,0.0,13.2,0.0,100
2023-08-12 01:00:00,28.9,66,0.0,14.2,0.0,100
2023-08-12 02:00:00,28.7,63,0.0,15.7,0.0,100
2023-08-12 03:00:00,28.5,62,0.0,16.6,0.0,99
2023-08-12 04:00:00,28.2,62,0.0,15.9,0.0,100
2023-08-12 05:00:00,28.3,60,0.0,15.4,0.0,71
2023-08-12 06:00:00,28.2,62,15.0,15.7,0.0,36
2023-08-12 07:00:00,28.9,64,132.0,15.3,0.0,18
2023-08-12 08:00:00,30.1,62,318.0,18.1,0.0,8
2023-08-12 09:00:00,31.5,59,511.0,19.7,0.0,14
2023-08-12 10:00:00,32.9,55,677.0,20.7,0.0,0
2023-08-12 11:00:00,33.9,51,797.0,19.1,0.0,0
2023-08-12 12:00:00,34.8,48,861.0,16.7,0.0,20
2023-08-12 13:00:00,35.3,45,785.0,16.2,0.0,73
2023-08-12 14:00:00,35.3,44,643.0,18.0,0.0,95
2023-08-12 15:00:00,35.3,43,489.0,17.4,0.0,89
2023-08-12 16:00:00,34.8,46,337.0,16.7,0.0,99
2023-08-12 17:00:00,33.5,52,234.0,13.4,0.0,100
2023-08-12 18:00:00,32.4,54,94.0,13.7,0.0,100
2023-08-12 19:00:00,31.8,53,8.0,16.1,0.0,100
2023-08-12 20:00:00,31.3,54,0.0,14.2,0.0,100
2023-08-12 21:00:00,30.7,56,0.0,14.0,0.0,100
2023-08-12 22:00:00,30.3,57,0.0,15.0,0.0,100
2023-08-12 23:00:00,29.9,60,0.0,16.3,0.0,100
2023-08-13 00:00:00,29.5,63,0.0,15.8,0.0,100
2023-08-13 01:00:00,29.2,63,0.0,16.3,0.0,100
2023-08-13 02:00:00,28.8,64,0.0,17.3,0.0,100
2023-08-13 03:00:00,28.3,66,0.0,17.5,0.0,100
2023-08-13 04:00:00,27.9,68,0.0,17.5,0.0,100
2023-08-13 05:00:00,27.7,70,0.0,17.4,0.0,100
2023-08-13 06:00:00,27.6,72,15.0,17.0,0.0,99
2023-08-13 07:00:00,28.4,72,131.0,16.3,0.0,100
2023-08-13 08:00:00,29.7,68,316.0,18.8,0.0,100
2023-08-13 09:00:00,31.2,64,498.0,18.4,0.0,44
2023-08-13 10:00:00,32.6,59,676.0,17.3,0.0,26
2023-08-13 11:00:00,33.9,55,811.0,14.8,0.0,43
2023-08-13 12:00:00,34.5,51,782.0,13.1,0.1,43
2023-08-13 13:00:00,35.2,48,802.0,11.4,0.1,100
2023-08-13 14:00:00,35.6,47,720.0,11.4,0.2,100
2023-08-13 15:00:00,35.2,47,528.0,11.3,0.2,100
2023-08-13 16:00:00,34.8,49,354.0,11.6,0.1,100
2023-08-13 17:00:00,32.6,59,244.0,11.5,0.0,100
2023-08-13 18:00:00,31.8,62,63.0,9.7,0.0,100
2023-08-13 19:00:00,31.0,64,7.0,10.4,0.0,100
2023-08-13 20:00:00,30.4,65,0.0,13.0,0.0,96
2023-08-13 21:00:00,30.0,64,0.0,14.3,0.0,98
2023-08-13 22:00:00,29.7,63,0.0,15.1,0.0,98
2023-08-13 23:00:00,29.6,63,0.0,14.4,0.0,100
2023-08-14 00:00:00,29.4,63,0.0,13.2,0.0,100
2023-08-14 01:00:00,28.9,65,0.0,11.5,0.0,100
2023-08-14 02:00:00,28.3,68,0.0,9.2,0.0,100
2023-08-14 03:00:00,27.7,71,0.0,7.3,0.0,46
2023-08-14 04:00:00,27.3,73,0.0,8.2,0.0,27
2023-08-14 05:00:00,26.8,75,0.0,6.9,0.0,19
2023-08-14 06:00:00,27.3,75,12.0,8.0,0.0,100
2023-08-14 07:00:00,28.1,74,84.0,7.2,0.0,100
2023-08-14 08:00:00,29.2,69,198.0,7.2,0.0,100
2023-08-14 09:00:00,30.0,65,278.0,5.9,0.0,100
2023-08-14 10:00:00,30.7,62,365.0,4.9,0.0,100
2023-08-14 11:00:00,32.0,58,582.0,8.6,0.0,100
2023-08-14 12:00:00,32.8,54,724.0,11.5,0.0,100
2023-08-14 13:00:00,33.1,53,683.0,12.5,0.0,100
2023-08-14 14:00:00,33.3,52,606.0,13.1,0.0,97
2023-08-14 15:00:00,33.5,51,546.0,12.4,0.0,77
2023-08-14 16:00:00,33.0,53,371.0,11.0,0.0,93
2023-08-14 17:00:00,31.5,60,219.0,7.9,0.0,70
2023-08-14 18:00:00,30.2,67,83.0,9.5,0.0,100
2023-08-14 19:00:00,28.7,76,7.0,12.6,0.0,100
2023-08-14 20:00:00,28.2,80,0.0,10.2,0.0,100
2023-08-14 21:00:00,27.9,82,0.0,10.5,0.0,100
2023-08-14 22:00:00,27.6,83,0.0,10.9,0.0,100
2023-08-14 23:00:00,27.2,85,0.0,9.7,0.0,100
2023-08-15 00:00:00,26.8,87,0.0,7.0,0.0,42
2023-08-15 01:00:00,26.5,89,0.0,6.7,0.0,63
2023-08-15 02:00:00,26.3,89,0.0,7.1,0.0,97
2023-08-15 03:00:00,26.0,90,0.0,6.1,0.0,98
2023-08-15 04:00:00,25.8,91,0.0,5.6,0.0,100
2023-08-15 05:00:00,26.2,94,0.0,7.2,0.0,100
2023-08-15 06:00:00,26.9,91,13.0,4.9,0.0,99
2023-08-15 07:00:00,27.4,87,67.0,4.0,0.1,94
2023-08-15 08:00:00,28.8,76,199.0,4.9,0.0,53
2023-08-15 09:00:00,30.9,67,480.0,4.7,0.0,26
2023-08-15 10:00:00,32.2,61,621.0,5.8,0.0,8
2023-08-15 11:00:00,33.2,58,752.0,7.9,0.0,13
2023-08-15 12:00:00,34.0,55,823.0,7.3,0.0,20
2023-08-15 13:00:00,34.3,54,797.0,6.0,0.0,37
2023-08-15 14:00:00,34.6,52,707.0,5.2,0.0,20
2023-08-15 15:00:00,34.7,52,603.0,4.6,0.0,12
2023-08-15 16:00:00,34.7,52,452.0,7.1,0.0,23
2023-08-15 17:00:00,32.2,59,281.0,6.6,0.0,21
2023-08-15 18:00:00,31.3,67,95.0,9.7,0.0,21
2023-08-15 19:00:00,30.0,73,7.0,4.7,0.0,39
2023-08-15 20:00:00,29.6,78,0.0,1.8,0.0,41
2023-08-15 21:00:00,28.7,82,0.0,2.4,0.0,22
2023-08-15 22:00:00,28.1,87,0.0,3.3,0.0,11
2023-08-15 23:00:00,27.6,87,0.0,2.9,0.0,6
2023-08-16 00:00:00,27.3,87,0.0,3.3,0.0,39
2023-08-16 01:00:00,27.0,87,0.0,3.2,0.0,22
2023-08-16 02:00:00,26.9,85,0.0,4.1,0.0,95
2023-08-16 03:00:00,26.8,84,0.0,5.3,0.0,91
2023-08-16 04:00:00,26.8,83,0.0,5.8,0.0,4
2023-08-16 05:00:00,25.6,89,0.0,10.5,0.0,9
2023-08-16 06:00:00,26.5,89,13.0,8.5,0.1,44
2023-08-16 07:00:00,28.0,83,118.0,8.0,0.0,17
2023-08-16 08:00:00,30.0,72,290.0,11.2,0.0,5
2023-08-16 09:00:00,32.0,63,495.0,13.1,0.0,6
2023-08-16 10:00:00,33.7,55,671.0,12.4,0.0,20
2023-08-16 11:00:00,34.4,52,730.0,11.5,0.0,20
2023-08-16 12:00:00,35.2,51,799.0,11.3,0.0,12
2023-08-16 13:00:00,35.7,49,813.0,13.4,0.0,22
2023-08-16 14:00:00,36.0,48,731.0,15.1,0.0,33
2023-08-16 15:00:00,35.9,47,621.0,15.5,0.0,23
2023-08-16 16:00:00,35.4,47,447.0,16.8,0.0,6
2023-08-16 17:00:00,34.4,50,276.0,15.1,0.0,8
2023-08-16 18:00:00,33.2,55,100.0,10.7,0.0,8
2023-08-16 19:00:00,31.8,60,7.0,7.2,0.0,8
2023-08-16 20:00:00,30.3,72,0.0,7.1,0.0,7
2023-08-16 21:00:00,30.0,69,0.0,5.1,0.0,2
2023-08-16 22:00:00,29.8,68,0.0,5.4,0.0,2
2023-08-16 23:00:00,29.2,70,0.0,5.9,0.0,1
2023-08-17 00:00:00,29.0,71,0.0,6.3,0.0,1
2023-08-17 01:00:00,28.6,72,0.0,6.4,0.0,1
2023-08-17 02:00:00,28.1,73,0.0,6.2,0.0,3
2023-08-17 03:00:00,27.8,73,0.0,7.0,0.0,4
2023-08-17 04:00:00,27.8,71,0.0,11.3,0.0,8
2023-08-17 05:00:00,28.6,68,0.0,14.4,0.0,2
2023-08-17 06:00:00,29.0,67,12.0,15.8,0.0,25
2023-08-17 07:00:00,29.9,64,108.0,16.2,0.0,21
2023-08-17 08:00:00,31.3,58,300.0,19.7,0.0,2
2023-08-17 09:00:00,33.0,54,513.0,20.2,0.0,6
2023-08-17 10:00:00,34.3,49,685.0,20.3,0.0,10
2023-08-17 11:00:00,35.1,46,775.0,19.3,0.0,71
2023-08-17 12:00:00,35.7,44,848.0,18.4,0.0,15
2023-08-17 13:00:00,36.0,42,823.0,18.9,0.0,47
2023-08-17 14:00:00,36.0,42,744.0,18.9,0.0,45
2023-08-17 15:00:00,36.0,42,637.0,18.4,0.0,45
2023-08-17 16:00:00,35.6,43,453.0,18.0,0.0,99
2023-08-17 17:00:00,34.6,50,276.0,12.2,0.0,98
2023-08-17 18:00:00,33.6,54,96.0,8.0,0.0,90
2023-08-17 19:00:00,32.3,58,6.0,6.6,0.0,100
2023-08-17 20:00:00,31.6,60,0.0,6.3,0.0,100
2023-08-17 21:00:00,30.8,65,0.0,6.0,0.0,100
2023-08-17 22:00:00,30.3,66,0.0,5.4,0.0,99
2023-08-17 23:00:00,30.1,66,0.0,5.9,0.0,97
2023-08-18 00:00:00,29.8,67,0.0,8.2,0.0,98
2023-08-18 01:00:00,29.3,68,0.0,6.9,0.0,97
2023-08-18 02:00:00,29.1,67,0.0,9.3,0.0,99
2023-08-18 03:00:00,29.2,63,0.0,12.7,0.0,100
2023-08-18 04:00:00,28.6,65,0.0,9.4,0.0,100
2023-08-18 05:00:00,28.3,65,0.0,10.1,0.0,73
2023-08-18 06:00:00,28.4,66,13.0,11.3,0.0,30
2023-08-18 07:00:00,29.3,64,128.0,12.4,0.0,61
2023-08-18 08:00:00,30.9,60,315.0,15.1,0.0,84
2023-08-18 09:00:00,32.6,55,497.0,14.7,0.0,17
2023-08-18 10:00:00,34.0,51,678.0,13.3,0.0,20
2023-08-18 11:00:00,35.1,48,805.0,11.7,0.0,80
2023-08-18 12:00:00,35.9,45,852.0,10.4,0.0,66
2023-08-18 13:00:00,35.8,44,744.0,7.8,0.0,26
2023-08-18 14:00:00,36.0,44,716.0,10.2,0.0,36
2023-08-18 15:00:00,36.1,44,616.0,9.4,0.0,79
2023-08-18 16:00:00,35.8,45,435.0,8.7,0.1,100
2023-08-18 17:00:00,34.7,50,219.0,11.5,0.0,100
2023-08-18 18:00:00,33.3,61,84.0,8.2,0.0,100
2023-08-18 19:00:00,31.5,70,5.0,13.8,0.0,100
2023-08-18 20:00:00,30.1,75,0.0,9.4,0.0,89
2023-08-18 21:00:00,29.6,77,0.0,6.6,0.0,96
2023-08-18 22:00:00,29.2,79,0.0,4.8,0.0,81
2023-08-18 23:00:00,28.9,80,0.0,5.1,0.0,9
2023-08-19 00:00:00,28.5,83,0.0,3.8,0.0,22
2023-08-19 01:00:00,28.2,84,0.0,4.2,0.0,9
2023-08-19 02:00:00,28.0,86,0.0,4.3,0.0,58
2023-08-19 03:00:00,27.8,87,0.0,5.4,0.0,96
2023-08-19 04:00:00,27.6,89,0.0,6.8,0.0,100
2023-08-19 05:00:00,27.9,87,0.0,3.8,0.0,30
2023-08-19 06:00:00,27.2,87,12.0,19.1,2.5,76
2023-08-19 07:00:00,26.2,91,88.0,11.9,3.9,91
2023-08-19 08:00:00,26.9,89,147.0,7.0,0.1,52
2023-08-19 09:00:00,28.7,84,394.0,5.4,0.1,69
2023-08-19 10:00:00,31.1,75,576.0,7.9,0.0,94
2023-08-19 11:00:00,32.0,73,575.0,10.4,0.0,100
2023-08-19 12:00:00,33.0,65,626.0,12.8,0.0,100
2023-08-19 13:00:00,32.7,66,675.0,10.8,0.7,19
2023-08-19 14:00:00,33.8,61,742.0,8.3,0.0,9
2023-08-19 15:00:00,34.1,59,621.0,7.4,0.0,10
2023-08-19 16:00:00,33.7,60,446.0,8.2,0.0,24
2023-08-19 17:00:00,33.9,55,258.0,9.1,0.1,12
2023-08-19 18:00:00,32.9,61,97.0,7.0,0.0,26
2023-08-19 19:00:00,31.8,67,5.0,4.7,0.0,19
2023-08-19 20:00:00,31.1,70,0.0,6.1,0.0,50
2023-08-19 21:00:00,30.6,73,0.0,8.7,0.0,22
2023-08-19 22:00:00,30.3,74,0.0,9.1,0.0,27
2023-08-19 23:00:00,30.0,76,0.0,8.4,0.0,47
2023-08-20 00:00:00,29.6,78,0.0,9.3,0.0,56
2023-08-20 01:00:00,29.2,80,0.0,8.6,0.0,38
2023-08-20 02:00:00,28.7,81,0.0,7.6,0.0,25
2023-08-20 03:00:00,28.4,82,0.0,8.2,0.0,96
2023-08-20 04:00:00,28.2,83,0.0,7.8,0.0,77
2023-08-20 05:00:00,27.8,91,0.0,8.2,0.0,82
2023-08-20 06:00:00,28.3,91,11.0,7.9,0.0,82
2023-08-20 07:00:00,29.6,85,121.0,8.3,0.0,82
2023-08-20 08:00:00,31.1,76,308.0,13.4,0.0,94
2023-08-20 09:00:00,32.8,66,505.0,17.3,0.0,85
2023-08-20 10:00:00,33.9,58,637.0,18.0,0.0,94
2023-08-20 11:00:00,34.9,53,795.0,17.1,0.0,89
2023-08-20 12:00:00,35.3,51,806.0,16.6,0.0,28
2023-08-20 13:00:00,35.5,51,803.0,15.5,0.1,37
2023-08-20 14:00:00,35.8,50,747.0,13.2,0.0,60
2023-08-20 15:00:00,35.8,50,623.0,11.8,0.0,31
2023-08-20 16:00:00,35.5,50,462.0,10.6,0.0,6
2023-08-20 17:00:00,34.4,54,273.0,6.8,0.0,7
2023-08-20 18:00:00,33.5,59,95.0,5.1,0.0,7
2023-08-20 19:00:00,32.4,64,5.0,5.8,0.0,4
2023-08-20 20:00:00,31.8,67,0.0,6.8,0.0,8
2023-08-20 21:00:00,31.2,71,0.0,6.5,0.0,20
2023-08-20 22:00:00,30.5,75,0.0,7.6,0.0,22
2023-08-20 23:00:00,29.9,78,0.0,10.9,0.0,32
2023-08-21 00:00:00,29.3,81,0.0,10.1,0.0,2
2023-08-21 01:00:00,28.9,83,0.0,9.8,0.0,22
2023-08-21 02:00:00,28.6,85,0.0,8.4,0.0,11
2023-08-21 03:00:00,28.3,87,0.0,7.7,0.0,3
2023-08-21 04:00:00,28.0,88,0.0,5.0,0.0,4
2023-08-21 05:00:00,28.6,86,0.0,4.3,0.0,7
2023-08-21 06:00:00,29.0,85,11.0,5.3,0.0,22
2023-08-21 07:00:00,30.3,79,122.0,4.5,0.0,33
2023-08-21 08:00:00,32.0,71,306.0,5.2,0.0,35
2023-08-21 09:00:00,33.4,65,495.0,7.9,0.0,93
2023-08-21 10:00:00,34.3,59,645.0,6.5,0.0,75
2023-08-21 11:00:00,34.7,57,734.0,2.6,0.1,48
2023-08-21 12:00:00,34.5,58,712.0,6.6,0.5,47
2023-08-21 13:00:00,35.1,57,715.0,6.5,0.1,63
2023-08-21 14:00:00,35.8,56,694.0,1.8,0.0,86
2023-08-21 15:00:00,36.3,53,578.0,0.8,0.0,78
2023-08-21 16:00:00,36.1,52,406.0,2.4,0.0,33
2023-08-21 17:00:00,36.2,49,248.0,3.0,0.0,100
2023-08-21 18:00:00,34.3,57,88.0,7.3,0.1,100
2023-08-21 19:00:00,31.7,71,4.0,14.7,0.0,100
2023-08-21 20:00:00,31.0,73,0.0,12.0,0.0,100
2023-08-21 21:00:00,30.9,73,0.0,10.2,0.0,100
2023-08-21 22:00:00,30.3,74,0.0,14.6,0.0,100
2023-08-21 23:00:00,30.2,74,0.0,12.4,0.0,100
2023-08-22 00:00:00,29.9,75,0.0,12.3,0.0,100
2023-08-22 01:00:00,29.5,77,0.0,11.1,0.0,100
2023-08-22 02:00:00,29.4,77,0.0,7.3,0.0,100
2023-08-22 03:00:00,27.5,92,0.0,10.1,3.6,100
2023-08-22 04:00:00,27.4,91,0.0,11.5,0.2,100
2023-08-22 05:00:00,29.1,86,0.0,8.1,0.0,100
2023-08-22 06:00:00,28.8,90,7.0,1.3,2.5,100
2023-08-22 07:00:00,29.3,89,39.0,2.2,0.0,100
2023-08-22 08:00:00,30.2,83,127.0,4.9,0.0,100
2023-08-22 09:00:00,31.6,77,365.0,5.7,0.0,100
2023-08-22 10:00:00,32.9,72,492.0,4.3,0.0,100
2023-08-22 11:00:00,34.0,68,591.0,4.4,0.0,100
2023-08-22 12:00:00,34.7,65,591.0,6.6,0.0,100
2023-08-22 13:00:00,35.4,62,587.0,5.3,0.0,100
2023-08-22 14:00:00,35.1,62,591.0,8.7,0.0,100
2023-08-22 15:00:00,34.8,65,481.0,8.6,0.1,100
2023-08-22 16:00:00,32.0,75,345.0,18.0,0.6,100
2023-08-22 17:00:00,29.1,83,160.0,5.5,0.1,100
2023-08-22 18:00:00,29.7,82,25.0,13.0,0.0,100
2023-08-22 19:00:00,28.5,85,2.0,14.0,3.7,100
2023-08-22 20:00:00,28.1,84,0.0,14.0,0.0,100
2023-08-22 21:00:00,28.3,84,0.0,8.9,0.0,100
2023-08-22 22:00:00,27.9,89,0.0,4.6,1.2,100
2023-08-22 23:00:00,27.6,89,0.0,7.6,0.6,100
2023-08-23 00:00:00,26.6,95,0.0,10.8,4.9,100
2023-08-23 01:00:00,26.8,95,0.0,9.0,0.4,100
2023-08-23 02:00:00,26.7,95,0.0,6.9,0.2,100
2023-08-23 03:00:00,26.7,95,0.0,8.5,0.2,100
2023-08-23 04:00:00,26.8,93,0.0,10.0,0.1,100
2023-08-23 05:00:00,28.0,86,0.0,20.9,0.6,100
2023-08-23 06:00:00,28.0,84,4.0,18.9,0.2,100
2023-08-23 07:00:00,28.0,83,21.0,17.1,0.1,100
2023-08-23 08:00:00,28.0,87,66.0,6.2,1.8,100
2023-08-23 09:00:00,28.0,88,59.0,7.0,1.5,100
2023-08-23 10:00:00,28.6,87,119.0,1.1,1.7,100
2023-08-23 11:00:00,29.1,87,228.0,2.9,0.7,100
2023-08-23 12:00:00,29.9,81,299.0,2.3,0.3,100
2023-08-23 13:00:00,29.6,82,209.0,4.1,0.4,100
2023-08-23 14:00:00,29.2,84,259.0,6.2,0.4,100
2023-08-23 15:00:00,28.3,90,137.0,8.8,0.6,100
2023-08-23 16:00:00,28.1,92,79.0,7.2,0.5,100
2023-08-23 17:00:00,28.0,86,89.0,0.7,0.2,100
2023-08-23 18:00:00,27.9,87,40.0,2.1,0.4,100
2023-08-23 19:00:00,27.4,92,2.0,5.4,0.0,100
2023-08-23 20:00:00,26.8,96,0.0,2.8,0.1,99
2023-08-23 21:00:00,26.7,98,0.0,8.0,0.1,100
2023-08-23 22:00:00,26.1,97,0.0,12.4,0.0,99
2023-08-23 23:00:00,25.6,97,0.0,10.5,0.1,100
2023-08-24 00:00:00,25.2,97,0.0,7.5,0.0,94
2023-08-24 01:00:00,24.9,97,0.0,8.5,0.0,100
2023-08-24 02:00:00,24.8,97,0.0,5.4,0.0,100
2023-08-24 03:00:00,24.9,98,0.0,4.5,0.0,100
2023-08-24 04:00:00,25.0,98,0.0,3.1,0.0,100
2023-08-24 05:00:00,26.7,78,0.0,13.7,0.0,100
2023-08-24 06:00:00,26.8,77,9.0,12.6,0.0,100
2023-08-24 07:00:00,27.6,76,104.0,10.2,0.0,100
2023-08-24 08:00:00,28.8,71,296.0,14.8,0.0,100
2023-08-24 09:00:00,30.1,67,521.0,17.0,0.0,100
2023-08-24 10:00:00,31.1,64,688.0,15.3,0.0,100
2023-08-24 11:00:00,32.2,59,727.0,13.6,0.0,100
2023-08-24 12:00:00,32.6,58,631.0,14.1,0.0,100
2023-08-24 13:00:00,32.9,57,672.0,14.4,0.0,100
2023-08-24 14:00:00,33.1,55,652.0,15.0,0.0,100
2023-08-24 15:00:00,33.3,55,552.0,16.1,0.0,100
2023-08-24 16:00:00,32.7,56,389.0,16.4,0.0,100
2023-08-24 17:00:00,31.4,62,228.0,12.3,0.0,99
2023-08-24 18:00:00,30.3,67,86.0,8.3,0.0,32
2023-08-24 19:00:00,29.2,72,3.0,6.0,0.0,48
2023-08-24 20:00:00,28.4,75,0.0,6.7,0.0,81
2023-08-24 21:00:00,28.2,73,0.0,10.7,0.0,79
2023-08-24 22:00:00,28.1,69,0.0,13.7,0.0,37
2023-08-24 23:00:00,27.6,69,0.0,14.3,0.0,12
2023-08-25 00:00:00,27.3,69,0.0,14.5,0.0,40
2023-08-25 01:00:00,26.7,71,0.0,12.8,0.0,7
2023-08-25 02:00:00,26.2,73,0.0,11.9,0.0,0
2023-08-25 03:00:00,25.9,74,0.0,11.3,0.0,8
2023-08-25 04:00:00,25.7,76,0.0,11.3,0.0,12
2023-08-25 05:00:00,26.8,74,0.0,16.2,0.0,2
2023-08-25 06:00:00,27.2,73,10.0,15.9,0.0,85
2023-08-25 07:00:00,28.2,71,125.0,13.7,0.0,76
2023-08-25 08:00:00,29.5,65,315.0,16.6,0.0,43
2023-08-25 09:00:00,30.5,62,505.0,16.7,0.0,65
2023-08-25 10:00:00,31.5,60,662.0,16.2,0.0,70
2023-08-25 11:00:00,32.8,55,739.0,16.1,0.0,71
2023-08-25 12:00:00,33.4,54,729.0,13.4,0.0,50
2023-08-25 13:00:00,33.4,54,582.0,12.6,0.0,99
2023-08-25 14:00:00,33.6,53,498.0,13.4,0.0,22
2023-08-25 15:00:00,33.9,51,499.0,14.3,0.0,50
2023-08-25 16:00:00,33.6,53,336.0,14.6,0.0,2
2023-08-25 17:00:00,32.9,57,215.0,10.8,0.0,15
2023-08-25 18:00:00,31.6,61,69.0,9.9,0.0,13
2023-08-25 19:00:00,30.6,62,3.0,9.0,0.0,92
2023-08-25 20:00:00,30.5,62,0.0,10.5,0.0,91
2023-08-25 21:00:00,30.2,63,0.0,11.4,0.0,16
2023-08-25 22:00:00,29.6,63,0.0,11.6,0.0,1
2023-08-25 23:00:00,28.9,62,0.0,15.8,0.0,7
2023-08-26 00:00:00,28.5,62,0.0,16.9,0.0,13
2023-08-26 01:00:00,28.0,64,0.0,16.9,0.0,28
2023-08-26 02:00:00,28.0,64,0.0,14.1,0.0,100
2023-08-26 03:00:00,27.9,65,0.0,14.1,0.0,100
2023-08-26 04:00:00,27.3,68,0.0,12.0,0.0,74
2023-08-26 05:00:00,27.4,69,0.0,13.3,0.0,98
2023-08-26 06:00:00,27.8,68,9.0,15.0,0.0,91
2023-08-26 07:00:00,28.6,67,115.0,13.3,0.0,80
2023-08-26 08:00:00,29.8,64,295.0,16.3,0.0,2
2023-08-26 09:00:00,31.2,60,524.0,18.9,0.0,0
2023-08-26 10:00:00,32.4,55,694.0,18.6,0.0,12
2023-08-26 11:00:00,33.1,52,741.0,16.3,0.0,10
2023-08-26 12:00:00,33.7,49,790.0,14.0,0.0,21
2023-08-26 13:00:00,34.0,48,759.0,13.7,0.0,14
2023-08-26 14:00:00,34.3,47,705.0,13.8,0.0,13
2023-08-26 15:00:00,34.3,47,601.0,13.3,0.0,4
2023-08-26 16:00:00,33.8,47,431.0,14.8,0.0,28
2023-08-26 17:00:00,32.6,54,239.0,12.0,0.0,14
2023-08-26 18:00:00,31.3,60,72.0,9.4,0.0,9
2023-08-26 19:00:00,30.2,64,3.0,6.9,0.0,12
2023-08-26 20:00:00,29.4,67,0.0,7.2,0.0,7
2023-08-26 21:00:00,29.0,68,0.0,7.3,0.0,6
2023-08-26 22:00:00,28.8,66,0.0,9.0,0.0,8
2023-08-26 23:00:00,28.7,64,0.0,11.1,0.0,13
2023-08-27 00:00:00,28.6,62,0.0,14.8,0.0,16
2023-08-27 01:00:00,28.3,60,0.0,16.7,0.0,24
2023-08-27 02:00:00,27.9,61,0.0,16.1,0.0,4
2023-08-27 03:00:00,27.4,62,0.0,15.7,0.0,1
2023-08-27 04:00:00,27.1,63,0.0,15.6,0.0,1
2023-08-27 05:00:00,27.3,62,0.0,17.0,0.0,0
2023-08-27 06:00:00,27.6,62,10.0,18.4,0.0,5
2023-08-27 07:00:00,28.3,62,120.0,17.0,0.0,5
2023-08-27 08:00:00,29.6,59,308.0,20.5,0.0,8
2023-08-27 09:00:00,31.0,56,508.0,22.7,0.0,1
2023-08-27 10:00:00,32.3,52,686.0,23.2,0.0,1
2023-08-27 11:00:00,33.5,48,809.0,21.1,0.0,18
2023-08-27 12:00:00,34.1,46,811.0,19.0,0.0,11
2023-08-27 13:00:00,34.5,45,788.0,17.8,0.0,25
2023-08-27 14:00:00,34.7,45,691.0,17.6,0.0,20
2023-08-27 15:00:00,34.8,43,543.0,18.4,0.0,16
2023-08-27 16:00:00,32.7,49,378.0,15.5,0.0,52
2023-08-27 17:00:00,32.2,53,208.0,13.0,0.1,69
2023-08-27 18:00:00,31.1,58,76.0,9.2,0.0,10
2023-08-27 19:00:00,30.2,57,2.0,11.0,0.0,12
2023-08-27 20:00:00,30.1,56,0.0,14.1,0.0,26
2023-08-27 21:00:00,29.5,57,0.0,14.9,0.0,16
2023-08-27 22:00:00,28.9,59,0.0,16.2,0.0,12
2023-08-27 23:00:00,28.1,63,0.0,14.8,0.0,37
2023-08-28 00:00:00,28.0,64,0.0,13.4,0.0,21
2023-08-28 01:00:00,27.7,65,0.0,13.0,0.0,16
2023-08-28 02:00:00,27.5,63,0.0,12.4,0.0,49
2023-08-28 03:00:00,27.2,62,0.0,13.0,0.0,23
2023-08-28 04:00:00,26.9,62,0.0,13.8,0.0,9
2023-08-28 05:00:00,27.6,62,0.0,19.1,0.0,21
2023-08-28 06:00:00,27.5,64,10.0,18.1,0.0,5
2023-08-28 07:00:00,28.2,65,120.0,17.8,0.0,1
2023-08-28 08:00:00,29.4,61,313.0,22.0,0.0,2
2023-08-28 09:00:00,30.7,57,509.0,22.0,0.0,0
2023-08-28 10:00:00,32.3,53,683.0,22.5,0.0,0
2023-08-28 11:00:00,33.5,50,804.0,21.0,0.0,11
2023-08-28 12:00:00,34.3,49,806.0,19.4,0.0,2
2023-08-28 13:00:00,34.8,49,835.0,17.3,0.0,72
2023-08-28 14:00:00,30.6,62,590.0,15.0,2.2,90
2023-08-28 15:00:00,31.0,62,440.0,6.2,0.0,40
2023-08-28 16:00:00,32.3,58,412.0,12.6,0.0,11
2023-08-28 17:00:00,31.3,59,236.0,9.0,0.0,17
2023-08-28 18:00:00,29.6,69,83.0,10.5,0.0,0
2023-08-28 19:00:00,28.5,73,2.0,9.5,0.0,0
2023-08-28 20:00:00,27.7,77,0.0,8.7,0.0,0
2023-08-28 21:00:00,27.0,78,0.0,9.1,0.0,3
2023-08-28 22:00:00,26.5,77,0.0,9.3,0.0,3
2023-08-28 23:00:00,26.3,77,0.0,9.0,0.0,1
2023-08-29 00:00:00,26.0,77,0.0,8.2,0.0,1
2023-08-29 01:00:00,25.8,76,0.0,8.4,0.0,0
2023-08-29 02:00:00,25.9,75,0.0,8.9,0.0,2
2023-08-29 03:00:00,26.0,74,0.0,10.9,0.0,9
2023-08-29 04:00:00,26.0,72,0.0,11.5,0.0,16
2023-08-29 05:00:00,26.8,69,0.0,11.7,0.0,4
2023-08-29 06:00:00,27.1,69,9.0,12.4,0.0,11
2023-08-29 07:00:00,28.2,67,119.0,13.6,0.0,7
2023-08-29 08:00:00,29.8,62,299.0,17.7,0.0,2
2023-08-29 09:00:00,31.2,59,504.0,19.1,0.0,0
2023-08-29 10:00:00,32.6,56,681.0,19.3,0.0,1
2023-08-29 11:00:00,33.8,51,797.0,18.2,0.0,12
2023-08-29 12:00:00,34.6,47,804.0,15.4,0.0,16
2023-08-29 13:00:00,34.9,45,784.0,13.6,0.0,22
2023-08-29 14:00:00,35.0,45,693.0,13.0,0.0,11
2023-08-29 15:00:00,34.9,45,577.0,13.8,0.0,11
2023-08-29 16:00:00,34.8,45,437.0,13.4,0.0,16
2023-08-29 17:00:00,33.9,47,247.0,10.1,0.0,10
2023-08-29 18:00:00,32.5,50,70.0,6.5,0.0,8
2023-08-29 19:00:00,31.8,49,2.0,9.1,0.0,21
2023-08-29 20:00:00,31.0,49,0.0,9.6,0.0,19
2023-08-29 21:00:00,29.8,56,0.0,7.1,0.0,3
2023-08-29 22:00:00,28.7,63,0.0,5.5,0.0,3
2023-08-29 23:00:00,28.3,62,0.0,9.1,0.0,9
2023-08-30 00:00:00,28.1,62,0.0,10.0,0.0,2
2023-08-30 01:00:00,27.4,65,0.0,9.2,0.0,0
2023-08-30 02:00:00,26.9,68,0.0,11.3,0.0,0
2023-08-30 03:00:00,26.7,68,0.0,11.7,0.0,0
2023-08-30 04:00:00,26.6,68,0.0,11.6,0.0,1
2023-08-30 05:00:00,27.2,69,0.0,11.3,0.0,0
2023-08-30 06:00:00,27.6,69,8.0,11.3,0.0,24
2023-08-30 07:00:00,28.8,67,104.0,10.1,0.0,23
2023-08-30 08:00:00,30.3,62,288.0,13.0,0.0,29
2023-08-30 09:00:00,31.8,58,470.0,13.6,0.0,10
2023-08-30 10:00:00,33.3,54,665.0,14.5,0.0,12
2023-08-30 11:00:00,34.5,48,765.0,15.5,0.0,8
2023-08-30 12:00:00,35.5,43,849.0,14.5,0.0,28
2023-08-30 13:00:00,36.1,40,820.0,14.0,0.0,19
2023-08-30 14:00:00,36.4,39,728.0,14.5,0.0,12
2023-08-30 15:00:00,36.3,37,601.0,14.5,0.0,12
2023-08-30 16:00:00,35.9,37,422.0,14.2,0.0,7
2023-08-30 17:00:00,34.0,44,247.0,12.8,0.0,7
2023-08-30 18:00:00,32.4,49,76.0,9.7,0.0,3
2023-08-30 19:00:00,31.0,54,1.0,7.9,0.0,0
2023-08-30 20:00:00,30.2,58,0.0,8.6,0.0,0
2023-08-30 21:00:00,29.3,62,0.0,7.1,0.0,0
2023-08-30 22:00:00,27.9,70,0.0,7.6,0.0,0
2023-08-30 23:00:00,27.7,72,0.0,6.4,0.0,0
2023-08-31 00:00:00,27.3,73,0.0,4.7,0.0,0
2023-08-31 01:00:00,26.6,75,0.0,4.0,0.0,0
2023-08-31 02:00:00,26.4,75,0.0,6.1,0.0,0
2023-08-31 03:00:00,26.0,76,0.0,6.0,0.0,0
2023-08-31 04:00:00,25.7,78,0.0,5.9,0.0,0
2023-08-31 05:00:00,26.4,79,0.0,6.2,0.0,0
2023-08-31 06:00:00,27.3,76,9.0,8.0,0.0,0
2023-08-31 07:00:00,29.0,72,120.0,7.3,0.0,0
2023-08-31 08:00:00,31.1,64,314.0,6.9,0.0,0
2023-08-31 09:00:00,33.0,55,514.0,8.1,0.0,0
2023-08-31 10:00:00,34.6,45,684.0,13.5,0.0,22
2023-08-31 11:00:00,35.1,43,716.0,14.4,0.0,28
2023-08-31 12:00:00,35.7,42,734.0,13.5,0.0,19
2023-08-31 13:00:00,36.3,40,776.0,12.9,0.0,25
2023-08-31 14:00:00,36.4,41,726.0,13.7,0.0,16
2023-08-31 15:00:00,36.4,39,607.0,14.2,0.0,9
2023-08-31 16:00:00,36.1,40,442.0,13.8,0.0,4
2023-08-31 17:00:00,34.7,44,239.0,11.9,0.0,5
2023-08-31 18:00:00,33.3,48,73.0,8.0,0.0,6
2023-08-31 19:00:00,31.5,55,1.0,5.6,0.0,2
2023-08-31 20:00:00,30.6,59,0.0,5.8,0.0,1
2023-08-31 21:00:00,30.0,61,0.0,6.2,0.0,0
2023-08-31 22:00:00,29.0,69,0.0,7.6,0.0,0
2023-08-31 23:00:00,29.6,68,0.0,5.8,0.0,0
2023-09-01 00:00:00,28.4,73,0.0,5.6,0.0,0
2023-09-01 01:00:00,27.6,77,0.0,5.4,0.0,0
2023-09-01 02:00:00,27.5,73,0.0,4.6,0.0,0
2023-09-01 03:00:00,26.9,75,0.0,4.8,0.0,0
2023-09-01 04:00:00,26.7,75,0.0,6.3,0.0,0
2023-09-01 05:00:00,27.5,74,0.0,8.0,0.0,0
2023-09-01 06:00:00,28.2,72,8.0,9.8,0.0,0
2023-09-01 07:00:00,29.4,70,118.0,8.7,0.0,0
2023-09-01 08:00:00,31.7,61,309.0,9.4,0.0,0
2023-09-01 09:00:00,33.7,53,508.0,10.8,0.0,7
2023-09-01 10:00:00,35.3,45,671.0,13.5,0.0,10
2023-09-01 11:00:00,36.2,40,766.0,15.6,0.0,22
2023-09-01 12:00:00,36.9,37,811.0,15.8,0.0,13
2023-09-01 13:00:00,37.3,36,809.0,16.4,0.0,22
2023-09-01 14:00:00,37.1,37,726.0,18.6,0.0,10
2023-09-01 15:00:00,36.9,37,609.0,19.3,0.0,13
2023-09-01 16:00:00,36.4,37,419.0,16.6,0.0,2
2023-09-01 17:00:00,35.3,39,250.0,14.7,0.0,0
2023-09-01 18:00:00,34.0,42,73.0,10.6,0.0,1
2023-09-01 19:00:00,32.9,44,1.0,9.5,0.0,1
2023-09-01 20:00:00,31.6,47,0.0,8.9,0.0,0
2023-09-01 21:00:00,30.7,49,0.0,8.3,0.0,0
2023-09-01 22:00:00,29.9,51,0.0,8.0,0.0,0
2023-09-01 23:00:00,29.0,55,0.0,7.6,0.0,0
2023-09-02 00:00:00,28.1,58,0.0,7.0,0.0,0
2023-09-02 01:00:00,27.7,59,0.0,7.9,0.0,0
2023-09-02 02:00:00,27.4,59,0.0,9.4,0.0,0
2023-09-02 03:00:00,27.3,58,0.0,13.7,0.0,0
2023-09-02 04:00:00,27.3,58,0.0,11.8,0.0,0
2023-09-02 05:00:00,27.7,60,0.0,10.8,0.0,0
2023-09-02 06:00:00,27.9,61,8.0,11.9,0.0,0
2023-09-02 07:00:00,29.2,61,118.0,11.5,0.0,0
2023-09-02 08:00:00,31.4,54,310.0,12.4,0.0,0
2023-09-02 09:00:00,33.5,50,512.0,15.0,0.0,0
2023-09-02 10:00:00,34.9,42,683.0,20.0,0.0,0
2023-09-02 11:00:00,36.0,38,805.0,22.1,0.0,0
2023-09-02 12:00:00,36.7,36,863.0,23.4,0.0,0
2023-09-02 13:00:00,37.1,35,853.0,22.6,0.0,0
2023-09-02 14:00:00,37.2,34,775.0,22.3,0.0,0
2023-09-02 15:00:00,37.1,34,639.0,21.9,0.0,0
2023-09-02 16:00:00,36.8,34,451.0,20.4,0.0,3
2023-09-02 17:00:00,35.2,42,239.0,18.3,0.0,5
2023-09-02 18:00:00,33.9,46,68.0,14.6,0.0,13
2023-09-02 19:00:00,32.5,51,1.0,8.2,0.0,6
2023-09-02 20:00:00,30.8,60,0.0,6.4,0.0,1
2023-09-02 21:00:00,29.9,64,0.0,7.7,0.0,1
2023-09-02 22:00:00,29.3,67,0.0,7.1,0.0,1
2023-09-02 23:00:00,29.1,65,0.0,4.9,0.0,1
2023-09-03 00:00:00,28.3,68,0.0,5.5,0.0,0
2023-09-03 01:00:00,28.0,68,0.0,5.4,0.0,0
2023-09-03 02:00:00,27.6,69,0.0,6.5,0.0,0
2023-09-03 03:00:00,27.0,71,0.0,7.2,0.0,0
2023-09-03 04:00:00,26.4,73,0.0,8.7,0.0,0
2023-09-03 05:00:00,26.3,74,0.0,10.7,0.0,0
2023-09-03 06:00:00,26.6,74,8.0,12.7,0.0,0
2023-09-03 07:00:00,28.0,71,118.0,13.4,0.0,0
2023-09-03 08:00:00,30.2,61,312.0,15.3,0.0,0
2023-09-03 09:00:00,32.1,46,514.0,18.4,0.0,0
2023-09-03 10:00:00,33.5,38,688.0,19.7,0.0,0
2023-09-03 11:00:00,34.9,36,810.0,21.1,0.0,0
2023-09-03 12:00:00,35.7,37,865.0,22.0,0.0,0
2023-09-03 13:00:00,36.3,36,851.0,22.0,0.0,0
2023-09-03 14:00:00,36.6,34,772.0,21.7,0.0,0
2023-09-03 15:00:00,36.7,33,635.0,21.1,0.0,0
2023-09-03 16:00:00,36.5,34,452.0,19.5,0.0,0
2023-09-03 17:00:00,35.3,37,248.0,17.1,0.0,0
2023-09-03 18:00:00,33.8,40,69.0,13.9,0.0,3
2023-09-03 19:00:00,32.4,45,1.0,11.4,0.0,4
2023-09-03 20:00:00,31.2,49,0.0,7.5,0.0,0
2023-09-03 21:00:00,29.6,56,0.0,7.0,0.0,0
2023-09-03 22:00:00,29.4,56,0.0,5.8,0.0,1
2023-09-03 23:00:00,28.6,59,0.0,5.9,0.0,0
2023-09-04 00:00:00,27.7,62,0.0,5.4,0.0,0
2023-09-04 01:00:00,27.1,65,0.0,5.6,0.0,0
2023-09-04 02:00:00,26.6,67,0.0,5.8,0.0,0
2023-09-04 03:00:00,26.3,68,0.0,6.6,0.0,0
2023-09-04 04:00:00,26.0,69,0.0,6.7,0.0,0
2023-09-04 05:00:00,25.6,71,0.0,8.8,0.0,0
2023-09-04 06:00:00,26.0,70,8.0,9.8,0.0,0
2023-09-04 07:00:00,27.8,67,117.0,10.6,0.0,0
2023-09-04 08:00:00,30.1,57,312.0,11.5,0.0,0
2023-09-04 09:00:00,32.3,48,514.0,13.7,0.0,0
2023-09-04 10:00:00,34.1,42,686.0,15.1,0.0,0
2023-09-04 11:00:00,35.5,37,808.0,16.4,0.0,0
2023-09-04 12:00:00,36.5,34,868.0,17.2,0.0,0
2023-09-04 13:00:00,37.2,32,857.0,18.1,0.0,0
2023-09-04 14:00:00,37.3,32,779.0,18.6,0.0,0
2023-09-04 15:00:00,37.1,32,637.0,18.1,0.0,1
2023-09-04 16:00:00,36.7,33,452.0,17.4,0.0,0
2023-09-04 17:00:00,35.2,37,247.0,17.1,0.0,0
2023-09-04 18:00:00,33.8,41,68.0,13.5,0.0,0
2023-09-04 19:00:00,32.6,47,0.0,11.1,0.0,0
2023-09-04 20:00:00,31.5,51,0.0,10.1,0.0,0
2023-09-04 21:00:00,30.9,53,0.0,11.1,0.0,0
2023-09-04 22:00:00,29.9,57,0.0,8.2,0.0,0
2023-09-04 23:00:00,28.8,63,0.0,10.5,0.0,0
2023-09-05 00:00:00,28.0,73,0.0,8.8,0.0,0
2023-09-05 01:00:00,27.5,78,0.0,9.0,0.0,0
2023-09-05 02:00:00,27.2,81,0.0,9.5,0.0,0
2023-09-05 03:00:00,26.9,82,0.0,9.7,0.0,0
2023-09-05 04:00:00,26.5,84,0.0,5.4,0.0,0
2023-09-05 05:00:00,26.7,86,0.0,5.7,0.0,0
2023-09-05 06:00:00,27.7,81,7.0,4.7,0.0,0
2023-09-05 07:00:00,29.0,76,113.0,5.1,0.0,0
2023-09-05 08:00:00,30.7,70,301.0,5.8,0.0,1
2023-09-05 09:00:00,32.4,65,497.0,6.8,0.0,4
2023-09-05 10:00:00,33.7,62,657.0,8.0,0.1,14
2023-09-05 11:00:00,34.4,58,756.0,9.2,0.1,23
2023-09-05 12:00:00,35.5,50,762.0,10.3,0.0,16
2023-09-05 13:00:00,35.8,49,607.0,11.2,0.0,15
2023-09-05 14:00:00,36.2,47,607.0,12.5,0.0,100
2023-09-05 15:00:00,33.1,55,480.0,9.1,0.0,99
2023-09-05 16:00:00,29.3,73,218.0,4.7,5.8,44
2023-09-05 17:00:00,34.1,48,140.0,12.2,0.1,3
2023-09-05 18:00:00,32.7,54,63.0,10.8,0.0,1
2023-09-05 19:00:00,31.4,59,0.0,7.6,0.0,3
2023-09-05 20:00:00,30.5,64,0.0,5.5,0.0,2
2023-09-05 21:00:00,29.8,67,0.0,7.3,0.0,0
2023-09-05 22:00:00,29.4,69,0.0,7.6,0.0,1
2023-09-05 23:00:00,28.9,73,0.0,5.2,0.0,10
2023-09-06 00:00:00,28.1,81,0.0,5.0,0.0,0
2023-09-06 01:00:00,27.7,82,0.0,3.1,0.0,0
2023-09-06 02:00:00,27.2,83,0.0,4.3,0.0,0
2023-09-06 03:00:00,27.1,83,0.0,6.3,0.0,0
2023-09-06 04:00:00,26.7,86,0.0,5.5,0.0,3
2023-09-06 05:00:00,24.3,96,0.0,21.4,0.0,5
2023-09-06 06:00:00,25.7,91,2.0,6.6,0.8,36
2023-09-06 07:00:00,26.1,91,90.0,3.5,0.6,22
2023-09-06 08:00:00,28.1,81,295.0,3.2,0.2,0
2023-09-06 09:00:00,30.7,67,500.0,5.5,0.0,0
2023-09-06 10:00:00,33.0,55,668.0,6.6,0.0,0
2023-09-06 11:00:00,34.5,47,785.0,7.1,0.0,2
2023-09-06 12:00:00,35.5,43,834.0,7.2,0.0,3
2023-09-06 13:00:00,36.2,42,820.0,8.8,0.0,8
2023-09-06 14:00:00,36.2,43,723.0,9.7,0.0,16
2023-09-06 15:00:00,35.2,44,591.0,9.1,0.1,38
2023-09-06 16:00:00,34.9,44,418.0,3.6,0.0,12
2023-09-06 17:00:00,35.4,40,221.0,4.3,0.0,18
2023-09-06 18:00:00,34.9,42,56.0,4.1,0.0,9
2023-09-06 19:00:00,32.9,49,0.0,6.9,0.0,8
2023-09-06 20:00:00,32.0,54,0.0,10.0,0.0,10
2023-09-06 21:00:00,30.9,61,0.0,5.6,0.0,5
2023-09-06 22:00:00,30.1,65,0.0,5.7,0.0,4
2023-09-06 23:00:00,29.5,68,0.0,6.0,0.0,2
2023-09-07 00:00:00,29.0,69,0.0,6.6,0.0,0
2023-09-07 01:00:00,28.6,71,0.0,7.2,0.0,0
2023-09-07 02:00:00,28.2,73,0.0,7.1,0.0,0
2023-09-07 03:00:00,27.7,75,0.0,6.2,0.0,0
2023-09-07 04:00:00,27.2,79,0.0,5.0,0.0,0
2023-09-07 05:00:00,27.0,78,0.0,4.4,0.0,0
2023-09-07 06:00:00,28.2,72,6.0,5.0,0.0,9
2023-09-07 07:00:00,30.2,65,108.0,6.2,0.0,6
2023-09-07 08:00:00,32.6,54,298.0,7.6,0.0,13
2023-09-07 09:00:00,34.3,48,496.0,5.8,0.0,10
2023-09-07 10:00:00,35.4,44,652.0,6.0,0.0,6
2023-09-07 11:00:00,36.4,40,765.0,5.1,0.0,6
2023-09-07 12:00:00,37.4,36,825.0,5.1,0.0,9
2023-09-07 13:00:00,38.0,34,791.0,5.6,0.0,14
2023-09-07 14:00:00,38.4,32,703.0,8.2,0.0,39
2023-09-07 15:00:00,37.8,32,491.0,9.6,0.0,34
2023-09-07 16:00:00,37.1,34,297.0,3.6,0.0,40
2023-09-07 17:00:00,31.1,66,197.0,5.5,0.0,24
2023-09-07 18:00:00,31.6,62,56.0,4.2,0.0,14
2023-09-07 19:00:00,30.7,68,0.0,4.7,0.0,14
2023-09-07 20:00:00,30.0,75,0.0,1.6,0.0,31
2023-09-07 21:00:00,29.9,76,0.0,1.5,0.0,27
2023-09-07 22:00:00,29.7,74,0.0,5.1,0.0,22
2023-09-07 23:00:00,29.4,71,0.0,9.5,0.0,3
2023-09-08 00:00:00,29.0,70,0.0,6.9,0.0,8
2023-09-08 01:00:00,28.8,71,0.0,5.5,0.0,2
2023-09-08 02:00:00,28.3,75,0.0,5.0,0.0,4
2023-09-08 03:00:00,28.0,78,0.0,5.2,0.0,5
2023-09-08 04:00:00,28.1,78,0.0,3.6,0.0,6
2023-09-08 05:00:00,25.5,89,0.0,3.6,0.0,16
2023-09-08 06:00:00,26.4,86,5.0,3.6,0.1,60
2023-09-08 07:00:00,27.6,83,95.0,0.4,0.0,12
2023-09-08 08:00:00,29.6,71,290.0,4.7,0.0,1
2023-09-08 09:00:00,31.8,60,494.0,7.4,0.0,21
2023-09-08 10:00:00,33.6,51,660.0,9.7,0.0,50
2023-09-08 11:00:00,34.7,46,779.0,11.0,0.0,26
2023-09-08 12:00:00,35.4,44,829.0,10.1,0.0,4
2023-09-08 13:00:00,36.1,42,800.0,10.4,0.0,12
2023-09-08 14:00:00,36.6,41,719.0,10.7,0.0,16
2023-09-08 15:00:00,32.6,56,547.0,20.3,1.0,58
2023-09-08 16:00:00,33.2,54,334.0,11.9,0.1,14
2023-09-08 17:00:00,31.4,60,208.0,17.2,0.0,23
2023-09-08 18:00:00,29.9,69,48.0,14.1,0.0,26
2023-09-08 19:00:00,29.4,74,0.0,16.4,0.0,50
2023-09-08 20:00:00,28.4,76,0.0,16.4,0.0,71
2023-09-08 21:00:00,27.9,81,0.0,14.1,0.0,93
2023-09-08 22:00:00,27.5,84,0.0,13.2,0.0,99
2023-09-08 23:00:00,26.9,88,0.0,9.4,0.1,100
2023-09-09 00:00:00,26.8,89,0.0,6.9,0.0,100
2023-09-09 01:00:00,26.8,90,0.0,4.5,0.0,100
2023-09-09 02:00:00,26.6,91,0.0,8.0,0.0,100
2023-09-09 03:00:00,26.5,91,0.0,7.1,0.0,100
2023-09-09 04:00:00,26.4,91,0.0,10.2,0.0,44
2023-09-09 05:00:00,25.4,91,0.0,10.8,0.9,100
2023-09-09 06:00:00,25.9,92,3.0,8.1,0.3,100
2023-09-09 07:00:00,26.7,88,83.0,9.2,0.2,98
2023-09-09 08:00:00,27.4,85,207.0,14.1,0.2,100
2023-09-09 09:00:00,27.7,82,233.0,12.2,0.1,100
2023-09-09 10:00:00,28.8,76,367.0,18.1,0.1,99
2023-09-09 11:00:00,29.9,71,432.0,19.3,0.2,32
2023-09-09 12:00:00,32.0,60,662.0,23.3,0.1,38
2023-09-09 13:00:00,32.4,57,696.0,25.1,0.0,47
2023-09-09 14:00:00,32.1,57,642.0,25.4,0.0,32
2023-09-09 15:00:00,31.0,60,517.0,22.4,0.0,30
2023-09-09 16:00:00,30.9,62,385.0,19.6,0.0,39
2023-09-09 17:00:00,26.9,85,185.0,17.5,0.0,27
2023-09-09 18:00:00,26.6,84,14.0,14.2,0.1,100
2023-09-09 19:00:00,26.3,85,0.0,12.0,0.0,56
2023-09-09 20:00:00,26.5,81,0.0,10.7,0.3,89
2023-09-09 21:00:00,26.2,82,0.0,11.0,0.0,100
2023-09-09 22:00:00,25.9,82,0.0,12.2,0.0,22
2023-09-09 23:00:00,25.7,86,0.0,10.0,0.0,60
2023-09-10 00:00:00,25.4,90,0.0,11.2,0.0,99
2023-09-10 01:00:00,24.9,95,0.0,11.0,2.7,100
2023-09-10 02:00:00,24.7,94,0.0,13.0,0.4,78
2023-09-10 03:00:00,24.8,95,0.0,12.0,0.1,100
2023-09-10 04:00:00,25.0,94,0.0,11.5,0.1,100
2023-09-10 05:00:00,24.2,97,0.0,17.6,0.1,100
2023-09-10 06:00:00,24.2,96,2.0,17.3,9.6,100
2023-09-10 07:00:00,24.4,95,13.0,13.8,5.5,100
2023-09-10 08:00:00,24.9,93,70.0,10.8,5.9,100
2023-09-10 09:00:00,25.4,90,155.0,13.4,0.7,100
2023-09-10 10:00:00,27.2,82,362.0,14.4,0.3,100
2023-09-10 11:00:00,28.2,78,465.0,16.1,0.3,53
2023-09-10 12:00:00,28.8,78,547.0,14.3,0.1,47
2023-09-10 13:00:00,30.0,72,518.0,13.4,0.1,100
2023-09-10 14:00:00,26.4,88,377.0,16.5,7.4,88
2023-09-10 15:00:00,27.6,84,385.0,15.1,1.8,69
2023-09-10 16:00:00,28.4,79,318.0,17.0,0.1,54
2023-09-10 17:00:00,27.7,81,167.0,13.5,0.1,84
2023-09-10 18:00:00,26.9,85,45.0,10.8,0.0,63
2023-09-10 19:00:00,26.3,89,0.0,8.8,0.0,29
2023-09-10 20:00:00,25.8,91,0.0,7.8,0.0,26
2023-09-10 21:00:00,25.4,94,0.0,6.9,0.0,10
2023-09-10 22:00:00,25.0,96,0.0,6.6,0.0,23
2023-09-10 23:00:00,24.8,97,0.0,9.2,0.0,63
2023-09-11 00:00:00,24.6,97,0.0,8.9,0.0,100
2023-09-11 01:00:00,24.6,97,0.0,7.4,0.0,95
2023-09-11 02:00:00,24.6,96,0.0,6.9,0.0,27
2023-09-11 03:00:00,24.4,97,0.0,6.0,0.0,15
2023-09-11 04:00:00,24.3,98,0.0,3.9,0.0,29
2023-09-11 05:00:00,23.9,93,0.0,10.4,0.0,17
2023-09-11 06:00:00,24.2,92,5.0,5.6,0.0,59
2023-09-11 07:00:00,25.1,89,98.0,4.7,0.0,22
2023-09-11 08:00:00,26.5,83,279.0,6.3,0.0,6
2023-09-11 09:00:00,28.6,74,464.0,10.3,0.0,60
2023-09-11 10:00:00,29.6,72,614.0,11.3,0.0,23
2023-09-11 11:00:00,30.5,70,744.0,12.5,0.2,26
2023-09-11 12:00:00,31.6,63,756.0,13.4,0.0,14
2023-09-11 13:00:00,32.1,60,766.0,16.4,0.1,33
2023-09-11 14:00:00,30.7,68,698.0,19.8,0.6,43
2023-09-11 15:00:00,30.5,71,506.0,12.1,0.1,11
2023-09-11 16:00:00,30.7,68,402.0,15.3,0.0,22
2023-09-11 17:00:00,30.4,69,189.0,8.5,0.0,19
2023-09-11 18:00:00,29.5,70,46.0,7.9,0.0,12
2023-09-11 19:00:00,28.5,75,0.0,10.1,0.0,0
2023-09-11 20:00:00,27.8,77,0.0,12.6,0.0,0
2023-09-11 21:00:00,26.8,82,0.0,10.5,0.0,1
2023-09-11 22:00:00,26.2,87,0.0,9.1,0.0,1
2023-09-11 23:00:00,25.9,90,0.0,9.3,0.0,0
2023-09-12 00:00:00,25.6,91,0.0,8.9,0.0,0
2023-09-12 01:00:00,25.2,93,0.0,6.7,0.0,0
2023-09-12 02:00:00,24.9,95,0.0,4.4,0.0,0
2023-09-12 03:00:00,24.6,97,0.0,3.5,0.0,0
2023-09-12 04:00:00,24.4,98,0.0,3.3,0.0,0
2023-09-12 05:00:00,25.1,98,0.0,4.3,0.0,1
2023-09-12 06:00:00,25.8,94,5.0,5.4,0.0,10
2023-09-12 07:00:00,26.9,89,104.0,1.5,0.0,0
2023-09-12 08:00:00,28.5,81,292.0,2.2,0.0,4
2023-09-12 09:00:00,30.2,71,486.0,3.3,0.0,0
2023-09-12 10:00:00,31.6,62,656.0,6.2,0.0,7
2023-09-12 11:00:00,32.3,58,729.0,9.6,0.0,29
2023-09-12 12:00:00,32.7,56,729.0,9.5,0.0,26
2023-09-12 13:00:00,33.1,55,735.0,8.4,0.0,9
2023-09-12 14:00:00,33.4,55,694.0,7.1,0.0,7
2023-09-12 15:00:00,33.4,55,566.0,5.2,0.0,10
2023-09-12 16:00:00,33.2,55,394.0,3.7,0.0,8
2023-09-12 17:00:00,29.9,76,201.0,8.2,0.0,6
2023-09-12 18:00:00,29.1,79,41.0,5.0,0.0,82
2023-09-12 19:00:00,28.5,83,0.0,2.8,0.0,49
2023-09-12 20:00:00,28.0,86,0.0,2.8,0.0,18
2023-09-12 21:00:00,27.7,87,0.0,3.2,0.0,9
2023-09-12 22:00:00,27.6,87,0.0,6.8,0.0,19
2023-09-12 23:00:00,27.6,85,0.0,8.1,0.0,47
2023-09-13 00:00:00,27.3,85,0.0,7.0,0.0,97
2023-09-13 01:00:00,27.0,85,0.0,6.6,0.0,75
2023-09-13 02:00:00,26.6,87,0.0,4.7,0.0,74
2023-09-13 03:00:00,26.5,87,0.0,6.5,0.0,78
2023-09-13 04:00:00,26.4,88,0.0,7.6,0.0,9
2023-09-13 05:00:00,26.9,93,0.0,4.7,0.0,12
2023-09-13 06:00:00,27.6,90,5.0,6.2,0.0,86
2023-09-13 07:00:00,28.4,88,94.0,10.3,0.2,97
2023-09-13 08:00:00,29.5,83,267.0,4.4,0.0,13
2023-09-13 09:00:00,30.6,79,454.0,5.6,0.1,22
2023-09-13 10:00:00,31.8,72,629.0,4.4,0.0,37
2023-09-13 11:00:00,32.4,69,679.0,5.4,0.1,33
2023-09-13 12:00:00,32.9,66,735.0,5.1,0.1,38
2023-09-13 13:00:00,33.4,63,754.0,4.7,0.0,70
2023-09-13 14:00:00,33.7,61,656.0,4.7,0.0,93
2023-09-13 15:00:00,33.6,60,487.0,4.0,0.0,100
2023-09-13 16:00:00,33.4,60,388.0,3.3,0.0,100
2023-09-13 17:00:00,33.7,63,194.0,4.9,0.0,100
2023-09-13 18:00:00,32.1,72,41.0,4.7,0.0,32
2023-09-13 19:00:00,28.4,86,0.0,16.3,6.8,99
2023-09-13 20:00:00,27.7,89,0.0,5.4,0.1,97
2023-09-13 21:00:00,27.7,92,0.0,2.7,0.0,97
2023-09-13 22:00:00,27.6,92,0.0,3.7,0.0,99
2023-09-13 23:00:00,27.7,93,0.0,5.8,0.0,100
2023-09-14 00:00:00,27.5,92,0.0,5.2,0.0,100
2023-09-14 01:00:00,27.3,93,0.0,4.0,0.0,82
2023-09-14 02:00:00,27.0,94,0.0,3.4,0.0,100
2023-09-14 03:00:00,27.1,93,0.0,5.4,0.0,93
2023-09-14 04:00:00,27.1,92,0.0,6.9,0.0,97
2023-09-14 05:00:00,26.9,89,0.0,10.0,0.0,99
2023-09-14 06:00:00,27.1,89,4.0,8.5,0.0,100
2023-09-14 07:00:00,28.1,86,91.0,8.9,0.0,99
2023-09-14 08:00:00,29.1,81,265.0,15.3,0.0,96
2023-09-14 09:00:00,30.9,74,476.0,11.5,0.0,98
2023-09-14 10:00:00,32.3,69,644.0,10.1,0.0,89
2023-09-14 11:00:00,33.1,66,721.0,9.4,0.1,100
2023-09-14 12:00:00,33.7,63,708.0,8.3,0.0,100
2023-09-14 13:00:00,34.1,59,660.0,7.9,0.0,100
2023-09-14 14:00:00,33.2,61,521.0,8.9,0.1,100
2023-09-14 15:00:00,32.7,64,372.0,8.6,0.3,100
2023-09-14 16:00:00,30.4,78,249.0,10.8,0.1,100
2023-09-14 17:00:00,29.7,79,125.0,9.9,0.0,99
2023-09-14 18:00:00,27.4,90,17.0,13.5,4.8,100
2023-09-14 19:00:00,27.4,91,0.0,5.7,0.1,100
2023-09-14 20:00:00,27.5,91,0.0,7.4,0.0,100
2023-09-14 21:00:00,27.2,91,0.0,14.0,0.0,100
2023-09-14 22:00:00,27.0,86,0.0,12.6,0.0,100
2023-09-14 23:00:00,26.7,88,0.0,8.9,0.0,100
2023-09-15 00:00:00,26.5,90,0.0,4.4,0.0,100
2023-09-15 01:00:00,26.2,92,0.0,2.2,0.0,100
2023-09-15 02:00:00,26.0,94,0.0,4.0,0.0,100
2023-09-15 03:00:00,25.6,96,0.0,3.0,0.0,99
2023-09-15 04:00:00,25.5,97,0.0,2.5,0.0,94
2023-09-15 05:00:00,26.3,97,0.0,9.0,0.0,77
2023-09-15 06:00:00,26.6,96,0.0,11.6,1.6,100
2023-09-15 07:00:00,26.6,95,13.0,7.6,1.9,100
2023-09-15 08:00:00,26.5,96,24.0,7.5,1.1,100
2023-09-15 09:00:00,27.2,94,159.0,5.2,0.6,100
2023-09-15 10:00:00,27.4,91,318.0,14.6,0.4,100
2023-09-15 11:00:00,28.4,86,356.0,7.9,0.1,100
2023-09-15 12:00:00,29.7,81,392.0,8.1,0.0,100
2023-09-15 13:00:00,31.0,76,528.0,9.0,0.0,100
2023-09-15 14:00:00,31.6,73,494.0,7.2,0.0,92
2023-09-15 15:00:00,32.0,70,530.0,5.5,0.0,82
2023-09-15 16:00:00,31.9,70,366.0,6.0,0.0,89
2023-09-15 17:00:00,31.4,74,192.0,3.1,0.0,100
2023-09-15 18:00:00,29.8,81,36.0,7.9,0.0,100
2023-09-15 19:00:00,28.9,86,0.0,12.4,0.0,100
2023-09-15 20:00:00,28.2,90,0.0,12.0,0.0,99
2023-09-15 21:00:00,27.8,90,0.0,9.2,0.0,96
2023-09-15 22:00:00,27.5,91,0.0,8.2,0.0,97
2023-09-15 23:00:00,27.3,92,0.0,9.0,0.0,96
2023-09-16 00:00:00,27.2,92,0.0,9.2,0.0,76
2023-09-16 01:00:00,26.9,93,0.0,7.7,0.0,73
2023-09-16 02:00:00,26.7,94,0.0,6.3,0.0,12
2023-09-16 03:00:00,26.6,93,0.0,6.6,0.0,7
2023-09-16 04:00:00,26.4,93,0.0,5.8,0.0,8
2023-09-16 05:00:00,27.0,89,0.0,9.9,0.0,7
2023-09-16 06:00:00,27.4,87,4.0,10.3,0.0,100
2023-09-16 07:00:00,28.2,85,96.0,8.8,0.0,99
2023-09-16 08:00:00,29.5,80,277.0,11.6,0.0,74
2023-09-16 09:00:00,30.8,72,445.0,15.5,0.0,83
2023-09-16 10:00:00,31.5,70,481.0,20.2,0.0,55
2023-09-16 11:00:00,31.0,68,632.0,23.9,1.1,68
2023-09-16 12:00:00,30.9,71,598.0,21.6,0.4,93
2023-09-16 13:00:00,30.9,70,491.0,21.7,0.2,100
2023-09-16 14:00:00,31.1,68,449.0,18.7,0.1,100
2023-09-16 15:00:00,30.2,72,279.0,17.5,0.3,100
2023-09-16 16:00:00,29.7,74,132.0,15.6,0.0,100
2023-09-16 17:00:00,26.7,93,106.0,11.6,0.0,100
2023-09-16 18:00:00,27.3,92,5.0,11.4,1.3,100
2023-09-16 19:00:00,27.3,93,0.0,14.3,1.0,100
2023-09-16 20:00:00,27.1,93,0.0,14.4,2.6,100
2023-09-16 21:00:00,26.9,93,0.0,17.0,0.7,100
2023-09-16 22:00:00,26.9,92,0.0,15.9,0.1,100
2023-09-16 23:00:00,26.7,92,0.0,12.6,0.0,100
2023-09-17 00:00:00,26.5,93,0.0,13.3,0.0,83
2023-09-17 01:00:00,26.3,93,0.0,13.7,0.0,92
2023-09-17 02:00:00,26.1,94,0.0,13.7,0.0,43
2023-09-17 03:00:00,26.0,95,0.0,13.0,0.0,78
2023-09-17 04:00:00,25.9,95,0.0,13.4,0.0,100
2023-09-17 05:00:00,25.3,94,0.0,20.9,0.0,100
2023-09-17 06:00:00,25.2,94,2.0,17.6,0.1,96
2023-09-17 07:00:00,26.2,90,59.0,18.4,0.1,100
2023-09-17 08:00:00,27.6,86,187.0,20.2,0.1,100
2023-09-17 09:00:00,28.3,83,377.0,22.3,0.3,99
2023-09-17 10:00:00,29.4,77,494.0,21.0,0.1,96
2023-09-17 11:00:00,30.7,71,672.0,21.7,0.1,93
2023-09-17 12:00:00,31.7,69,747.0,22.5,0.1,89
2023-09-17 13:00:00,29.5,75,607.0,20.2,1.4,100
2023-09-17 14:00:00,27.5,82,231.0,15.1,1.5,100
2023-09-17 15:00:00,28.2,83,217.0,15.8,0.2,100
2023-09-17 16:00:00,28.1,80,210.0,19.1,0.2,100
2023-09-17 17:00:00,26.2,90,91.0,11.1,0.2,100
2023-09-17 18:00:00,26.7,90,20.0,12.3,0.4,99
2023-09-17 19:00:00,25.3,93,0.0,12.9,1.5,100
2023-09-17 20:00:00,26.1,91,0.0,15.9,0.2,99
2023-09-17 21:00:00,26.3,92,0.0,15.0,0.0,100
2023-09-17 22:00:00,26.2,93,0.0,14.8,0.0,100
2023-09-17 23:00:00,26.0,93,0.0,14.5,0.0,100
2023-09-18 00:00:00,25.8,92,0.0,14.0,0.0,100
2023-09-18 01:00:00,25.5,91,0.0,13.4,0.0,54
2023-09-18 02:00:00,25.2,91,0.0,13.7,0.0,3
2023-09-18 03:00:00,24.9,92,0.0,13.9,0.0,2
2023-09-18 04:00:00,24.7,90,0.0,13.9,0.0,5
2023-09-18 05:00:00,25.1,92,0.0,15.8,0.0,2
2023-09-18 06:00:00,25.3,89,4.0,14.0,0.0,4
2023-09-18 07:00:00,26.2,86,97.0,14.5,0.0,9
2023-09-18 08:00:00,27.8,77,281.0,18.7,0.0,0
2023-09-18 09:00:00,29.1,71,479.0,21.8,0.0,0
2023-09-18 10:00:00,30.4,65,644.0,23.1,0.0,20
2023-09-18 11:00:00,30.8,64,711.0,22.4,0.0,32
2023-09-18 12:00:00,31.5,63,761.0,20.9,0.0,5
2023-09-18 13:00:00,31.7,63,727.0,20.1,0.0,40
2023-09-18 14:00:00,31.6,63,572.0,19.1,0.0,16
2023-09-18 15:00:00,31.5,62,494.0,17.1,0.0,20
2023-09-18 16:00:00,31.5,61,366.0,14.5,0.0,28
2023-09-18 17:00:00,30.1,70,175.0,7.1,0.0,41
2023-09-18 18:00:00,29.0,74,30.0,7.6,0.0,37
2023-09-18 19:00:00,28.0,80,0.0,7.2,0.0,31
2023-09-18 20:00:00,27.3,85,0.0,9.2,0.1,63
2023-09-18 21:00:00,25.8,89,0.0,9.2,1.6,67
2023-09-18 22:00:00,25.6,92,0.0,13.3,0.2,53
2023-09-18 23:00:00,25.2,93,0.0,11.0,0.2,25
2023-09-19 00:00:00,25.1,94,0.0,11.5,0.0,28
2023-09-19 01:00:00,24.9,94,0.0,10.5,0.0,29
2023-09-19 02:00:00,24.7,94,0.0,9.0,0.0,34
2023-09-19 03:00:00,24.6,95,0.0,7.0,0.1,26
2023-09-19 04:00:00,24.6,95,0.0,7.6,0.0,41
2023-09-19 05:00:00,25.2,90,0.0,10.8,0.0,2
2023-09-19 06:00:00,25.8,88,4.0,10.4,0.0,21
2023-09-19 07:00:00,26.8,88,93.0,10.0,0.0,43
2023-09-19 08:00:00,28.3,82,267.0,9.4,0.0,8
2023-09-19 09:00:00,30.0,76,475.0,10.5,0.0,2
2023-09-19 10:00:00,31.3,66,639.0,10.7,0.1,14
2023-09-19 11:00:00,32.2,60,711.0,10.6,0.0,9
2023-09-19 12:00:00,32.8,57,775.0,11.0,0.0,13
2023-09-19 13:00:00,33.0,57,761.0,10.8,0.0,3
2023-09-19 14:00:00,33.1,56,681.0,8.9,0.0,17
2023-09-19 15:00:00,32.7,57,536.0,7.7,0.0,9
2023-09-19 16:00:00,32.4,58,363.0,6.6,0.0,10
2023-09-19 17:00:00,31.1,68,178.0,5.7,0.0,3
2023-09-19 18:00:00,29.5,74,31.0,6.6,0.0,17
2023-09-19 19:00:00,28.5,78,0.0,5.4,0.0,30
2023-09-19 20:00:00,28.1,78,0.0,6.2,0.0,63
2023-09-19 21:00:00,27.9,77,0.0,8.8,0.0,11
2023-09-19 22:00:00,27.5,81,0.0,7.3,0.0,17
2023-09-19 23:00:00,26.9,85,0.0,5.3,0.0,24
2023-09-20 00:00:00,26.3,89,0.0,4.6,0.0,93
2023-09-20 01:00:00,26.1,91,0.0,4.4,0.0,3
2023-09-20 02:00:00,26.0,91,0.0,4.3,0.0,5
2023-09-20 03:00:00,25.8,93,0.0,5.4,0.0,0
2023-09-20 04:00:00,25.5,94,0.0,4.8,0.0,0
2023-09-20 05:00:00,27.3,83,0.0,8.0,0.0,0
2023-09-20 06:00:00,27.7,82,3.0,5.4,0.0,4
2023-09-20 07:00:00,28.8,80,87.0,4.6,0.0,4
2023-09-20 08:00:00,30.2,72,261.0,5.6,0.0,1
2023-09-20 09:00:00,31.5,65,465.0,3.8,0.0,2
2023-09-20 10:00:00,32.5,62,633.0,1.9,0.0,10
2023-09-20 11:00:00,32.8,60,716.0,1.5,0.1,66
2023-09-20 12:00:00,32.9,61,752.0,1.9,0.0,80
2023-09-20 13:00:00,33.1,61,695.0,2.3,0.0,73
2023-09-20 14:00:00,31.8,65,583.0,9.2,0.6,73
2023-09-20 15:00:00,31.4,65,447.0,5.5,0.2,24
2023-09-20 16:00:00,31.2,67,317.0,4.0,0.0,10
2023-09-20 17:00:00,31.9,67,172.0,6.0,0.0,8
2023-09-20 18:00:00,29.9,77,30.0,6.6,0.0,9
2023-09-20 19:00:00,29.3,78,0.0,6.2,0.0,2
2023-09-20 20:00:00,28.9,80,0.0,6.6,0.0,5
2023-09-20 21:00:00,28.8,78,0.0,6.1,0.0,9
2023-09-20 22:00:00,28.3,79,0.0,6.3,0.0,8
2023-09-20 23:00:00,28.0,81,0.0,6.9,0.0,7
2023-09-21 00:00:00,27.5,83,0.0,7.7,0.0,5
2023-09-21 01:00:00,27.0,88,0.0,7.2,0.0,6
2023-09-21 02:00:00,26.7,89,0.0,6.6,0.0,4
2023-09-21 03:00:00,26.3,91,0.0,4.7,0.0,2
2023-09-21 04:00:00,26.0,92,0.0,4.3,0.0,0
2023-09-21 05:00:00,27.6,87,0.0,3.9,0.0,17
2023-09-21 06:00:00,27.8,89,3.0,2.6,0.0,0
2023-09-21 07:00:00,28.7,86,94.0,1.9,0.0,6
2023-09-21 08:00:00,30.4,79,284.0,5.2,0.0,99
2023-09-21 09:00:00,29.9,80,462.0,7.0,0.4,98
2023-09-21 10:00:00,30.8,76,500.0,4.3,0.0,88
2023-09-21 11:00:00,31.7,73,647.0,1.3,0.1,71
2023-09-21 12:00:00,32.6,67,776.0,2.5,0.1,91
2023-09-21 13:00:00,33.2,62,760.0,5.2,0.0,27
2023-09-21 14:00:00,33.5,59,647.0,7.5,0.0,16
2023-09-21 15:00:00,33.2,59,540.0,7.1,0.0,18
2023-09-21 16:00:00,32.2,60,334.0,13.1,0.1,63
2023-09-21 17:00:00,28.8,79,129.0,22.0,0.0,8
2023-09-21 18:00:00,26.9,90,17.0,7.0,1.0,98
2023-09-21 19:00:00,26.4,92,0.0,11.1,0.9,46
2023-09-21 20:00:00,26.8,90,0.0,12.4,0.0,35
2023-09-21 21:00:00,26.8,89,0.0,8.1,0.0,8
2023-09-21 22:00:00,26.6,91,0.0,5.1,0.0,9
2023-09-21 23:00:00,26.6,90,0.0,6.3,0.0,25
2023-09-22 00:00:00,26.6,89,0.0,8.3,0.0,91
2023-09-22 01:00:00,26.4,90,0.0,6.5,0.0,77
2023-09-22 02:00:00,25.7,95,0.0,7.2,0.0,11
2023-09-22 03:00:00,25.7,95,0.0,7.6,0.0,1
2023-09-22 04:00:00,25.3,96,0.0,7.6,0.0,26
2023-09-22 05:00:00,26.3,94,0.0,7.0,0.0,80
2023-09-22 06:00:00,27.1,90,3.0,3.3,0.0,38
2023-09-22 07:00:00,28.3,84,90.0,5.9,0.0,14
2023-09-22 08:00:00,29.3,81,268.0,6.4,0.0,70
2023-09-22 09:00:00,30.6,78,464.0,6.8,0.0,57
2023-09-22 10:00:00,31.5,74,615.0,5.4,0.1,68
2023-09-22 11:00:00,32.3,66,691.0,4.9,0.1,52
2023-09-22 12:00:00,33.1,61,721.0,6.0,0.0,45
2023-09-22 13:00:00,33.2,61,748.0,5.4,0.0,33
2023-09-22 14:00:00,33.3,61,656.0,6.5,0.0,16
2023-09-22 15:00:00,33.0,62,522.0,8.0,0.1,16
2023-09-22 16:00:00,31.8,65,322.0,10.5,0.0,38
2023-09-22 17:00:00,32.7,61,151.0,5.9,0.0,8
2023-09-22 18:00:00,31.1,66,26.0,6.3,0.0,7
2023-09-22 19:00:00,30.1,71,0.0,7.3,0.0,7
2023-09-22 20:00:00,29.1,78,0.0,6.2,0.0,1
2023-09-22 21:00:00,28.5,81,0.0,6.5,0.0,1
2023-09-22 22:00:00,28.2,81,0.0,7.3,0.0,0
2023-09-22 23:00:00,27.4,86,0.0,5.4,0.0,1
2023-09-23 00:00:00,27.0,89,0.0,4.9,0.0,0
2023-09-23 01:00:00,26.4,93,0.0,8.6,0.0,0
2023-09-23 02:00:00,26.1,95,0.0,9.5,0.0,0
2023-09-23 03:00:00,25.9,97,0.0,10.0,0.0,2
2023-09-23 04:00:00,25.6,97,0.0,8.9,0.0,46
2023-09-23 05:00:00,25.8,98,0.0,11.2,0.0,52
2023-09-23 06:00:00,26.2,95,3.0,7.4,0.0,79
2023-09-23 07:00:00,27.0,92,71.0,5.6,0.0,100
2023-09-23 08:00:00,28.1,86,193.0,1.6,0.0,29
2023-09-23 09:00:00,29.5,80,420.0,3.3,0.1,17
2023-09-23 10:00:00,30.9,72,595.0,6.9,0.0,29
2023-09-23 11:00:00,31.7,70,734.0,5.6,0.2,9
2023-09-23 12:00:00,32.3,68,773.0,4.7,0.2,84
2023-09-23 13:00:00,32.8,64,735.0,3.3,0.0,85
2023-09-23 14:00:00,32.5,63,614.0,4.7,0.1,20
2023-09-23 15:00:00,31.8,62,458.0,13.7,0.7,67
2023-09-23 16:00:00,30.9,70,285.0,10.9,0.1,22
2023-09-23 17:00:00,30.6,71,167.0,4.1,0.0,17
2023-09-23 18:00:00,29.2,79,25.0,4.4,0.0,3
2023-09-23 19:00:00,29.2,76,0.0,1.8,0.0,2
2023-09-23 20:00:00,27.5,87,0.0,4.0,0.0,7
2023-09-23 21:00:00,26.9,90,0.0,5.4,0.0,1
2023-09-23 22:00:00,26.5,91,0.0,5.6,0.0,0
2023-09-23 23:00:00,26.2,93,0.0,5.0,0.0,0
2023-09-24 00:00:00,25.9,94,0.0,4.7,0.0,0
2023-09-24 01:00:00,25.6,95,0.0,4.7,0.0,0
2023-09-24 02:00:00,25.5,96,0.0,4.2,0.0,0
2023-09-24 03:00:00,25.3,96,0.0,5.0,0.0,0
2023-09-24 04:00:00,25.3,96,0.0,6.1,0.0,0
2023-09-24 05:00:00,25.6,96,0.0,5.9,0.0,0
2023-09-24 06:00:00,25.6,96,3.0,4.1,0.0,31
2023-09-24 07:00:00,26.7,93,85.0,9.5,0.0,75
2023-09-24 08:00:00,26.8,85,182.0,7.2,0.2,89
2023-09-24 09:00:00,25.9,84,183.0,14.8,0.1,48
2023-09-24 10:00:00,28.9,74,547.0,4.7,0.1,16
2023-09-24 11:00:00,30.6,68,743.0,9.4,0.0,1
2023-09-24 12:00:00,31.9,61,798.0,11.8,0.0,4
2023-09-24 13:00:00,32.6,57,750.0,12.5,0.0,9
2023-09-24 14:00:00,32.8,54,661.0,12.0,0.5,46
2023-09-24 15:00:00,32.6,56,520.0,12.8,0.0,22
2023-09-24 16:00:00,32.2,57,332.0,11.5,0.0,1
2023-09-24 17:00:00,29.7,67,170.0,9.1,0.0,1
2023-09-24 18:00:00,28.4,74,24.0,5.9,0.0,13
2023-09-24 19:00:00,27.6,79,0.0,5.2,0.0,6
2023-09-24 20:00:00,26.7,85,0.0,5.5,0.0,16
2023-09-24 21:00:00,26.2,88,0.0,6.0,0.0,9
2023-09-24 22:00:00,25.9,88,0.0,5.2,0.0,100
2023-09-24 23:00:00,26.3,85,0.0,3.9,0.0,99
2023-09-25 00:00:00,26.4,84,0.0,3.6,0.0,41
2023-09-25 01:00:00,25.9,87,0.0,3.1,0.0,9
2023-09-25 02:00:00,25.2,91,0.0,4.1,0.0,2
2023-09-25 03:00:00,24.8,92,0.0,4.6,0.0,0
2023-09-25 04:00:00,24.6,93,0.0,4.9,0.0,1
2023-09-25 05:00:00,24.8,94,0.0,5.6,0.0,0
2023-09-25 06:00:00,25.3,91,2.0,8.4,0.0,0
2023-09-25 07:00:00,26.4,87,89.0,8.4,0.0,0
2023-09-25 08:00:00,28.0,81,271.0,7.3,0.0,36
2023-09-25 09:00:00,29.7,74,464.0,6.5,0.0,19
2023-09-25 10:00:00,31.2,66,626.0,5.0,0.0,2
2023-09-25 11:00:00,32.1,60,722.0,2.6,0.0,27
2023-09-25 12:00:00,32.6,56,715.0,4.9,0.0,11
2023-09-25 13:00:00,32.9,54,738.0,7.8,0.0,11
2023-09-25 14:00:00,32.9,52,634.0,8.4,0.0,20
2023-09-25 15:00:00,32.8,52,508.0,7.2,0.0,11
2023-09-25 16:00:00,32.4,54,337.0,6.4,0.0,10
2023-09-25 17:00:00,31.4,65,158.0,9.4,0.0,8
2023-09-25 18:00:00,29.6,74,21.0,4.0,0.2,39
2023-09-25 19:00:00,28.3,83,0.0,2.8,0.0,29
2023-09-25 20:00:00,27.9,83,0.0,4.1,0.0,36
2023-09-25 21:00:00,27.4,85,0.0,4.4,0.0,3
2023-09-25 22:00:00,27.3,83,0.0,5.4,0.0,3
2023-09-25 23:00:00,26.4,87,0.0,6.3,0.0,3
2023-09-26 00:00:00,26.2,86,0.0,5.2,0.0,3
2023-09-26 01:00:00,25.9,88,0.0,5.6,0.0,8
2023-09-26 02:00:00,25.7,90,0.0,4.9,0.0,0
2023-09-26 03:00:00,25.4,92,0.0,6.2,0.0,0
2023-09-26 04:00:00,24.9,94,0.0,4.2,0.0,0
2023-09-26 05:00:00,25.8,88,0.0,5.8,0.0,0
2023-09-26 06:00:00,26.0,89,2.0,4.7,0.0,4
2023-09-26 07:00:00,26.6,87,87.0,5.5,0.0,2
2023-09-26 08:00:00,28.5,79,265.0,3.6,0.0,1
2023-09-26 09:00:00,30.2,69,444.0,2.9,0.0,6
2023-09-26 10:00:00,31.2,63,616.0,2.1,0.1,11
2023-09-26 11:00:00,32.0,58,680.0,5.4,0.0,11
2023-09-26 12:00:00,32.6,55,741.0,6.5,0.0,9
2023-09-26 13:00:00,32.8,53,719.0,7.6,0.0,7
2023-09-26 14:00:00,32.9,51,633.0,7.6,0.0,14
2023-09-26 15:00:00,32.9,51,504.0,6.8,0.0,11
2023-09-26 16:00:00,32.4,52,330.0,8.3,0.0,10
2023-09-26 17:00:00,32.0,59,154.0,9.4,0.0,8
2023-09-26 18:00:00,29.7,70,18.0,6.8,0.1,53
2023-09-26 19:00:00,29.2,72,0.0,7.0,0.0,15
2023-09-26 20:00:00,28.4,72,0.0,9.0,0.0,7
2023-09-26 21:00:00,27.5,73,0.0,8.0,0.0,0
2023-09-26 22:00:00,26.6,74,0.0,6.9,0.0,0
2023-09-26 23:00:00,25.9,77,0.0,6.0,0.0,0
2023-09-27 00:00:00,25.4,79,0.0,5.5,0.0,0
2023-09-27 01:00:00,24.9,82,0.0,5.4,0.0,0
2023-09-27 02:00:00,24.3,85,0.0,5.2,0.0,0
2023-09-27 03:00:00,23.8,87,0.0,5.4,0.0,0
2023-09-27 04:00:00,23.3,89,0.0,6.2,0.0,0
2023-09-27 05:00:00,23.9,89,0.0,6.2,0.0,0
2023-09-27 06:00:00,24.5,87,2.0,6.9,0.0,0
2023-09-27 07:00:00,26.0,82,89.0,6.9,0.0,0
2023-09-27 08:00:00,28.1,74,276.0,6.9,0.0,0
2023-09-27 09:00:00,29.9,66,474.0,9.0,0.0,0
2023-09-27 10:00:00,31.1,58,642.0,11.5,0.0,0
2023-09-27 11:00:00,32.0,53,757.0,13.0,0.0,0
2023-09-27 12:00:00,32.7,48,809.0,14.0,0.0,0
2023-09-27 13:00:00,33.3,44,792.0,13.9,0.0,0
2023-09-27 14:00:00,33.3,42,705.0,13.6,0.0,0
2023-09-27 15:00:00,33.1,42,558.0,12.8,0.0,0
2023-09-27 16:00:00,32.4,43,367.0,12.5,0.0,0
2023-09-27 17:00:00,30.1,50,165.0,6.7,0.0,0
2023-09-27 18:00:00,27.3,57,21.0,7.4,0.0,0
2023-09-27 19:00:00,26.6,58,0.0,7.1,0.0,0
2023-09-27 20:00:00,26.1,59,0.0,7.6,0.0,0
2023-09-27 21:00:00,25.8,62,0.0,8.4,0.0,0
2023-09-27 22:00:00,25.4,65,0.0,8.9,0.0,0
2023-09-27 23:00:00,24.9,66,0.0,8.7,0.0,0
2023-09-28 00:00:00,24.1,69,0.0,8.2,0.0,0
2023-09-28 01:00:00,23.0,74,0.0,6.8,0.0,0
2023-09-28 02:00:00,22.5,77,0.0,6.6,0.0,0
2023-09-28 03:00:00,21.8,80,0.0,6.0,0.0,0
2023-09-28 04:00:00,21.6,81,0.0,6.8,0.0,0
2023-09-28 05:00:00,20.6,87,0.0,7.1,0.0,0
2023-09-28 06:00:00,21.4,84,2.0,5.9,0.0,85
2023-09-28 07:00:00,23.3,78,93.0,8.7,0.0,1
2023-09-28 08:00:00,26.0,70,287.0,5.6,0.0,0
2023-09-28 09:00:00,28.7,60,489.0,6.9,0.0,0
2023-09-28 10:00:00,30.6,52,659.0,8.9,0.0,0
2023-09-28 11:00:00,31.7,47,773.0,7.7,0.0,0
2023-09-28 12:00:00,32.5,43,819.0,9.2,0.0,0
2023-09-28 13:00:00,33.0,40,796.0,11.8,0.0,0
2023-09-28 14:00:00,33.1,39,706.0,12.9,0.0,0
2023-09-28 15:00:00,32.8,39,557.0,11.8,0.0,0
2023-09-28 16:00:00,32.2,41,365.0,12.1,0.0,0
2023-09-28 17:00:00,29.6,53,162.0,6.4,0.0,0
2023-09-28 18:00:00,26.6,60,20.0,10.0,0.0,0
2023-09-28 19:00:00,25.6,64,0.0,10.8,0.0,0
2023-09-28 20:00:00,25.5,65,0.0,7.3,0.0,9
2023-09-28 21:00:00,25.4,61,0.0,8.9,0.0,0
2023-09-28 22:00:00,24.6,59,0.0,7.7,0.0,18
2023-09-28 23:00:00,23.7,62,0.0,7.1,0.0,15
2023-09-29 00:00:00,22.7,66,0.0,6.8,0.0,31
2023-09-29 01:00:00,21.6,73,0.0,9.7,0.0,79
2023-09-29 02:00:00,22.0,70,0.0,8.4,0.0,96
2023-09-29 03:00:00,21.1,74,0.0,8.5,0.0,7
2023-09-29 04:00:00,20.4,77,0.0,6.2,0.0,28
2023-09-29 05:00:00,20.9,81,0.0,4.3,0.0,0
2023-09-29 06:00:00,21.5,80,2.0,5.1,0.0,0
2023-09-29 07:00:00,23.3,76,90.0,6.8,0.0,0
2023-09-29 08:00:00,26.0,68,280.0,5.3,0.0,0
2023-09-29 09:00:00,28.5,61,480.0,5.5,0.0,0
2023-09-29 10:00:00,30.5,53,648.0,5.1,0.0,0
2023-09-29 11:00:00,31.9,43,764.0,7.4,0.0,0
2023-09-29 12:00:00,32.6,39,814.0,8.7,0.0,0
2023-09-29 13:00:00,33.0,37,793.0,8.2,0.0,0
2023-09-29 14:00:00,33.2,36,702.0,6.8,0.0,0
2023-09-29 15:00:00,33.1,37,552.0,6.4,0.0,0
2023-09-29 16:00:00,32.5,39,360.0,7.5,0.0,0
2023-09-29 17:00:00,30.6,57,158.0,5.7,0.0,0
2023-09-29 18:00:00,28.0,64,18.0,9.3,0.0,0
2023-09-29 19:00:00,27.3,68,0.0,9.3,0.0,0
2023-09-29 20:00:00,26.5,71,0.0,6.5,0.0,0
2023-09-29 21:00:00,26.1,70,0.0,7.9,0.0,0
2023-09-29 22:00:00,25.5,67,0.0,7.7,0.0,0
2023-09-29 23:00:00,24.5,68,0.0,6.6,0.0,2
2023-09-30 00:00:00,23.9,71,0.0,6.6,0.0,0
2023-09-30 01:00:00,23.5,73,0.0,7.0,0.0,7
2023-09-30 02:00:00,23.0,75,0.0,7.6,0.0,0
2023-09-30 03:00:00,23.2,73,0.0,9.1,0.0,0
2023-09-30 04:00:00,22.8,75,0.0,8.3,0.0,0
2023-09-30 05:00:00,22.9,80,0.0,7.0,0.0,25
2023-09-30 06:00:00,23.5,78,2.0,5.3,0.0,0
2023-09-30 07:00:00,24.6,75,87.0,11.2,0.0,0
2023-09-30 08:00:00,26.7,70,272.0,8.1,0.0,0
2023-09-30 09:00:00,29.2,62,470.0,7.5,0.0,0
2023-09-30 10:00:00,31.2,56,636.0,9.7,0.0,0
2023-09-30 11:00:00,32.8,48,750.0,11.8,0.0,0
2023-09-30 12:00:00,33.8,43,799.0,13.4,0.0,34
2023-09-30 13:00:00,34.5,35,779.0,15.0,0.0,53
2023-09-30 14:00:00,34.8,31,692.0,16.6,0.0,3
2023-09-30 15:00:00,34.5,32,541.0,17.6,0.0,1
2023-09-30 16:00:00,33.5,36,349.0,16.9,0.0,1
2023-09-30 17:00:00,30.6,40,151.0,8.3,0.0,0
2023-09-30 18:00:00,28.1,48,17.0,8.3,0.0,40
2023-09-30 19:00:00,27.6,48,0.0,12.0,0.0,17
2023-09-30 20:00:00,27.2,49,0.0,13.3,0.0,0
2023-09-30 21:00:00,26.9,51,0.0,13.1,0.0,0
2023-09-30 22:00:00,26.5,54,0.0,12.7,0.0,0
2023-09-30 23:00:00,25.9,57,0.0,11.2,0.0,0
2023-10-01 00:00:00,25.1,60,0.0,9.8,0.0,0
2023-10-01 01:00:00,23.8,67,0.0,7.4,0.0,0
2023-10-01 02:00:00,22.6,73,0.0,7.2,0.0,0
2023-10-01 03:00:00,21.4,79,0.0,9.0,0.0,0
2023-10-01 04:00:00,21.3,79,0.0,7.1,0.0,0
2023-10-01 05:00:00,22.3,86,0.0,7.0,0.0,35
2023-10-01 06:00:00,22.6,85,2.0,7.5,0.0,76
2023-10-01 07:00:00,24.3,79,85.0,8.9,0.0,73
2023-10-01 08:00:00,26.5,72,271.0,8.6,0.0,28
2023-10-01 09:00:00,28.3,67,467.0,8.5,0.0,2
2023-10-01 10:00:00,30.2,61,634.0,7.6,0.0,45
2023-10-01 11:00:00,32.1,51,750.0,8.6,0.0,73
2023-10-01 12:00:00,33.5,40,802.0,11.4,0.0,79
2023-10-01 13:00:00,34.4,31,784.0,15.3,0.0,67
2023-10-01 14:00:00,34.6,27,694.0,17.3,0.0,17
2023-10-01 15:00:00,34.4,24,546.0,19.5,0.0,0
2023-10-01 16:00:00,33.3,28,353.0,18.3,0.0,0
2023-10-01 17:00:00,31.0,33,153.0,10.1,0.0,0
2023-10-01 18:00:00,28.6,39,16.0,10.5,0.0,0
2023-10-01 19:00:00,27.5,40,0.0,11.5,0.0,0
2023-10-01 20:00:00,26.4,40,0.0,11.3,0.0,0
2023-10-01 21:00:00,25.4,39,0.0,11.3,0.0,0
2023-10-01 22:00:00,24.5,40,0.0,10.2,0.0,0
2023-10-01 23:00:00,23.7,43,0.0,10.7,0.0,0
2023-10-02 00:00:00,23.6,42,0.0,10.4,0.0,0
2023-10-02 01:00:00,22.5,47,0.0,7.7,0.0,0
2023-10-02 02:00:00,21.5,52,0.0,7.2,0.0,0
2023-10-02 03:00:00,20.9,56,0.0,7.6,0.0,0
2023-10-02 04:00:00,20.3,59,0.0,8.4,0.0,0
2023-10-02 05:00:00,20.2,75,0.0,10.5,0.0,0
2023-10-02 06:00:00,21.0,72,2.0,6.1,0.0,0
2023-10-02 07:00:00,22.8,67,87.0,9.3,0.0,0
2023-10-02 08:00:00,25.7,60,276.0,8.4,0.0,0
2023-10-02 09:00:00,28.3,51,476.0,9.0,0.0,0
2023-10-02 10:00:00,30.8,43,643.0,10.6,0.0,0
2023-10-02 11:00:00,32.4,34,756.0,14.7,0.0,0
2023-10-02 12:00:00,33.2,32,805.0,16.0,0.0,0
2023-10-02 13:00:00,33.7,29,782.0,16.6,0.0,0
2023-10-02 14:00:00,33.8,26,691.0,18.5,0.0,0
2023-10-02 15:00:00,33.3,23,541.0,19.9,0.0,0
2023-10-02 16:00:00,32.4,24,351.0,17.8,0.0,0
2023-10-02 17:00:00,30.9,28,151.0,14.6,0.0,0
2023-10-02 18:00:00,28.3,33,15.0,12.1,0.0,0
2023-10-02 19:00:00,26.6,36,0.0,9.9,0.0,0
2023-10-02 20:00:00,25.7,36,0.0,11.4,0.0,0
2023-10-02 21:00:00,24.7,35,0.0,9.2,0.0,0
2023-10-02 22:00:00,24.5,33,0.0,12.3,0.0,0
2023-10-02 23:00:00,24.5,30,0.0,11.3,0.0,0
2023-10-03 00:00:00,23.4,34,0.0,8.9,0.0,0
2023-10-03 01:00:00,21.9,39,0.0,8.4,0.0,0
2023-10-03 02:00:00,21.4,43,0.0,8.2,0.0,0
2023-10-03 03:00:00,20.4,47,0.0,7.4,0.0,0
2023-10-03 04:00:00,20.0,49,0.0,6.2,0.0,0
2023-10-03 05:00:00,20.6,53,0.0,6.7,0.0,0
2023-10-03 06:00:00,20.6,54,1.0,9.0,0.0,0
2023-10-03 07:00:00,22.2,53,86.0,11.9,0.0,0
2023-10-03 08:00:00,25.1,50,276.0,11.2,0.0,0
2023-10-03 09:00:00,28.1,42,478.0,14.1,0.0,0
2023-10-03 10:00:00,30.5,36,647.0,16.4,0.0,0
2023-10-03 11:00:00,32.2,32,762.0,17.2,0.0,0
2023-10-03 12:00:00,33.2,29,809.0,18.5,0.0,0
2023-10-03 13:00:00,33.8,25,786.0,21.1,0.0,0
2023-10-03 14:00:00,33.9,22,695.0,23.4,0.0,0
2023-10-03 15:00:00,33.3,25,543.0,22.8,0.0,0
2023-10-03 16:00:00,32.4,29,348.0,19.7,0.0,0
2023-10-03 17:00:00,30.5,31,145.0,12.7,0.0,0
2023-10-03 18:00:00,27.7,37,14.0,10.7,0.0,0
2023-10-03 19:00:00,26.3,40,0.0,9.7,0.0,0
2023-10-03 20:00:00,25.2,43,0.0,8.7,0.0,0
2023-10-03 21:00:00,24.0,48,0.0,7.7,0.0,0
2023-10-03 22:00:00,23.3,52,0.0,7.7,0.0,0
2023-10-03 23:00:00,23.0,54,0.0,8.0,0.0,0
2023-10-04 00:00:00,21.7,61,0.0,7.9,0.0,0
2023-10-04 01:00:00,20.7,66,0.0,9.2,0.0,0
2023-10-04 02:00:00,20.1,69,0.0,9.4,0.0,0
2023-10-04 03:00:00,19.7,71,0.0,8.2,0.0,0
2023-10-04 04:00:00,18.9,76,0.0,9.0,0.0,0
2023-10-04 05:00:00,19.0,80,0.0,8.7,0.0,0
2023-10-04 06:00:00,19.9,77,1.0,6.9,0.0,0
2023-10-04 07:00:00,22.0,70,84.0,10.5,0.0,0
2023-10-04 08:00:00,25.0,62,271.0,9.8,0.0,0
2023-10-04 09:00:00,27.8,55,472.0,12.1,0.0,0
2023-10-04 10:00:00,30.4,46,640.0,14.3,0.0,0
2023-10-04 11:00:00,32.2,35,756.0,18.8,0.0,0
2023-10-04 12:00:00,33.4,30,803.0,20.2,0.0,0
2023-10-04 13:00:00,33.9,30,776.0,20.6,0.0,0
2023-10-04 14:00:00,33.9,32,681.0,21.1,0.0,0
2023-10-04 15:00:00,33.6,32,528.0,20.5,0.0,0
2023-10-04 16:00:00,33.0,32,336.0,18.7,0.0,0
2023-10-04 17:00:00,31.2,38,139.0,11.6,0.0,0
2023-10-04 18:00:00,28.7,45,12.0,10.7,0.0,0
2023-10-04 19:00:00,27.9,46,0.0,13.1,0.0,0
2023-10-04 20:00:00,26.9,48,0.0,11.5,0.0,0
2023-10-04 21:00:00,25.4,54,0.0,8.7,0.0,0
2023-10-04 22:00:00,23.9,60,0.0,7.3,0.0,0
2023-10-04 23:00:00,22.7,66,0.0,6.1,0.0,0
2023-10-05 00:00:00,22.1,69,0.0,6.6,0.0,0
2023-10-05 01:00:00,21.8,69,0.0,6.2,0.0,0
2023-10-05 02:00:00,20.7,73,0.0,8.6,0.0,0
2023-10-05 03:00:00,20.2,74,0.0,9.0,0.0,0
2023-10-05 04:00:00,21.3,68,0.0,7.1,0.0,0
2023-10-05 05:00:00,19.9,76,0.0,7.9,0.0,0
2023-10-05 06:00:00,20.7,72,1.0,9.4,0.0,0
2023-10-05 07:00:00,22.4,67,82.0,12.7,0.0,0
2023-10-05 08:00:00,25.3,59,269.0,10.4,0.0,0
2023-10-05 09:00:00,28.2,49,468.0,12.5,0.0,0
2023-10-05 10:00:00,30.5,42,635.0,14.2,0.0,0
2023-10-05 11:00:00,32.1,38,749.0,14.9,0.0,0
2023-10-05 12:00:00,33.2,34,797.0,16.1,0.0,0
2023-10-05 13:00:00,33.9,30,776.0,16.3,0.0,0
2023-10-05 14:00:00,34.3,27,684.0,16.3,0.0,0
2023-10-05 15:00:00,34.0,26,534.0,16.4,0.0,0
2023-10-05 16:00:00,33.2,27,341.0,14.9,0.0,0
2023-10-05 17:00:00,30.8,34,140.0,8.7,0.0,0
2023-10-05 18:00:00,28.2,40,12.0,9.4,0.0,0
2023-10-05 19:00:00,26.8,45,0.0,9.1,0.0,0
2023-10-05 20:00:00,25.5,49,0.0,8.6,0.0,0
2023-10-05 21:00:00,24.2,53,0.0,9.7,0.0,0
2023-10-05 22:00:00,22.9,59,0.0,10.4,0.0,0
2023-10-05 23:00:00,21.9,66,0.0,12.2,0.0,0
2023-10-06 00:00:00,24.7,55,0.0,5.2,0.0,0
2023-10-06 01:00:00,21.6,64,0.0,5.4,0.0,0
2023-10-06 02:00:00,19.9,69,0.0,6.9,0.0,0
2023-10-06 03:00:00,20.2,65,0.0,5.2,0.0,0
2023-10-06 04:00:00,20.0,63,0.0,7.9,0.0,0
2023-10-06 05:00:00,20.5,69,0.0,8.9,0.0,0
2023-10-06 06:00:00,21.2,63,1.0,11.6,0.0,0
2023-10-06 07:00:00,23.1,57,80.0,12.8,0.0,0
2023-10-06 08:00:00,25.9,52,264.0,8.3,0.0,0
2023-10-06 09:00:00,28.9,44,463.0,7.2,0.0,0
2023-10-06 10:00:00,31.2,39,630.0,7.3,0.0,0
2023-10-06 11:00:00,33.0,34,742.0,9.9,0.0,0
2023-10-06 12:00:00,34.2,31,788.0,11.7,0.0,0
2023-10-06 13:00:00,35.0,30,764.0,13.0,0.0,0
2023-10-06 14:00:00,35.3,28,672.0,13.7,0.0,0
2023-10-06 15:00:00,35.2,28,522.0,12.5,0.0,0
2023-10-06 16:00:00,34.5,30,330.0,10.3,0.0,0
2023-10-06 17:00:00,31.0,45,133.0,6.9,0.0,0
2023-10-06 18:00:00,28.3,52,10.0,7.5,0.0,0
2023-10-06 19:00:00,26.6,62,0.0,9.4,0.0,0
2023-10-06 20:00:00,25.4,66,0.0,10.9,0.0,0
2023-10-06 21:00:00,25.3,66,0.0,9.7,0.0,0
2023-10-06 22:00:00,27.5,56,0.0,3.3,0.0,0
2023-10-06 23:00:00,27.3,55,0.0,1.9,0.0,0
2023-10-07 00:00:00,26.7,56,0.0,4.8,0.0,0
2023-10-07 01:00:00,24.1,69,0.0,6.8,0.0,0
2023-10-07 02:00:00,22.1,76,0.0,5.7,0.0,0
2023-10-07 03:00:00,21.7,75,0.0,7.4,0.0,0
2023-10-07 04:00:00,22.1,73,0.0,5.4,0.0,0
2023-10-07 05:00:00,21.6,80,0.0,5.4,0.0,0
2023-10-07 06:00:00,22.6,74,1.0,7.0,0.0,0
2023-10-07 07:00:00,24.6,67,76.0,9.3,0.0,0
2023-10-07 08:00:00,27.3,58,255.0,8.6,0.0,0
2023-10-07 09:00:00,29.7,49,449.0,10.2,0.0,0
2023-10-07 10:00:00,31.7,46,613.0,11.5,0.0,0
2023-10-07 11:00:00,33.1,44,723.0,12.1,0.0,0
2023-10-07 12:00:00,34.0,44,767.0,12.6,0.0,0
2023-10-07 13:00:00,34.6,44,740.0,12.6,0.0,0
2023-10-07 14:00:00,35.0,44,647.0,13.4,0.0,0
2023-10-07 15:00:00,35.0,44,497.0,14.4,0.0,0
2023-10-07 16:00:00,34.7,44,309.0,13.2,0.0,1
2023-10-07 17:00:00,32.2,48,121.0,5.8,0.0,0
2023-10-07 18:00:00,29.6,58,9.0,8.4,0.0,0
2023-10-07 19:00:00,28.6,65,0.0,7.4,0.0,0
2023-10-07 20:00:00,27.5,71,0.0,8.1,0.0,0
2023-10-07 21:00:00,26.9,74,0.0,9.2,0.0,0
2023-10-07 22:00:00,26.8,73,0.0,8.3,0.0,0
2023-10-07 23:00:00,26.7,73,0.0,2.6,0.0,0
2023-10-08 00:00:00,28.7,63,0.0,1.0,0.0,0
2023-10-08 01:00:00,28.0,66,0.0,3.6,0.0,0
2023-10-08 02:00:00,24.8,81,0.0,6.1,0.0,0
2023-10-08 03:00:00,24.6,81,0.0,6.6,0.0,0
2023-10-08 04:00:00,24.1,82,0.0,8.1,0.0,0
2023-10-08 05:00:00,24.5,85,0.0,11.0,0.0,0
2023-10-08 06:00:00,24.9,70,1.0,12.1,0.0,0
2023-10-08 07:00:00,25.7,61,73.0,12.7,0.0,0
2023-10-08 08:00:00,27.8,54,249.0,11.5,0.0,0
2023-10-08 09:00:00,30.0,49,441.0,12.3,0.0,0
2023-10-08 10:00:00,32.1,44,604.0,12.9,0.0,0
2023-10-08 11:00:00,33.7,41,714.0,13.2,0.0,0
2023-10-08 12:00:00,34.7,38,759.0,14.5,0.0,0
2023-10-08 13:00:00,35.2,38,734.0,14.0,0.0,0
2023-10-08 14:00:00,35.3,39,643.0,14.1,0.0,0
2023-10-08 15:00:00,35.2,39,495.0,14.9,0.0,0
2023-10-08 16:00:00,34.7,40,307.0,14.5,0.0,2
2023-10-08 17:00:00,33.4,47,118.0,5.5,0.0,3
2023-10-08 18:00:00,31.6,51,8.0,6.4,0.0,3
2023-10-08 19:00:00,29.5,64,0.0,8.1,0.0,4
2023-10-08 20:00:00,28.8,68,0.0,6.4,0.0,2
2023-10-08 21:00:00,27.8,72,0.0,4.7,0.0,0
2023-10-08 22:00:00,28.7,66,0.0,2.9,0.0,0
2023-10-08 23:00:00,29.0,64,0.0,2.5,0.0,0
2023-10-09 00:00:00,28.4,65,0.0,2.9,0.0,0
2023-10-09 01:00:00,25.7,74,0.0,4.4,0.0,0
2023-10-09 02:00:00,25.6,68,0.0,7.6,0.0,0
2023-10-09 03:00:00,25.0,68,0.0,6.8,0.0,0
2023-10-09 04:00:00,24.6,69,0.0,7.8,0.0,0
2023-10-09 05:00:00,24.7,76,0.0,6.9,0.0,0
2023-10-09 06:00:00,24.7,74,1.0,10.6,0.0,0
2023-10-09 07:00:00,25.9,68,73.0,13.2,0.0,0
2023-10-09 08:00:00,28.2,58,247.0,12.2,0.0,0
2023-10-09 09:00:00,30.7,50,437.0,12.8,0.0,0
2023-10-09 10:00:00,32.8,44,598.0,14.1,0.0,0
2023-10-09 11:00:00,34.1,42,707.0,13.7,0.0,0
2023-10-09 12:00:00,35.1,35,739.0,15.5,0.0,7
2023-10-09 13:00:00,35.1,34,645.0,16.7,0.0,12
2023-10-09 14:00:00,35.2,33,588.0,15.5,0.0,14
2023-10-09 15:00:00,35.1,33,462.0,13.8,0.0,6
2023-10-09 16:00:00,34.8,33,293.0,10.9,0.0,1
2023-10-09 17:00:00,32.5,50,110.0,6.6,0.0,0
2023-10-09 18:00:00,29.8,52,7.0,8.0,0.0,2
2023-10-09 19:00:00,29.2,53,0.0,8.2,0.0,0
2023-10-09 20:00:00,27.7,54,0.0,7.4,0.0,0
2023-10-09 21:00:00,26.9,57,0.0,6.1,0.0,2
2023-10-09 22:00:00,26.5,56,0.0,5.8,0.0,0
2023-10-09 23:00:00,26.3,56,0.0,7.1,0.0,0
2023-10-10 00:00:00,25.0,59,0.0,6.9,0.0,0
2023-10-10 01:00:00,25.4,57,0.0,8.0,0.0,0
2023-10-10 02:00:00,25.1,59,0.0,8.0,0.0,0
2023-10-10 03:00:00,24.9,59,0.0,7.9,0.0,0
2023-10-10 04:00:00,24.6,57,0.0,8.4,0.0,0
2023-10-10 05:00:00,24.7,60,0.0,9.6,0.0,1
2023-10-10 06:00:00,24.4,59,1.0,11.3,0.0,0
2023-10-10 07:00:00,25.5,58,71.0,13.0,0.0,0
2023-10-10 08:00:00,27.4,54,246.0,11.8,0.0,0
2023-10-10 09:00:00,29.7,48,435.0,12.1,0.0,0
2023-10-10 10:00:00,31.3,45,596.0,13.1,0.0,0
2023-10-10 11:00:00,32.5,43,703.0,13.0,0.0,1
2023-10-10 12:00:00,33.5,42,748.0,11.7,0.0,1
2023-10-10 13:00:00,33.4,43,632.0,9.8,0.0,5
2023-10-10 14:00:00,32.3,46,473.0,11.9,2.5,63
2023-10-10 15:00:00,32.6,44,333.0,7.5,0.0,14
2023-10-10 16:00:00,32.7,43,266.0,8.9,0.0,20
2023-10-10 17:00:00,32.5,38,101.0,11.1,0.0,15
2023-10-10 18:00:00,30.6,48,6.0,11.9,0.0,6
2023-10-10 19:00:00,29.5,54,0.0,9.8,0.0,3
2023-10-10 20:00:00,27.6,63,0.0,6.8,0.0,0
2023-10-10 21:00:00,25.7,76,0.0,9.4,0.0,0
2023-10-10 22:00:00,25.5,76,0.0,7.1,0.0,0
2023-10-10 23:00:00,24.6,80,0.0,6.4,0.0,0
2023-10-11 00:00:00,24.0,77,0.0,7.6,0.0,0
2023-10-11 01:00:00,23.3,74,0.0,7.7,0.0,0
2023-10-11 02:00:00,22.6,76,0.0,8.0,0.0,0
2023-10-11 03:00:00,21.9,80,0.0,7.4,0.0,0
2023-10-11 04:00:00,21.2,84,0.0,7.7,0.0,0
2023-10-11 05:00:00,21.5,88,0.0,8.0,0.0,0
2023-10-11 06:00:00,21.7,87,0.0,10.3,0.0,0
2023-10-11 07:00:00,23.2,81,72.0,11.7,0.0,0
2023-10-11 08:00:00,25.6,72,250.0,10.5,0.0,0
2023-10-11 09:00:00,28.2,62,446.0,11.3,0.0,0
2023-10-11 10:00:00,30.3,51,610.0,13.0,0.0,0
2023-10-11 11:00:00,31.8,44,721.0,13.5,0.0,0
2023-10-11 12:00:00,32.9,36,766.0,13.5,0.0,0
2023-10-11 13:00:00,33.5,31,741.0,13.8,0.0,0
2023-10-11 14:00:00,33.7,29,647.0,14.3,0.0,0
2023-10-11 15:00:00,33.4,28,496.0,15.5,0.0,0
2023-10-11 16:00:00,32.6,29,305.0,14.4,0.0,0
2023-10-11 17:00:00,29.7,32,114.0,8.9,0.0,0
2023-10-11 18:00:00,27.4,40,6.0,8.9,0.0,0
2023-10-11 19:00:00,26.3,43,0.0,9.0,0.0,0
2023-10-11 20:00:00,24.8,48,0.0,7.0,0.0,0
2023-10-11 21:00:00,23.3,54,0.0,8.5,0.0,0
2023-10-11 22:00:00,22.1,61,0.0,10.6,0.0,0
2023-10-11 23:00:00,21.4,63,0.0,10.4,0.0,0
2023-10-12 00:00:00,20.7,64,0.0,9.8,0.0,0
2023-10-12 01:00:00,20.3,66,0.0,8.3,0.0,0
2023-10-12 02:00:00,20.0,66,0.0,5.1,0.0,0
2023-10-12 03:00:00,19.3,69,0.0,5.8,0.0,0
2023-10-12 04:00:00,18.9,71,0.0,5.9,0.0,0
2023-10-12 05:00:00,19.2,78,0.0,6.1,0.0,0
2023-10-12 06:00:00,19.3,78,0.0,6.8,0.0,0
2023-10-12 07:00:00,21.3,70,72.0,10.2,0.0,0
2023-10-12 08:00:00,24.7,60,250.0,6.8,0.0,0
2023-10-12 09:00:00,27.8,49,445.0,7.1,0.0,0
2023-10-12 10:00:00,29.9,41,608.0,8.0,0.0,0
2023-10-12 11:00:00,31.4,36,719.0,9.6,0.0,0
2023-10-12 12:00:00,32.4,33,762.0,12.0,0.0,0
2023-10-12 13:00:00,33.0,32,734.0,13.7,0.0,0
2023-10-12 14:00:00,33.2,32,639.0,14.3,0.0,0
2023-10-12 15:00:00,33.1,31,487.0,14.2,0.0,0
2023-10-12 16:00:00,32.4,33,298.0,13.2,0.0,0
2023-10-12 17:00:00,30.3,39,110.0,7.2,0.0,0
2023-10-12 18:00:00,28.2,47,6.0,8.7,0.0,0
2023-10-12 19:00:00,27.1,52,0.0,9.5,0.0,0
2023-10-12 20:00:00,26.1,55,0.0,8.2,0.0,0
2023-10-12 21:00:00,25.2,59,0.0,7.8,0.0,0
2023-10-12 22:00:00,23.9,65,0.0,7.9,0.0,0
2023-10-12 23:00:00,23.3,68,0.0,8.7,0.0,0
2023-10-13 00:00:00,22.9,69,0.0,8.1,0.0,0
2023-10-13 01:00:00,24.4,62,0.0,5.1,0.0,0
2023-10-13 02:00:00,22.4,70,0.0,5.3,0.0,0
2023-10-13 03:00:00,21.4,75,0.0,6.1,0.0,0
2023-10-13 04:00:00,20.3,81,0.0,5.2,0.0,0
2023-10-13 05:00:00,20.8,81,0.0,4.3,0.0,0
2023-10-13 06:00:00,20.9,81,0.0,5.1,0.0,0
2023-10-13 07:00:00,23.0,73,67.0,7.9,0.0,0
2023-10-13 08:00:00,26.3,62,239.0,5.8,0.0,0
2023-10-13 09:00:00,29.1,52,428.0,6.2,0.0,0
2023-10-13 10:00:00,31.6,41,589.0,6.5,0.0,0
2023-10-13 11:00:00,33.3,34,696.0,8.3,0.0,0
2023-10-13 12:00:00,34.2,32,739.0,9.7,0.0,0
2023-10-13 13:00:00,34.5,31,713.0,11.4,0.0,0
2023-10-13 14:00:00,34.7,31,622.0,12.4,0.0,0
2023-10-13 15:00:00,34.4,31,472.0,13.4,0.0,4
2023-10-13 16:00:00,33.9,32,286.0,11.4,0.0,1
2023-10-13 17:00:00,31.4,41,103.0,7.3,0.0,3
2023-10-13 18:00:00,29.8,44,5.0,9.7,0.0,1
2023-10-13 19:00:00,28.5,49,0.0,8.6,0.0,5
2023-10-13 20:00:00,26.8,57,0.0,6.8,0.0,2
2023-10-13 21:00:00,25.2,65,0.0,10.2,0.0,1
2023-10-13 22:00:00,25.1,64,0.0,9.2,0.0,0
2023-10-13 23:00:00,26.3,57,0.0,3.6,0.0,0
2023-10-14 00:00:00,26.1,57,0.0,3.6,0.0,0
2023-10-14 01:00:00,23.1,71,0.0,8.6,0.0,0
2023-10-14 02:00:00,22.4,74,0.0,7.3,0.0,0
2023-10-14 03:00:00,22.0,76,0.0,7.3,0.0,0
2023-10-14 04:00:00,21.6,78,0.0,7.2,0.0,0
2023-10-14 05:00:00,23.4,77,0.0,3.0,0.0,0
2023-10-14 06:00:00,22.5,83,0.0,2.3,0.0,0
2023-10-14 07:00:00,24.4,75,64.0,4.5,0.0,0
2023-10-14 08:00:00,27.5,64,233.0,2.5,0.0,0
2023-10-14 09:00:00,30.5,52,421.0,2.6,0.0,0
2023-10-14 10:00:00,32.8,42,583.0,4.7,0.0,0
2023-10-14 11:00:00,34.4,33,691.0,11.5,0.0,24
2023-10-14 12:00:00,34.7,28,670.0,16.1,0.0,7
2023-10-14 13:00:00,35.0,26,636.0,15.9,0.0,16
2023-10-14 14:00:00,34.9,25,537.0,14.5,0.0,34
2023-10-14 15:00:00,34.3,26,406.0,15.5,0.0,18
2023-10-14 16:00:00,33.6,28,257.0,13.1,0.0,18
2023-10-14 17:00:00,31.6,33,92.0,7.2,0.0,12
2023-10-14 18:00:00,28.6,42,4.0,9.2,0.0,6
2023-10-14 19:00:00,27.8,47,0.0,6.9,0.0,1
2023-10-14 20:00:00,25.9,59,0.0,10.8,0.0,2
2023-10-14 21:00:00,28.4,47,0.0,5.0,0.0,0
2023-10-14 22:00:00,27.0,51,0.0,5.8,0.0,0
2023-10-14 23:00:00,24.9,58,0.0,7.9,0.0,0
2023-10-15 00:00:00,25.1,58,0.0,7.0,0.0,0
2023-10-15 01:00:00,22.9,68,0.0,7.4,0.0,0
2023-10-15 02:00:00,22.3,68,0.0,8.2,0.0,0
2023-10-15 03:00:00,24.5,57,0.0,3.8,0.0,0
2023-10-15 04:00:00,24.4,58,0.0,1.3,0.0,1
2023-10-15 05:00:00,23.8,67,0.0,2.9,0.0,23
2023-10-15 06:00:00,22.4,74,0.0,5.4,0.0,21
2023-10-15 07:00:00,23.6,71,64.0,8.6,0.0,16
2023-10-15 08:00:00,26.4,63,233.0,4.2,0.0,37
2023-10-15 09:00:00,29.2,54,415.0,5.5,0.0,37
2023-10-15 10:00:00,31.1,49,574.0,9.2,0.0,61
2023-10-15 11:00:00,32.1,43,674.0,9.1,0.0,44
2023-10-15 12:00:00,33.1,36,724.0,5.5,0.0,14
2023-10-15 13:00:00,33.7,33,654.0,7.8,0.0,15
2023-10-15 14:00:00,32.6,35,563.0,8.6,0.0,5
2023-10-15 15:00:00,33.0,34,433.0,10.8,0.0,17
2023-10-15 16:00:00,32.1,37,262.0,10.4,0.0,14
2023-10-15 17:00:00,30.6,48,85.0,3.4,0.0,51
2023-10-15 18:00:00,27.8,51,3.0,6.5,0.1,58
2023-10-15 19:00:00,26.7,56,0.0,15.6,0.0,16
2023-10-15 20:00:00,25.2,59,0.0,8.7,0.0,12
2023-10-15 21:00:00,24.2,64,0.0,6.5,0.0,54
2023-10-15 22:00:00,25.0,61,0.0,5.4,0.0,58
2023-10-15 23:00:00,23.7,67,0.0,5.4,0.0,63
2023-10-16 00:00:00,22.7,70,0.0,5.6,0.0,100
2023-10-16 01:00:00,21.6,75,0.0,6.5,0.0,95
2023-10-16 02:00:00,21.6,74,0.0,5.9,0.0,95
2023-10-16 03:00:00,21.0,77,0.0,5.2,0.0,3
2023-10-16 04:00:00,20.8,78,0.0,6.0,0.0,4
2023-10-16 05:00:00,22.7,74,0.0,5.4,0.0,95
2023-10-16 06:00:00,22.2,72,0.0,19.3,0.0,99
2023-10-16 07:00:00,22.6,70,53.0,11.9,0.0,100
2023-10-16 08:00:00,25.2,63,202.0,8.0,0.0,41
2023-10-16 09:00:00,28.7,54,412.0,10.4,0.0,91
2023-10-16 10:00:00,24.0,65,378.0,27.6,0.0,99
2023-10-16 11:00:00,25.7,61,431.0,20.6,0.0,96
2023-10-16 12:00:00,27.0,56,456.0,12.6,0.0,85
2023-10-16 13:00:00,28.5,51,458.0,12.3,0.0,6
2023-10-16 14:00:00,28.9,51,598.0,18.1,0.0,47
2023-10-16 15:00:00,29.0,49,412.0,15.2,0.0,79
2023-10-16 16:00:00,27.8,54,205.0,4.7,0.0,100
2023-10-16 17:00:00,25.5,54,26.0,18.9,5.2,99
2023-10-16 18:00:00,24.6,59,3.0,16.1,0.0,13
2023-10-16 19:00:00,24.0,64,0.0,13.1,0.0,72
2023-10-16 20:00:00,23.6,67,0.0,12.5,0.0,100
2023-10-16 21:00:00,23.4,66,0.0,7.9,0.0,100
2023-10-16 22:00:00,23.0,71,0.0,0.8,0.0,100
2023-10-16 23:00:00,19.8,87,0.0,18.1,4.7,100
2023-10-17 00:00:00,20.3,89,0.0,13.5,2.1,99
2023-10-17 01:00:00,20.5,76,0.0,11.5,0.1,91
2023-10-17 02:00:00,20.2,75,0.0,10.8,0.0,40
2023-10-17 03:00:00,20.2,74,0.0,9.6,0.0,63
2023-10-17 04:00:00,19.6,80,0.0,7.9,0.0,83
2023-10-17 05:00:00,18.7,84,0.0,4.8,0.0,44
2023-10-17 06:00:00,19.2,83,0.0,8.8,0.0,42
2023-10-17 07:00:00,20.0,81,53.0,1.3,0.0,39
2023-10-17 08:00:00,21.8,74,211.0,3.7,0.0,26
2023-10-17 09:00:00,23.7,67,373.0,4.7,0.0,40
2023-10-17 10:00:00,25.1,59,502.0,8.0,0.0,60
2023-10-17 11:00:00,26.6,54,625.0,6.9,0.0,33
2023-10-17 12:00:00,28.0,48,704.0,5.1,0.0,38
2023-10-17 13:00:00,28.7,46,662.0,4.8,0.0,48
2023-10-17 14:00:00,28.3,47,504.0,5.1,0.0,100
2023-10-17 15:00:00,26.7,51,148.0,7.9,0.2,99
2023-10-17 16:00:00,25.4,64,118.0,7.1,0.8,32
2023-10-17 17:00:00,23.1,70,53.0,4.9,0.1,36
2023-10-17 18:00:00,22.5,72,2.0,5.6,0.0,17
2023-10-17 19:00:00,21.4,76,0.0,5.8,0.0,0
2023-10-17 20:00:00,20.4,83,0.0,6.1,0.0,0
2023-10-17 21:00:00,19.3,90,0.0,7.6,0.0,0
2023-10-17 22:00:00,18.7,92,0.0,7.6,0.0,0
2023-10-17 23:00:00,18.2,92,0.0,8.1,0.0,0
2023-10-18 00:00:00,17.8,93,0.0,7.6,0.0,1
2023-10-18 01:00:00,17.6,93,0.0,6.1,0.0,0
2023-10-18 02:00:00,17.6,93,0.0,6.8,0.0,1
2023-10-18 03:00:00,17.3,92,0.0,7.5,0.0,2
2023-10-18 04:00:00,17.1,89,0.0,7.9,0.0,1
2023-10-18 05:00:00,18.2,88,0.0,9.7,0.0,0
2023-10-18 06:00:00,18.4,87,0.0,9.2,0.0,0
2023-10-18 07:00:00,19.6,82,59.0,10.6,0.0,0
2023-10-18 08:00:00,21.8,73,223.0,11.0,0.0,0
2023-10-18 09:00:00,24.1,64,410.0,12.9,0.0,0
2023-10-18 10:00:00,26.1,53,569.0,14.0,0.0,0
2023-10-18 11:00:00,27.5,45,677.0,14.7,0.0,0
2023-10-18 12:00:00,28.4,42,719.0,14.4,0.0,0
2023-10-18 13:00:00,28.8,41,693.0,13.7,0.0,0
2023-10-18 14:00:00,29.0,41,592.0,13.4,0.0,0
2023-10-18 15:00:00,28.8,39,441.0,13.1,0.0,0
2023-10-18 16:00:00,28.1,39,269.0,13.0,0.0,0
2023-10-18 17:00:00,25.9,44,91.0,9.4,0.0,0
2023-10-18 18:00:00,24.0,51,3.0,10.2,0.0,0
2023-10-18 19:00:00,22.9,56,0.0,10.2,0.0,0
2023-10-18 20:00:00,22.0,59,0.0,9.9,0.0,0
2023-10-18 21:00:00,21.3,61,0.0,10.4,0.0,0
2023-10-18 22:00:00,20.6,63,0.0,9.7,0.0,0
2023-10-18 23:00:00,19.8,66,0.0,8.7,0.0,0
2023-10-19 00:00:00,19.1,69,0.0,7.4,0.0,0
2023-10-19 01:00:00,18.4,73,0.0,6.9,0.0,0
2023-10-19 02:00:00,17.9,75,0.0,7.5,0.0,0
2023-10-19 03:00:00,17.4,77,0.0,8.3,0.0,0
2023-10-19 04:00:00,17.0,79,0.0,9.4,0.0,0
2023-10-19 05:00:00,17.2,83,0.0,8.9,0.0,0
2023-10-19 06:00:00,17.4,82,0.0,8.7,0.0,0
2023-10-19 07:00:00,18.5,78,59.0,10.0,0.0,0
2023-10-19 08:00:00,20.8,70,226.0,7.8,0.0,0
2023-10-19 09:00:00,23.1,62,413.0,8.1,0.0,0
2023-10-19 10:00:00,25.0,54,571.0,9.7,0.0,0
2023-10-19 11:00:00,26.4,48,678.0,9.2,0.0,0
2023-10-19 12:00:00,27.6,43,720.0,10.0,0.0,0
2023-10-19 13:00:00,28.3,40,693.0,11.6,0.0,0
2023-10-19 14:00:00,28.6,39,601.0,12.7,0.0,0
2023-10-19 15:00:00,28.4,39,451.0,13.2,0.0,0
2023-10-19 16:00:00,27.7,40,267.0,12.2,0.0,0
2023-10-19 17:00:00,24.8,53,88.0,7.3,0.0,0
2023-10-19 18:00:00,22.9,58,2.0,8.0,0.0,0
2023-10-19 19:00:00,21.6,65,0.0,8.8,0.0,0
2023-10-19 20:00:00,20.5,70,0.0,9.4,0.0,0
2023-10-19 21:00:00,19.9,72,0.0,8.7,0.0,0
2023-10-19 22:00:00,19.3,74,0.0,8.9,0.0,0
2023-10-19 23:00:00,19.2,75,0.0,7.1,0.0,0
2023-10-20 00:00:00,18.6,77,0.0,6.6,0.0,0
2023-10-20 01:00:00,17.9,81,0.0,7.7,0.0,0
2023-10-20 02:00:00,17.4,84,0.0,8.4,0.0,0
2023-10-20 03:00:00,17.9,81,0.0,5.9,0.0,0
2023-10-20 04:00:00,17.1,85,0.0,5.2,0.0,0
2023-10-20 05:00:00,17.0,89,0.0,7.2,0.0,0
2023-10-20 06:00:00,17.3,89,0.0,4.9,0.0,0
2023-10-20 07:00:00,19.2,81,56.0,6.6,0.0,0
2023-10-20 08:00:00,21.9,69,221.0,5.4,0.0,0
2023-10-20 09:00:00,24.4,59,408.0,4.7,0.0,0
2023-10-20 10:00:00,26.2,51,569.0,5.6,0.0,0
2023-10-20 11:00:00,27.3,46,677.0,6.6,0.0,0
2023-10-20 12:00:00,28.2,42,720.0,7.2,0.0,0
2023-10-20 13:00:00,28.8,39,694.0,8.4,0.0,0
2023-10-20 14:00:00,29.1,37,600.0,9.2,0.0,0
2023-10-20 15:00:00,29.1,36,450.0,8.6,0.0,0
2023-10-20 16:00:00,28.3,38,265.0,8.9,0.0,0
2023-10-20 17:00:00,25.7,49,87.0,6.4,0.0,0
2023-10-20 18:00:00,23.7,57,2.0,7.2,0.0,0
2023-10-20 19:00:00,22.4,65,0.0,8.7,0.0,0
2023-10-20 20:00:00,21.3,70,0.0,8.8,0.0,0
2023-10-20 21:00:00,20.3,75,0.0,8.9,0.0,0
2023-10-20 22:00:00,19.6,78,0.0,9.9,0.0,0
2023-10-20 23:00:00,18.9,81,0.0,9.7,0.0,0
2023-10-21 00:00:00,18.4,83,0.0,9.7,0.0,0
2023-10-21 01:00:00,17.8,85,0.0,9.2,0.0,0
2023-10-21 02:00:00,17.5,87,0.0,7.2,0.0,0
2023-10-21 03:00:00,16.9,90,0.0,7.0,0.0,0
2023-10-21 04:00:00,16.7,90,0.0,5.8,0.0,0
2023-10-21 05:00:00,17.5,89,0.0,4.3,0.0,0
2023-10-21 06:00:00,17.6,90,0.0,6.1,0.0,0
2023-10-21 07:00:00,19.3,83,56.0,9.0,0.0,0
2023-10-21 08:00:00,22.3,72,220.0,6.5,0.0,0
2023-10-21 09:00:00,24.9,62,406.0,5.9,0.0,0
2023-10-21 10:00:00,26.9,53,565.0,4.9,0.0,0
2023-10-21 11:00:00,28.2,45,670.0,3.8,0.0,0
2023-10-21 12:00:00,29.0,40,712.0,4.9,0.0,0
2023-10-21 13:00:00,29.5,38,684.0,6.0,0.0,0
2023-10-21 14:00:00,29.7,36,591.0,6.1,0.0,0
2023-10-21 15:00:00,29.6,36,442.0,5.7,0.0,0
2023-10-21 16:00:00,29.0,38,258.0,7.1,0.0,0
2023-10-21 17:00:00,26.2,49,82.0,7.8,0.0,0
2023-10-21 18:00:00,24.5,47,2.0,7.7,0.0,9
2023-10-21 19:00:00,23.4,48,0.0,7.6,0.0,8
2023-10-21 20:00:00,21.7,55,0.0,9.7,0.0,11
2023-10-21 21:00:00,21.0,61,0.0,8.3,0.0,16
2023-10-21 22:00:00,19.9,69,0.0,9.8,0.0,0
2023-10-21 23:00:00,19.5,72,0.0,7.1,0.0,0
2023-10-22 00:00:00,18.4,77,0.0,10.3,0.0,0
2023-10-22 01:00:00,18.5,75,0.0,9.4,0.0,0
2023-10-22 02:00:00,19.2,71,0.0,7.4,0.0,0
2023-10-22 03:00:00,17.5,79,0.0,8.2,0.0,0
2023-10-22 04:00:00,17.3,79,0.0,8.2,0.0,0
2023-10-22 05:00:00,17.2,84,0.0,4.7,0.0,0
2023-10-22 06:00:00,17.1,86,0.0,4.5,0.0,14
2023-10-22 07:00:00,19.1,78,53.0,3.8,0.0,10
2023-10-22 08:00:00,22.3,68,213.0,2.4,0.0,23
2023-10-22 09:00:00,25.1,58,394.0,1.8,0.0,24
2023-10-22 10:00:00,27.3,48,548.0,2.6,0.0,26
2023-10-22 11:00:00,28.7,40,652.0,2.9,0.0,21
2023-10-22 12:00:00,29.6,37,692.0,4.3,0.0,33
2023-10-22 13:00:00,30.3,35,666.0,6.1,0.0,41
2023-10-22 14:00:00,30.4,36,571.0,8.8,0.0,43
2023-10-22 15:00:00,30.2,36,426.0,9.2,0.0,2
2023-10-22 16:00:00,29.4,38,243.0,10.8,0.0,14
2023-10-22 17:00:00,26.5,47,76.0,6.2,0.0,27
2023-10-22 18:00:00,25.4,50,1.0,9.0,0.0,48
2023-10-22 19:00:00,24.1,58,0.0,6.9,0.0,6
2023-10-22 20:00:00,22.9,64,0.0,6.8,0.0,0
2023-10-22 21:00:00,21.8,70,0.0,6.8,0.0,0
2023-10-22 22:00:00,21.3,74,0.0,5.8,0.0,0
2023-10-22 23:00:00,20.4,79,0.0,6.9,0.0,0
2023-10-23 00:00:00,19.7,83,0.0,7.7,0.0,0
2023-10-23 01:00:00,19.0,86,0.0,9.1,0.0,0
2023-10-23 02:00:00,18.5,88,0.0,8.0,0.0,0
2023-10-23 03:00:00,18.0,90,0.0,8.1,0.0,0
2023-10-23 04:00:00,17.6,91,0.0,7.6,0.0,0
2023-10-23 05:00:00,17.9,91,0.0,5.0,0.0,0
2023-10-23 06:00:00,18.2,90,0.0,5.1,0.0,0
2023-10-23 07:00:00,19.7,84,51.0,8.6,0.0,0
2023-10-23 08:00:00,22.3,73,210.0,7.6,0.0,0
2023-10-23 09:00:00,24.9,63,393.0,7.8,0.0,0
2023-10-23 10:00:00,27.1,50,549.0,11.2,0.0,0
2023-10-23 11:00:00,28.2,44,654.0,11.4,0.0,0
2023-10-23 12:00:00,29.0,41,696.0,11.0,0.0,0
2023-10-23 13:00:00,29.5,40,668.0,10.9,0.0,0
2023-10-23 14:00:00,29.7,38,569.0,11.0,0.0,1
2023-10-23 15:00:00,29.5,37,417.0,10.7,0.0,0
2023-10-23 16:00:00,28.9,37,242.0,9.4,0.0,0
2023-10-23 17:00:00,26.1,46,76.0,6.9,0.0,0
2023-10-23 18:00:00,24.0,54,1.0,8.5,0.0,14
2023-10-23 19:00:00,23.1,59,0.0,7.9,0.0,4
2023-10-23 20:00:00,22.4,63,0.0,7.9,0.0,0
2023-10-23 21:00:00,22.0,65,0.0,6.9,0.0,0
2023-10-23 22:00:00,21.8,66,0.0,8.0,0.0,0
2023-10-23 23:00:00,21.0,69,0.0,7.1,0.0,0
2023-10-24 00:00:00,19.9,76,0.0,7.2,0.0,0
2023-10-24 01:00:00,19.2,79,0.0,6.6,0.0,0
2023-10-24 02:00:00,18.2,84,0.0,7.9,0.0,0
2023-10-24 03:00:00,17.9,85,0.0,6.8,0.0,0
2023-10-24 04:00:00,17.7,86,0.0,6.1,0.0,0
2023-10-24 05:00:00,17.7,90,0.0,5.3,0.0,0
2023-10-24 06:00:00,17.9,89,0.0,5.6,0.0,0
2023-10-24 07:00:00,19.2,83,51.0,8.0,0.0,0
2023-10-24 08:00:00,22.0,72,211.0,6.8,0.0,0
2023-10-24 09:00:00,24.9,61,395.0,7.3,0.0,0
2023-10-24 10:00:00,27.3,51,551.0,7.9,0.0,0
2023-10-24 11:00:00,28.8,43,656.0,10.0,0.0,0
2023-10-24 12:00:00,29.7,40,697.0,11.0,0.0,0
2023-10-24 13:00:00,30.3,36,665.0,10.7,0.0,20
2023-10-24 14:00:00,30.5,34,559.0,10.7,0.0,7
2023-10-24 15:00:00,30.4,32,403.0,10.2,0.0,7
2023-10-24 16:00:00,29.7,33,234.0,8.9,0.0,5
2023-10-24 17:00:00,26.6,44,72.0,6.6,0.0,4
2023-10-24 18:00:00,24.7,44,1.0,8.0,0.0,0
2023-10-24 19:00:00,23.8,48,0.0,8.4,0.0,0
2023-10-24 20:00:00,22.7,52,0.0,7.9,0.0,0
2023-10-24 21:00:00,21.5,58,0.0,8.5,0.0,0
2023-10-24 22:00:00,20.8,61,0.0,7.4,0.0,0
2023-10-24 23:00:00,20.2,64,0.0,6.8,0.0,0
2023-10-25 00:00:00,19.4,69,0.0,6.8,0.0,0
2023-10-25 01:00:00,19.0,73,0.0,7.1,0.0,0
2023-10-25 02:00:00,18.6,77,0.0,7.4,0.0,0
2023-10-25 03:00:00,17.9,80,0.0,6.3,0.0,0
2023-10-25 04:00:00,17.5,82,0.0,6.0,0.0,0
2023-10-25 05:00:00,17.1,83,0.0,6.3,0.0,0
2023-10-25 06:00:00,18.1,85,0.0,5.8,0.0,0
2023-10-25 07:00:00,19.5,79,50.0,8.2,0.0,0
2023-10-25 08:00:00,22.1,70,210.0,6.4,0.0,0
2023-10-25 09:00:00,24.8,61,394.0,6.7,0.0,0
2023-10-25 10:00:00,27.1,54,550.0,8.7,0.0,0
2023-10-25 11:00:00,29.0,42,656.0,11.2,0.0,0
2023-10-25 12:00:00,29.9,37,697.0,12.8,0.0,0
2023-10-25 13:00:00,30.5,33,670.0,14.1,0.0,0
2023-10-25 14:00:00,30.6,29,564.0,14.6,0.0,9
2023-10-25 15:00:00,30.2,29,414.0,14.5,0.0,4
2023-10-25 16:00:00,29.3,31,234.0,12.0,0.0,2
2023-10-25 17:00:00,26.5,39,73.0,7.4,0.0,0
2023-10-25 18:00:00,24.4,50,1.0,7.4,0.0,0
2023-10-25 19:00:00,23.2,56,0.0,7.4,0.0,0
2023-10-25 20:00:00,21.7,62,0.0,7.9,0.0,0
2023-10-25 21:00:00,20.6,67,0.0,9.5,0.0,0
2023-10-25 22:00:00,20.1,68,0.0,9.4,0.0,0
2023-10-25 23:00:00,19.8,69,0.0,7.4,0.0,0
2023-10-26 00:00:00,19.2,72,0.0,6.9,0.0,0
2023-10-26 01:00:00,18.2,77,0.0,7.5,0.0,0
2023-10-26 02:00:00,17.9,79,0.0,5.9,0.0,0
2023-10-26 03:00:00,17.8,79,0.0,6.5,0.0,0
2023-10-26 04:00:00,17.3,81,0.0,8.3,0.0,0
2023-10-26 05:00:00,16.9,83,0.0,8.6,0.0,0
2023-10-26 06:00:00,17.5,83,0.0,9.4,0.0,0
2023-10-26 07:00:00,18.8,78,49.0,11.5,0.0,0
2023-10-26 08:00:00,21.5,68,210.0,9.1,0.0,0
2023-10-26 09:00:00,24.4,59,396.0,8.5,0.0,0
2023-10-26 10:00:00,26.8,51,554.0,10.7,0.0,0
2023-10-26 11:00:00,28.6,42,659.0,13.0,0.0,0
2023-10-26 12:00:00,29.6,36,700.0,12.5,0.0,0
2023-10-26 13:00:00,30.2,32,671.0,12.2,0.0,0
2023-10-26 14:00:00,30.5,29,577.0,11.5,0.0,0
2023-10-26 15:00:00,30.3,27,427.0,11.2,0.0,0
2023-10-26 16:00:00,29.4,30,244.0,9.7,0.0,0
2023-10-26 17:00:00,26.3,38,72.0,7.6,0.0,0
2023-10-26 18:00:00,24.1,46,1.0,7.6,0.0,0
2023-10-26 19:00:00,22.5,54,0.0,7.8,0.0,0
2023-10-26 20:00:00,21.3,59,0.0,7.7,0.0,0
2023-10-26 21:00:00,20.4,61,0.0,9.0,0.0,0
2023-10-26 22:00:00,20.3,59,0.0,7.2,0.0,0
2023-10-26 23:00:00,19.7,61,0.0,6.8,0.0,0
2023-10-27 00:00:00,19.2,61,0.0,7.6,0.0,0
2023-10-27 01:00:00,18.6,61,0.0,7.3,0.0,0
2023-10-27 02:00:00,17.8,63,0.0,6.7,0.0,0
2023-10-27 03:00:00,17.1,66,0.0,6.2,0.0,0
2023-10-27 04:00:00,16.9,67,0.0,5.8,0.0,0
2023-10-27 05:00:00,16.6,67,0.0,7.6,0.0,0
2023-10-27 06:00:00,16.8,76,0.0,9.0,0.0,0
2023-10-27 07:00:00,18.0,71,49.0,11.9,0.0,0
2023-10-27 08:00:00,21.3,62,212.0,9.4,0.0,0
2023-10-27 09:00:00,24.5,52,400.0,7.6,0.0,0
2023-10-27 10:00:00,27.2,44,559.0,7.3,0.0,0
2023-10-27 11:00:00,29.2,32,665.0,8.4,0.0,0
2023-10-27 12:00:00,29.9,29,706.0,9.0,0.0,0
2023-10-27 13:00:00,30.3,27,677.0,9.3,0.0,0
2023-10-27 14:00:00,30.4,27,580.0,8.9,0.0,0
2023-10-27 15:00:00,30.1,27,428.0,8.1,0.0,0
2023-10-27 16:00:00,29.2,31,243.0,6.2,0.0,0
2023-10-27 17:00:00,25.4,44,70.0,8.8,0.0,0
2023-10-27 18:00:00,23.5,51,0.0,10.5,0.0,0
2023-10-27 19:00:00,22.8,54,0.0,10.1,0.0,0
2023-10-27 20:00:00,21.9,57,0.0,9.3,0.0,23
2023-10-27 21:00:00,21.1,58,0.0,8.7,0.0,99
2023-10-27 22:00:00,20.7,57,0.0,7.6,0.0,82
2023-10-27 23:00:00,22.3,50,0.0,7.2,0.0,100
2023-10-28 00:00:00,23.3,45,0.0,5.3,0.0,98
2023-10-28 01:00:00,22.5,49,0.0,5.6,0.0,46
2023-10-28 02:00:00,21.5,52,0.0,5.7,0.0,8
2023-10-28 03:00:00,21.0,54,0.0,2.6,0.0,1
2023-10-28 04:00:00,20.7,54,0.0,1.0,0.0,4
2023-10-28 05:00:00,20.3,55,0.0,2.9,0.0,25
2023-10-28 06:00:00,18.6,67,0.0,3.3,0.0,99
2023-10-28 07:00:00,19.1,68,45.0,3.3,0.0,100
2023-10-28 08:00:00,21.8,62,192.0,4.5,0.0,100
2023-10-28 09:00:00,24.7,52,341.0,4.3,0.0,100
2023-10-28 10:00:00,27.0,45,481.0,4.3,0.0,100
2023-10-28 11:00:00,28.6,38,595.0,3.9,0.0,100
2023-10-28 12:00:00,29.6,34,636.0,4.7,0.0,100
2023-10-28 13:00:00,29.9,32,530.0,5.7,0.0,100
2023-10-28 14:00:00,30.0,30,438.0,5.8,0.0,100
2023-10-28 15:00:00,29.6,31,298.0,5.1,0.0,100
2023-10-28 16:00:00,28.6,39,184.0,3.5,0.0,100
2023-10-28 17:00:00,26.5,47,54.0,5.5,0.0,100
2023-10-28 18:00:00,23.8,51,0.0,10.0,0.0,50
2023-10-28 19:00:00,25.1,44,0.0,7.3,0.0,3
2023-10-28 20:00:00,26.0,41,0.0,7.4,0.0,9
2023-10-28 21:00:00,23.9,49,0.0,7.2,0.0,14
2023-10-28 22:00:00,22.6,54,0.0,5.8,0.0,18
2023-10-28 23:00:00,21.4,57,0.0,7.6,0.0,78
2023-10-29 00:00:00,21.6,57,0.0,7.1,0.0,96
2023-10-29 01:00:00,20.3,62,0.0,5.9,0.0,15
2023-10-29 02:00:00,18.8,66,0.0,6.4,0.0,98
2023-10-29 03:00:00,18.3,69,0.0,6.3,0.0,26
2023-10-29 04:00:00,17.8,73,0.0,6.2,0.0,87
2023-10-29 05:00:00,18.2,72,0.0,4.8,0.0,46
2023-10-29 06:00:00,20.1,63,0.0,2.9,0.0,92
2023-10-29 07:00:00,19.8,68,43.0,3.1,0.0,31
2023-10-29 08:00:00,22.4,62,194.0,4.7,0.0,1
2023-10-29 09:00:00,25.8,52,374.0,4.2,0.0,0
2023-10-29 10:00:00,28.2,43,529.0,4.0,0.0,0
2023-10-29 11:00:00,29.7,39,630.0,2.5,0.0,39
2023-10-29 12:00:00,30.6,36,666.0,2.9,0.0,14
2023-10-29 13:00:00,31.2,33,640.0,3.2,0.0,0
2023-10-29 14:00:00,31.4,32,549.0,4.5,0.0,0
2023-10-29 15:00:00,31.2,32,402.0,5.5,0.0,0
2023-10-29 16:00:00,30.0,41,225.0,3.8,0.0,0
2023-10-29 17:00:00,27.4,48,63.0,6.6,0.0,0
2023-10-29 18:00:00,25.0,55,0.0,9.3,0.0,0
2023-10-29 19:00:00,23.8,60,0.0,8.2,0.0,0
2023-10-29 20:00:00,22.5,67,0.0,8.3,0.0,0
2023-10-29 21:00:00,21.9,70,0.0,8.0,0.0,0
2023-10-29 22:00:00,20.6,77,0.0,8.9,0.0,0
2023-10-29 23:00:00,20.0,79,0.0,8.6,0.0,0
2023-10-30 00:00:00,19.4,81,0.0,8.8,0.0,0
2023-10-30 01:00:00,18.9,84,0.0,8.3,0.0,0
2023-10-30 02:00:00,18.5,87,0.0,6.5,0.0,0
2023-10-30 03:00:00,17.9,90,0.0,8.2,0.0,0
2023-10-30 04:00:00,17.7,90,0.0,8.4,0.0,0
2023-10-30 05:00:00,17.6,90,0.0,8.4,0.0,0
2023-10-30 06:00:00,18.4,93,0.0,7.2,0.0,0
2023-10-30 07:00:00,20.2,86,41.0,7.6,0.0,0
2023-10-30 08:00:00,23.1,74,191.0,4.2,0.0,0
2023-10-30 09:00:00,26.0,63,367.0,4.2,0.0,0
2023-10-30 10:00:00,28.4,53,520.0,5.1,0.0,0
2023-10-30 11:00:00,29.9,47,623.0,3.4,0.0,0
2023-10-30 12:00:00,30.9,43,663.0,1.0,0.0,3
2023-10-30 13:00:00,31.5,38,635.0,3.9,0.0,1
2023-10-30 14:00:00,31.7,35,529.0,6.6,0.0,7
2023-10-30 15:00:00,31.3,36,371.0,9.1,0.0,8
2023-10-30 16:00:00,30.3,41,207.0,7.9,0.0,4
2023-10-30 17:00:00,27.2,53,59.0,7.2,0.0,2
2023-10-30 18:00:00,24.6,59,0.0,9.1,0.0,0
2023-10-30 19:00:00,23.3,64,0.0,10.7,0.0,0
2023-10-30 20:00:00,22.6,64,0.0,9.1,0.0,5
2023-10-30 21:00:00,22.0,68,0.0,7.1,0.0,37
2023-10-30 22:00:00,20.9,78,0.0,10.3,0.0,63
2023-10-30 23:00:00,20.8,80,0.0,8.7,0.0,80
2023-10-31 00:00:00,19.8,86,0.0,8.5,0.0,33
2023-10-31 01:00:00,19.9,85,0.0,7.4,0.0,33
2023-10-31 02:00:00,19.0,90,0.0,8.4,0.0,95
2023-10-31 03:00:00,18.6,91,0.0,7.0,0.0,46
2023-10-31 04:00:00,18.5,90,0.0,6.5,0.0,39
2023-10-31 05:00:00,18.7,90,0.0,7.0,0.0,2
2023-10-31 06:00:00,19.2,90,0.0,6.3,0.0,0
2023-10-31 07:00:00,20.7,84,40.0,7.7,0.0,0
2023-10-31 08:00:00,23.5,74,189.0,4.0,0.0,0
2023-10-31 09:00:00,26.0,65,367.0,5.4,0.0,0
2023-10-31 10:00:00,28.1,56,519.0,5.9,0.0,0
2023-10-31 11:00:00,29.5,49,621.0,4.4,0.0,0
2023-10-31 12:00:00,30.3,45,660.0,3.1,0.0,0
2023-10-31 13:00:00,30.8,41,631.0,3.1,0.0,6
2023-10-31 14:00:00,31.1,37,517.0,4.3,0.0,23
2023-10-31 15:00:00,30.9,36,379.0,5.4,0.0,40
2023-10-31 16:00:00,30.0,40,206.0,5.0,0.0,55
2023-10-31 17:00:00,26.5,56,58.0,8.7,0.0,54
2023-10-31 18:00:00,25.2,62,0.0,7.1,0.0,96
2023-10-31 19:00:00,24.2,69,0.0,6.5,0.0,94
2023-10-31 20:00:00,23.3,73,0.0,7.9,0.0,64
2023-10-31 21:00:00,22.3,77,0.0,8.4,0.0,7
2023-10-31 22:00:00,21.4,80,0.0,8.9,0.0,1
2023-10-31 23:00:00,20.9,81,0.0,8.4,0.0,0
2023-11-01 00:00:00,20.5,83,0.0,6.8,0.0,0
2023-11-01 01:00:00,20.3,84,0.0,7.1,0.0,0
2023-11-01 02:00:00,20.1,83,0.0,7.8,0.0,0
2023-11-01 03:00:00,19.5,85,0.0,5.9,0.0,0
2023-11-01 04:00:00,18.8,89,0.0,7.3,0.0,0
2023-11-01 05:00:00,19.1,86,0.0,6.3,0.0,0
2023-11-01 06:00:00,20.2,81,0.0,5.1,0.0,0
2023-11-01 07:00:00,20.2,82,39.0,2.1,0.0,0
2023-11-01 08:00:00,22.6,74,186.0,1.9,0.0,0
2023-11-01 09:00:00,25.3,63,362.0,2.4,0.0,0
2023-11-01 10:00:00,27.4,54,514.0,2.8,0.0,0
2023-11-01 11:00:00,28.9,48,617.0,4.2,0.0,0
2023-11-01 12:00:00,29.8,44,657.0,6.2,0.0,0
2023-11-01 13:00:00,30.3,41,629.0,7.6,0.0,0
2023-11-01 14:00:00,30.5,39,537.0,8.7,0.0,0
2023-11-01 15:00:00,30.2,39,391.0,8.3,0.0,0
2023-11-01 16:00:00,29.4,42,216.0,8.0,0.0,0
2023-11-01 17:00:00,26.5,52,57.0,6.6,0.0,0
2023-11-01 18:00:00,25.8,55,0.0,7.6,0.0,0
2023-11-01 19:00:00,24.0,64,0.0,10.2,0.0,1
2023-11-01 20:00:00,23.0,69,0.0,10.8,0.0,2
2023-11-01 21:00:00,22.0,74,0.0,10.4,0.0,2
2023-11-01 22:00:00,21.1,78,0.0,9.5,0.0,1
2023-11-01 23:00:00,20.4,82,0.0,9.7,0.0,1
2023-11-02 00:00:00,20.0,84,0.0,9.4,0.0,1
2023-11-02 01:00:00,20.0,83,0.0,8.6,0.0,0
2023-11-02 02:00:00,21.7,74,0.0,5.9,0.0,0
2023-11-02 03:00:00,21.3,75,0.0,5.1,0.0,19
2023-11-02 04:00:00,21.7,72,0.0,2.5,0.0,0
2023-11-02 05:00:00,19.0,84,0.0,4.3,0.0,8
2023-11-02 06:00:00,19.1,85,0.0,5.4,0.0,1
2023-11-02 07:00:00,19.8,82,38.0,9.0,0.0,0
2023-11-02 08:00:00,22.6,73,184.0,6.1,0.0,0
2023-11-02 09:00:00,25.5,61,359.0,5.9,0.0,1
2023-11-02 10:00:00,27.7,53,510.0,5.6,0.0,0
2023-11-02 11:00:00,29.0,47,611.0,6.8,0.0,0
2023-11-02 12:00:00,29.7,44,649.0,8.9,0.0,0
2023-11-02 13:00:00,30.1,42,612.0,9.4,0.0,1
2023-11-02 14:00:00,30.3,40,523.0,9.5,0.0,5
2023-11-02 15:00:00,30.2,38,375.0,8.4,0.0,6
2023-11-02 16:00:00,29.6,39,199.0,6.1,0.0,26
2023-11-02 17:00:00,26.3,51,51.0,7.1,0.0,8
2023-11-02 18:00:00,24.6,64,0.0,8.7,0.0,5
2023-11-02 19:00:00,23.4,71,0.0,8.8,0.0,0
2023-11-02 20:00:00,22.6,75,0.0,6.8,0.0,1
2023-11-02 21:00:00,21.6,78,0.0,9.3,0.0,0
2023-11-02 22:00:00,21.3,78,0.0,10.5,0.0,2
2023-11-02 23:00:00,21.2,77,0.0,8.6,0.0,0
2023-11-03 00:00:00,19.8,84,0.0,9.3,0.0,0
2023-11-03 01:00:00,19.5,86,0.0,6.4,0.0,0
2023-11-03 02:00:00,18.6,90,0.0,6.6,0.0,0
2023-11-03 03:00:00,18.6,90,0.0,6.5,0.0,0
2023-11-03 04:00:00,18.2,92,0.0,8.6,0.0,0
2023-11-03 05:00:00,17.8,93,0.0,8.8,0.0,0
2023-11-03 06:00:00,17.9,97,0.0,6.2,0.0,0
2023-11-03 07:00:00,18.9,93,37.0,7.6,0.0,0
2023-11-03 08:00:00,21.6,80,181.0,6.3,0.0,0
2023-11-03 09:00:00,24.4,68,355.0,5.4,0.0,0
2023-11-03 10:00:00,26.8,57,507.0,7.2,0.0,0
2023-11-03 11:00:00,28.3,49,608.0,10.4,0.0,0
2023-11-03 12:00:00,27.1,52,650.0,16.8,1.1,39
2023-11-03 13:00:00,27.8,45,412.0,11.2,0.0,10
2023-11-03 14:00:00,28.5,44,497.0,8.1,0.0,2
2023-11-03 15:00:00,28.4,44,378.0,5.8,0.0,1
2023-11-03 16:00:00,27.7,48,209.0,5.9,0.0,3
2023-11-03 17:00:00,25.1,59,53.0,6.6,0.0,16
2023-11-03 18:00:00,22.7,66,0.0,8.5,0.0,20
2023-11-03 19:00:00,22.2,66,0.0,8.6,0.0,2
2023-11-03 20:00:00,21.3,70,0.0,9.7,0.0,0
2023-11-03 21:00:00,20.8,70,0.0,10.7,0.0,23
2023-11-03 22:00:00,20.2,70,0.0,8.4,0.0,63
2023-11-03 23:00:00,18.7,77,0.0,6.2,0.0,13
2023-11-04 00:00:00,17.6,81,0.0,9.0,0.0,0
2023-11-04 01:00:00,17.0,83,0.0,9.4,0.0,0
2023-11-04 02:00:00,16.7,83,0.0,9.4,0.0,0
2023-11-04 03:00:00,17.2,79,0.0,2.4,0.0,0
2023-11-04 04:00:00,16.6,82,0.0,4.1,0.0,0
2023-11-04 05:00:00,15.9,85,0.0,8.9,0.0,0
2023-11-04 06:00:00,17.6,91,0.0,3.7,0.0,22
2023-11-04 07:00:00,18.8,86,36.0,6.1,0.0,4
2023-11-04 08:00:00,21.4,75,180.0,5.8,0.0,3
2023-11-04 09:00:00,23.8,66,356.0,5.4,0.0,11
2023-11-04 10:00:00,25.9,59,507.0,5.5,0.0,5
2023-11-04 11:00:00,27.6,51,608.0,6.1,0.0,3
2023-11-04 12:00:00,28.7,46,646.0,8.0,0.0,5
2023-11-04 13:00:00,29.4,42,618.0,9.4,0.0,17
2023-11-04 14:00:00,29.6,41,531.0,11.7,0.0,11
2023-11-04 15:00:00,29.4,37,352.0,16.0,0.0,15
2023-11-04 16:00:00,28.5,37,184.0,11.4,0.0,33
2023-11-04 17:00:00,25.9,45,46.0,7.6,0.0,78
2023-11-04 18:00:00,23.6,65,0.0,7.2,0.0,8
2023-11-04 19:00:00,22.6,70,0.0,6.4,0.0,54
2023-11-04 20:00:00,21.8,75,0.0,8.6,0.0,100
2023-11-04 21:00:00,23.9,62,0.0,6.6,0.0,99
2023-11-04 22:00:00,21.1,72,0.0,9.1,0.0,53
2023-11-04 23:00:00,19.6,77,0.0,9.7,0.0,76
2023-11-05 00:00:00,19.2,78,0.0,9.4,0.0,3
2023-11-05 01:00:00,20.0,73,0.0,7.4,0.0,0
2023-11-05 02:00:00,17.5,84,0.0,8.4,0.0,0
2023-11-05 03:00:00,17.3,86,0.0,5.6,0.0,0
2023-11-05 04:00:00,16.9,88,0.0,8.6,0.0,0
2023-11-05 05:00:00,16.8,89,0.0,9.1,0.0,0
2023-11-05 06:00:00,17.8,96,0.0,6.8,0.0,2
2023-11-05 07:00:00,18.8,94,36.0,6.6,0.0,0
2023-11-05 08:00:00,21.3,84,179.0,4.3,0.0,0
2023-11-05 09:00:00,24.7,69,364.0,3.4,0.0,0
2023-11-05 10:00:00,27.4,45,516.0,4.7,0.0,0
2023-11-05 11:00:00,28.7,34,618.0,7.3,0.0,0
2023-11-05 12:00:00,29.3,32,657.0,8.4,0.0,0
2023-11-05 13:00:00,29.6,32,629.0,8.7,0.0,0
2023-11-05 14:00:00,29.6,32,536.0,8.6,0.0,0
2023-11-05 15:00:00,29.4,32,389.0,8.3,0.0,0
2023-11-05 16:00:00,28.0,39,211.0,5.2,0.0,0
2023-11-05 17:00:00,24.4,52,53.0,8.4,0.0,0
2023-11-05 18:00:00,22.0,62,0.0,9.9,0.0,0
2023-11-05 19:00:00,21.2,64,0.0,9.2,0.0,0
2023-11-05 20:00:00,21.3,59,0.0,9.7,0.0,0
2023-11-05 21:00:00,21.0,57,0.0,11.3,0.0,0
2023-11-05 22:00:00,22.1,51,0.0,2.9,0.0,0
2023-11-05 23:00:00,22.1,50,0.0,4.7,0.0,0
2023-11-06 00:00:00,18.3,64,0.0,4.3,0.0,0
2023-11-06 01:00:00,16.8,72,0.0,6.5,0.0,0
2023-11-06 02:00:00,19.6,59,0.0,2.2,0.0,0
2023-11-06 03:00:00,19.3,60,0.0,2.7,0.0,0
2023-11-06 04:00:00,19.1,61,0.0,5.1,0.0,0
2023-11-06 05:00:00,15.2,81,0.0,8.0,0.0,0
2023-11-06 06:00:00,15.8,90,0.0,9.4,0.0,0
2023-11-06 07:00:00,17.7,84,34.0,4.4,0.0,0
2023-11-06 08:00:00,21.2,72,180.0,5.1,0.0,0
2023-11-06 09:00:00,24.4,60,358.0,3.8,0.0,0
2023-11-06 10:00:00,26.8,48,511.0,5.4,0.0,0
2023-11-06 11:00:00,28.1,40,612.0,3.6,0.0,0
2023-11-06 12:00:00,28.8,37,650.0,2.7,0.0,0
2023-11-06 13:00:00,29.3,34,621.0,2.9,0.0,0
2023-11-06 14:00:00,29.5,32,528.0,3.9,0.0,0
2023-11-06 15:00:00,29.3,30,382.0,5.1,0.0,0
2023-11-06 16:00:00,27.7,43,207.0,4.4,0.0,0
2023-11-06 17:00:00,23.6,54,51.0,9.5,0.0,0
2023-11-06 18:00:00,23.3,60,0.0,8.3,0.0,2
2023-11-06 19:00:00,22.8,61,0.0,7.0,0.0,44
2023-11-06 20:00:00,20.3,70,0.0,9.4,0.0,8
2023-11-06 21:00:00,19.6,73,0.0,8.1,0.0,1
2023-11-06 22:00:00,18.2,79,0.0,11.4,0.0,0
2023-11-06 23:00:00,18.3,78,0.0,9.7,0.0,0
2023-11-07 00:00:00,17.4,82,0.0,9.5,0.0,0
2023-11-07 01:00:00,17.6,81,0.0,8.3,0.0,23
2023-11-07 02:00:00,17.4,81,0.0,8.9,0.0,45
2023-11-07 03:00:00,18.0,77,0.0,8.0,0.0,0
2023-11-07 04:00:00,16.4,84,0.0,8.7,0.0,0
2023-11-07 05:00:00,18.3,74,0.0,3.7,0.0,0
2023-11-07 06:00:00,16.3,89,0.0,6.1,0.0,0
2023-11-07 07:00:00,18.6,81,32.0,3.9,0.0,0
2023-11-07 08:00:00,21.9,72,172.0,4.1,0.0,0
2023-11-07 09:00:00,25.0,60,346.0,3.6,0.0,0
2023-11-07 10:00:00,27.2,50,495.0,5.6,0.0,0
2023-11-07 11:00:00,28.6,41,595.0,5.8,0.0,0
2023-11-07 12:00:00,29.5,35,634.0,6.1,0.0,0
2023-11-07 13:00:00,30.1,32,606.0,7.2,0.0,0
2023-11-07 14:00:00,30.1,32,515.0,7.8,0.0,0
2023-11-07 15:00:00,29.7,33,372.0,7.7,0.0,0
2023-11-07 16:00:00,28.1,45,200.0,4.8,0.0,0
2023-11-07 17:00:00,24.3,57,48.0,8.7,0.0,0
2023-11-07 18:00:00,22.8,66,0.0,9.4,0.0,0
2023-11-07 19:00:00,22.0,67,0.0,8.6,0.0,0
2023-11-07 20:00:00,20.9,69,0.0,10.9,0.0,0
2023-11-07 21:00:00,20.4,70,0.0,11.0,0.0,0
2023-11-07 22:00:00,19.9,73,0.0,10.4,0.0,0
2023-11-07 23:00:00,19.0,78,0.0,11.4,0.0,0
2023-11-08 00:00:00,20.5,70,0.0,6.2,0.0,0
2023-11-08 01:00:00,19.9,72,0.0,3.7,0.0,0
2023-11-08 02:00:00,19.1,76,0.0,7.0,0.0,0
2023-11-08 03:00:00,17.2,86,0.0,8.9,0.0,22
2023-11-08 04:00:00,16.8,89,0.0,7.2,0.0,3
2023-11-08 05:00:00,18.1,80,0.0,5.7,0.0,19
2023-11-08 06:00:00,18.4,82,0.0,5.9,0.0,0
2023-11-08 07:00:00,18.2,90,31.0,3.3,0.0,1
2023-11-08 08:00:00,20.9,76,169.0,3.3,0.0,0
2023-11-08 09:00:00,23.7,66,341.0,6.3,0.0,0
2023-11-08 10:00:00,25.8,58,488.0,6.0,0.0,0
2023-11-08 11:00:00,27.3,51,589.0,5.4,0.0,0
2023-11-08 12:00:00,28.5,45,629.0,6.1,0.0,0
2023-11-08 13:00:00,29.2,40,603.0,7.4,0.0,0
2023-11-08 14:00:00,29.5,38,513.0,8.7,0.0,5
2023-11-08 15:00:00,29.2,37,370.0,9.2,0.0,26
2023-11-08 16:00:00,27.6,48,200.0,5.1,0.0,15
2023-11-08 17:00:00,24.3,58,47.0,6.6,0.0,24
2023-11-08 18:00:00,24.2,59,0.0,10.3,0.0,10
2023-11-08 19:00:00,22.8,58,0.0,7.9,0.0,17
2023-11-08 20:00:00,22.6,60,0.0,10.2,0.0,6
2023-11-08 21:00:00,21.7,66,0.0,8.4,0.0,28
2023-11-08 22:00:00,20.3,73,0.0,7.1,0.0,11
2023-11-08 23:00:00,19.7,77,0.0,9.2,0.0,2
2023-11-09 00:00:00,22.6,61,0.0,5.4,0.0,0
2023-11-09 01:00:00,20.4,70,0.0,7.2,0.0,0
2023-11-09 02:00:00,17.6,85,0.0,8.4,0.0,0
2023-11-09 03:00:00,17.1,87,0.0,7.2,0.0,0
2023-11-09 04:00:00,17.4,86,0.0,6.7,0.0,0
2023-11-09 05:00:00,17.2,85,0.0,7.2,0.0,0
2023-11-09 06:00:00,16.9,90,0.0,5.8,0.0,0
2023-11-09 07:00:00,18.0,85,29.0,8.3,0.0,0
2023-11-09 08:00:00,20.8,74,165.0,6.2,0.0,0
2023-11-09 09:00:00,23.8,66,336.0,5.3,0.0,0
2023-11-09 10:00:00,26.2,55,484.0,5.7,0.0,0
2023-11-09 11:00:00,27.6,50,585.0,6.9,0.0,2
2023-11-09 12:00:00,28.6,47,625.0,8.0,0.0,5
2023-11-09 13:00:00,29.1,43,588.0,8.9,0.0,9
2023-11-09 14:00:00,29.2,40,477.0,10.3,0.0,14
2023-11-09 15:00:00,29.0,38,353.0,10.3,0.0,7
2023-11-09 16:00:00,27.5,47,193.0,6.3,0.0,3
2023-11-09 17:00:00,24.2,55,45.0,8.0,0.0,22
2023-11-09 18:00:00,24.0,59,0.0,6.8,0.0,17
2023-11-09 19:00:00,23.0,64,0.0,8.1,0.0,10
2023-11-09 20:00:00,24.7,52,0.0,3.2,0.0,8
2023-11-09 21:00:00,20.9,69,0.0,5.9,0.0,2
2023-11-09 22:00:00,20.0,73,0.0,8.6,0.0,2
2023-11-09 23:00:00,19.4,76,0.0,9.8,0.0,2
2023-11-10 00:00:00,18.6,79,0.0,8.7,0.0,27
2023-11-10 01:00:00,18.5,78,0.0,4.0,0.0,42
2023-11-10 02:00:00,19.0,76,0.0,5.0,0.0,10
2023-11-10 03:00:00,19.7,71,0.0,4.0,0.0,12
2023-11-10 04:00:00,17.7,80,0.0,9.2,0.0,6
2023-11-10 05:00:00,17.4,81,0.0,4.6,0.2,56
2023-11-10 06:00:00,18.3,88,0.0,11.6,0.0,65
2023-11-10 07:00:00,19.3,83,23.0,7.1,0.0,70
2023-11-10 08:00:00,20.6,79,113.0,7.1,0.0,9
2023-11-10 09:00:00,22.9,71,322.0,8.3,0.0,64
2023-11-10 10:00:00,24.2,62,370.0,13.7,0.0,45
2023-11-10 11:00:00,26.4,52,535.0,11.6,0.0,72
2023-11-10 12:00:00,24.2,60,346.0,19.5,0.0,21
2023-11-10 13:00:00,23.6,63,525.0,17.1,0.0,27
2023-11-10 14:00:00,24.8,61,410.0,10.5,0.0,69
2023-11-10 15:00:00,24.2,62,250.0,11.5,0.0,32
2023-11-10 16:00:00,23.6,64,108.0,9.7,0.0,51
2023-11-10 17:00:00,22.2,71,35.0,8.2,0.0,43
2023-11-10 18:00:00,19.4,88,0.0,16.3,0.0,29
2023-11-10 19:00:00,18.7,88,0.0,11.1,0.2,30
2023-11-10 20:00:00,17.8,90,0.0,2.3,1.5,95
2023-11-10 21:00:00,17.8,88,0.0,10.0,1.0,19
2023-11-10 22:00:00,16.8,93,0.0,5.0,0.0,2
2023-11-10 23:00:00,16.1,94,0.0,5.8,0.0,0
2023-11-11 00:00:00,15.7,96,0.0,5.8,0.0,0
2023-11-11 01:00:00,16.6,92,0.0,1.1,0.0,0
2023-11-11 02:00:00,15.3,97,0.0,5.2,0.0,0
2023-11-11 03:00:00,15.2,97,0.0,7.7,0.0,0
2023-11-11 04:00:00,14.9,97,0.0,7.7,0.0,0
2023-11-11 05:00:00,14.9,96,0.0,8.6,0.0,0
2023-11-11 06:00:00,15.8,94,0.0,8.5,0.0,8
2023-11-11 07:00:00,16.3,93,26.0,10.1,0.0,0
2023-11-11 08:00:00,17.8,88,157.0,8.6,0.0,0
2023-11-11 09:00:00,19.9,78,327.0,9.4,0.0,0
2023-11-11 10:00:00,22.0,67,476.0,10.0,0.0,0
2023-11-11 11:00:00,23.6,57,577.0,10.9,0.0,0
2023-11-11 12:00:00,24.6,52,616.0,11.6,0.0,0
2023-11-11 13:00:00,25.1,48,589.0,11.6,0.0,0
2023-11-11 14:00:00,25.3,47,499.0,11.0,0.0,0
2023-11-11 15:00:00,25.0,48,358.0,10.5,0.0,0
2023-11-11 16:00:00,24.2,52,189.0,7.4,0.0,1
2023-11-11 17:00:00,20.9,67,43.0,7.7,0.0,0
2023-11-11 18:00:00,20.3,71,0.0,7.4,0.0,0
2023-11-11 19:00:00,19.4,73,0.0,7.7,0.0,0
2023-11-11 20:00:00,18.5,74,0.0,7.1,0.0,0
2023-11-11 21:00:00,17.7,76,0.0,7.0,0.0,0
2023-11-11 22:00:00,17.0,79,0.0,7.3,0.0,0
2023-11-11 23:00:00,16.4,82,0.0,7.1,0.0,0
2023-11-12 00:00:00,15.9,85,0.0,6.9,0.0,0
2023-11-12 01:00:00,15.2,88,0.0,6.1,0.0,0
2023-11-12 02:00:00,14.7,90,0.0,6.0,0.0,0
2023-11-12 03:00:00,14.4,91,0.0,6.3,0.0,0
2023-11-12 04:00:00,14.2,92,0.0,6.5,0.0,0
2023-11-12 05:00:00,13.9,92,0.0,7.3,0.0,0
2023-11-12 06:00:00,14.2,93,0.0,7.9,0.0,0
2023-11-12 07:00:00,14.9,90,26.0,10.0,0.0,0
2023-11-12 08:00:00,17.1,81,160.0,8.4,0.0,0
2023-11-12 09:00:00,19.5,72,333.0,8.2,0.0,0
2023-11-12 10:00:00,21.7,64,484.0,9.4,0.0,0
2023-11-12 11:00:00,23.4,55,586.0,11.4,0.0,0
2023-11-12 12:00:00,24.4,50,625.0,11.4,0.0,0
2023-11-12 13:00:00,25.0,48,597.0,10.9,0.0,0
2023-11-12 14:00:00,25.1,48,506.0,10.5,0.0,0
2023-11-12 15:00:00,25.0,47,362.0,10.2,0.0,0
2023-11-12 16:00:00,24.0,53,191.0,7.6,0.0,0
2023-11-12 17:00:00,20.9,66,43.0,6.6,0.0,0
2023-11-12 18:00:00,20.5,67,0.0,8.2,0.0,0
2023-11-12 19:00:00,19.2,72,0.0,7.2,0.0,0
2023-11-12 20:00:00,17.9,78,0.0,6.7,0.0,0
2023-11-12 21:00:00,17.3,80,0.0,6.3,0.0,0
2023-11-12 22:00:00,16.9,81,0.0,6.6,0.0,0
2023-11-12 23:00:00,16.4,83,0.0,7.0,0.0,0
2023-11-13 00:00:00,15.9,84,0.0,7.2,0.0,0
2023-11-13 01:00:00,15.3,86,0.0,7.0,0.0,0
2023-11-13 02:00:00,14.5,89,0.0,5.8,0.0,0
2023-11-13 03:00:00,13.7,92,0.0,6.4,0.0,0
2023-11-13 04:00:00,13.4,92,0.0,5.4,0.0,0
2023-11-13 05:00:00,13.2,92,0.0,4.7,0.0,0
2023-11-13 06:00:00,13.5,94,0.0,5.0,0.0,0
2023-11-13 07:00:00,14.6,90,26.0,6.4,0.0,0
2023-11-13 08:00:00,17.2,81,159.0,5.1,0.0,24
2023-11-13 09:00:00,20.0,71,330.0,4.5,0.0,0
2023-11-13 10:00:00,22.5,62,480.0,5.8,0.0,1
2023-11-13 11:00:00,24.1,52,581.0,6.1,0.0,34
2023-11-13 12:00:00,25.0,48,618.0,5.4,0.0,97
2023-11-13 13:00:00,25.5,46,589.0,5.8,0.0,100
2023-11-13 14:00:00,25.6,45,493.0,6.5,0.0,99
2023-11-13 15:00:00,25.2,46,349.0,6.7,0.0,100
2023-11-13 16:00:00,24.2,52,182.0,4.6,0.0,100
2023-11-13 17:00:00,22.5,57,41.0,5.6,0.0,100
2023-11-13 18:00:00,20.4,72,0.0,7.9,0.0,100
2023-11-13 19:00:00,19.5,77,0.0,7.0,0.0,100
2023-11-13 20:00:00,18.5,80,0.0,7.9,0.0,100
2023-11-13 21:00:00,18.0,81,0.0,7.1,0.0,99
2023-11-13 22:00:00,16.9,85,0.0,9.8,0.0,100
2023-11-13 23:00:00,16.2,87,0.0,9.3,0.0,100
2023-11-14 00:00:00,15.9,87,0.0,9.3,0.0,100
2023-11-14 01:00:00,16.0,85,0.0,7.6,0.0,100
2023-11-14 02:00:00,15.6,86,0.0,8.7,0.0,100
2023-11-14 03:00:00,15.7,83,0.0,8.0,0.0,100
2023-11-14 04:00:00,15.3,84,0.0,7.9,0.0,100
2023-11-14 05:00:00,14.1,89,0.0,8.9,0.0,100
2023-11-14 06:00:00,14.3,91,0.0,8.4,0.0,100
2023-11-14 07:00:00,15.8,84,23.0,5.0,0.0,100
2023-11-14 08:00:00,18.0,76,135.0,6.0,0.0,100
2023-11-14 09:00:00,20.3,68,259.0,5.8,0.0,100
2023-11-14 10:00:00,22.5,62,402.0,5.6,0.0,100
2023-11-14 11:00:00,24.0,52,476.0,5.7,0.0,100
2023-11-14 12:00:00,24.8,45,518.0,6.9,0.0,100
2023-11-14 13:00:00,25.1,43,470.0,8.4,0.0,100
2023-11-14 14:00:00,25.2,43,428.0,8.5,0.0,86
2023-11-14 15:00:00,25.0,44,325.0,8.9,0.0,33
2023-11-14 16:00:00,23.9,50,176.0,6.2,0.0,28
2023-11-14 17:00:00,20.4,64,41.0,7.6,0.0,19
2023-11-14 18:00:00,19.0,71,0.0,8.2,0.0,94
2023-11-14 19:00:00,18.2,76,0.0,8.2,0.0,99
2023-11-14 20:00:00,17.5,76,0.0,9.1,0.0,99
2023-11-14 21:00:00,16.6,78,0.0,9.8,0.0,100
2023-11-14 22:00:00,16.0,79,0.0,9.2,0.0,1
2023-11-14 23:00:00,15.8,79,0.0,6.7,0.0,64
2023-11-15 00:00:00,15.1,82,0.0,6.2,0.0,0
2023-11-15 01:00:00,14.3,87,0.0,6.1,0.0,0
2023-11-15 02:00:00,14.0,87,0.0,5.9,0.0,0
2023-11-15 03:00:00,13.7,88,0.0,6.5,0.0,0
2023-11-15 04:00:00,13.5,89,0.0,7.2,0.0,0
2023-11-15 05:00:00,13.1,91,0.0,7.6,0.0,0
2023-11-15 06:00:00,13.4,91,0.0,6.9,0.0,0
2023-11-15 07:00:00,14.1,88,24.0,9.0,0.0,0
2023-11-15 08:00:00,16.7,79,155.0,8.8,0.0,0
2023-11-15 09:00:00,19.5,70,326.0,7.4,0.0,0
2023-11-15 10:00:00,22.0,62,476.0,8.3,0.0,0
2023-11-15 11:00:00,23.9,54,577.0,9.9,0.0,0
2023-11-15 12:00:00,24.9,48,618.0,10.2,0.0,0
2023-11-15 13:00:00,25.5,44,591.0,8.9,0.0,0
2023-11-15 14:00:00,25.7,42,500.0,8.1,0.0,0
2023-11-15 15:00:00,25.4,42,357.0,7.9,0.0,0
2023-11-15 16:00:00,24.2,49,186.0,5.4,0.0,0
2023-11-15 17:00:00,20.1,65,40.0,9.5,0.0,0
2023-11-15 18:00:00,19.7,71,0.0,7.7,0.0,0
2023-11-15 19:00:00,18.5,76,0.0,7.7,0.0,0
2023-11-15 20:00:00,17.6,77,0.0,7.6,0.0,0
2023-11-15 21:00:00,17.1,78,0.0,6.5,0.0,0
2023-11-15 22:00:00,16.1,82,0.0,7.7,0.0,0
2023-11-15 23:00:00,15.4,84,0.0,8.5,0.0,0
2023-11-16 00:00:00,15.2,84,0.0,8.3,0.0,0
2023-11-16 01:00:00,14.6,86,0.0,8.1,0.0,0
2023-11-16 02:00:00,14.2,88,0.0,7.6,0.0,0
2023-11-16 03:00:00,13.8,89,0.0,7.6,0.0,0
2023-11-16 04:00:00,13.2,92,0.0,8.6,0.0,0
2023-11-16 05:00:00,13.0,91,0.0,8.1,0.0,0
2023-11-16 06:00:00,13.1,91,0.0,7.5,0.0,0
2023-11-16 07:00:00,14.5,86,22.0,4.2,0.0,0
2023-11-16 08:00:00,17.1,76,149.0,4.5,0.0,0
2023-11-16 09:00:00,20.2,66,317.0,3.3,0.0,0
2023-11-16 10:00:00,22.7,57,465.0,3.9,0.0,0
2023-11-16 11:00:00,24.4,53,566.0,3.6,0.0,0
2023-11-16 12:00:00,25.4,48,606.0,3.3,0.0,0
2023-11-16 13:00:00,26.0,44,578.0,4.2,0.0,0
2023-11-16 14:00:00,26.2,42,488.0,5.3,0.0,0
2023-11-16 15:00:00,26.0,42,347.0,6.4,0.0,0
2023-11-16 16:00:00,24.9,49,179.0,4.6,0.0,0
2023-11-16 17:00:00,21.9,60,38.0,7.9,0.0,0
2023-11-16 18:00:00,23.1,58,0.0,3.5,0.0,0
2023-11-16 19:00:00,21.7,66,0.0,4.3,0.0,0
2023-11-16 20:00:00,21.6,67,0.0,6.2,0.0,0
2023-11-16 21:00:00,21.7,65,0.0,6.5,0.0,0
2023-11-16 22:00:00,21.1,66,0.0,4.3,0.0,0
2023-11-16 23:00:00,18.2,79,0.0,7.2,0.0,0
2023-11-17 00:00:00,16.0,89,0.0,9.2,0.0,0
2023-11-17 01:00:00,17.2,83,0.0,7.3,0.0,0
2023-11-17 02:00:00,17.4,82,0.0,5.2,0.0,0
2023-11-17 03:00:00,16.1,87,0.0,4.8,0.0,0
2023-11-17 04:00:00,15.0,91,0.0,4.7,0.0,0
2023-11-17 05:00:00,14.5,93,0.0,4.7,0.0,0
2023-11-17 06:00:00,14.3,94,0.0,6.9,0.0,0
2023-11-17 07:00:00,15.4,94,21.0,3.9,0.0,0
2023-11-17 08:00:00,18.4,82,143.0,2.1,0.0,0
2023-11-17 09:00:00,21.5,72,308.0,2.5,0.0,0
2023-11-17 10:00:00,24.0,63,456.0,4.1,0.0,0
2023-11-17 11:00:00,25.5,54,557.0,4.6,0.0,0
2023-11-17 12:00:00,26.3,47,584.0,5.7,0.0,5
2023-11-17 13:00:00,26.8,44,552.0,7.2,0.0,30
2023-11-17 14:00:00,26.8,44,462.0,6.9,0.0,7
2023-11-17 15:00:00,26.6,44,324.0,6.4,0.0,16
2023-11-17 16:00:00,25.5,50,168.0,5.1,0.0,13
2023-11-17 17:00:00,22.5,62,37.0,7.6,0.0,0
2023-11-17 18:00:00,24.0,55,0.0,5.0,0.0,5
2023-11-17 19:00:00,21.2,68,0.0,7.9,0.0,11
2023-11-17 20:00:00,19.7,72,0.0,9.9,0.0,12
2023-11-17 21:00:00,19.7,70,0.0,8.3,0.0,0
2023-11-17 22:00:00,18.3,78,0.0,8.0,0.0,0
2023-11-17 23:00:00,18.2,79,0.0,6.4,0.0,0
2023-11-18 00:00:00,16.8,85,0.0,5.7,0.0,0
2023-11-18 01:00:00,16.9,82,0.0,5.9,0.0,0
2023-11-18 02:00:00,16.3,85,0.0,6.6,0.0,0
2023-11-18 03:00:00,15.7,88,0.0,6.0,0.0,0
2023-11-18 04:00:00,15.5,89,0.0,7.1,0.0,0
2023-11-18 05:00:00,14.8,93,0.0,6.5,0.0,0
2023-11-18 06:00:00,14.6,94,0.0,5.9,0.0,0
2023-11-18 07:00:00,15.1,93,20.0,6.6,0.0,0
2023-11-18 08:00:00,17.7,83,141.0,4.2,0.0,0
2023-11-18 09:00:00,21.0,72,306.0,1.5,0.0,0
2023-11-18 10:00:00,23.6,60,453.0,1.6,0.0,7
2023-11-18 11:00:00,25.1,51,552.0,1.6,0.0,32
2023-11-18 12:00:00,25.9,47,574.0,5.8,0.0,13
2023-11-18 13:00:00,26.2,44,564.0,7.6,0.0,40
2023-11-18 14:00:00,26.2,44,474.0,8.0,0.0,46
2023-11-18 15:00:00,25.8,43,329.0,7.7,0.0,24
2023-11-18 16:00:00,24.8,48,172.0,6.5,0.0,3
2023-11-18 17:00:00,21.5,60,37.0,8.0,0.0,0
2023-11-18 18:00:00,20.6,67,0.0,8.0,0.0,3
2023-11-18 19:00:00,21.2,62,0.0,4.5,0.0,7
2023-11-18 20:00:00,19.3,70,0.0,3.7,0.0,0
2023-11-18 21:00:00,18.9,72,0.0,4.6,0.0,1
2023-11-18 22:00:00,18.2,75,0.0,7.0,0.0,3
2023-11-18 23:00:00,17.1,79,0.0,6.9,0.0,7
2023-11-19 00:00:00,16.5,80,0.0,6.8,0.0,3
2023-11-19 01:00:00,16.0,81,0.0,6.1,0.0,0
2023-11-19 02:00:00,15.8,82,0.0,6.2,0.0,0
2023-11-19 03:00:00,15.4,84,0.0,6.3,0.0,0
2023-11-19 04:00:00,14.6,88,0.0,6.2,0.0,0
2023-11-19 05:00:00,13.9,91,0.0,7.7,0.0,0
2023-11-19 06:00:00,14.1,92,0.0,4.8,0.0,2
2023-11-19 07:00:00,15.4,90,19.0,2.5,0.0,0
2023-11-19 08:00:00,18.6,78,140.0,1.0,0.0,3
2023-11-19 09:00:00,21.8,64,303.0,1.1,0.0,5
2023-11-19 10:00:00,23.8,55,447.0,2.9,0.0,0
2023-11-19 11:00:00,25.1,50,547.0,9.6,0.0,11
2023-11-19 12:00:00,25.5,47,559.0,10.5,0.0,22
2023-11-19 13:00:00,25.7,46,549.0,10.4,0.0,20
2023-11-19 14:00:00,25.6,45,473.0,9.3,0.0,17
2023-11-19 15:00:00,25.4,46,336.0,8.0,0.0,8
2023-11-19 16:00:00,24.6,50,171.0,5.1,0.0,3
2023-11-19 17:00:00,21.4,63,35.0,8.0,0.0,1
2023-11-19 18:00:00,20.9,58,0.0,7.1,0.0,6
2023-11-19 19:00:00,22.0,51,0.0,2.8,0.0,0
2023-11-19 20:00:00,20.7,57,0.0,2.0,0.0,0
2023-11-19 21:00:00,20.3,60,0.0,1.6,0.0,0
2023-11-19 22:00:00,19.8,61,0.0,2.2,0.0,0
2023-11-19 23:00:00,19.7,59,0.0,2.6,0.0,0
2023-11-20 00:00:00,19.9,56,0.0,3.4,0.0,0
2023-11-20 01:00:00,20.1,54,0.0,2.7,0.0,0
2023-11-20 02:00:00,19.7,55,0.0,1.8,0.0,0
2023-11-20 03:00:00,16.7,67,0.0,4.0,0.0,0
2023-11-20 04:00:00,14.5,80,0.0,5.8,0.0,0
2023-11-20 05:00:00,13.4,89,0.0,7.2,0.0,0
2023-11-20 06:00:00,13.6,92,0.0,6.1,0.0,0
2023-11-20 07:00:00,14.7,90,18.0,4.3,0.0,0
2023-11-20 08:00:00,17.4,78,139.0,5.0,0.0,0
2023-11-20 09:00:00,20.5,67,304.0,3.6,0.0,0
2023-11-20 10:00:00,22.9,56,452.0,4.3,0.0,0
2023-11-20 11:00:00,24.4,47,555.0,6.4,0.0,0
2023-11-20 12:00:00,25.2,43,595.0,8.4,0.0,0
2023-11-20 13:00:00,25.5,42,570.0,9.4,0.0,0
2023-11-20 14:00:00,25.5,42,481.0,9.9,0.0,0
2023-11-20 15:00:00,25.2,43,340.0,10.2,0.0,0
2023-11-20 16:00:00,24.2,47,175.0,7.1,0.0,0
2023-11-20 17:00:00,20.3,64,36.0,9.2,0.0,0
2023-11-20 18:00:00,19.3,71,0.0,9.0,0.0,0
2023-11-20 19:00:00,18.4,75,0.0,9.2,0.0,0
2023-11-20 20:00:00,18.3,75,0.0,8.2,0.0,0
2023-11-20 21:00:00,18.0,75,0.0,7.8,0.0,0
2023-11-20 22:00:00,17.0,78,0.0,8.5,0.0,0
2023-11-20 23:00:00,16.4,81,0.0,8.9,0.0,0
2023-11-21 00:00:00,15.6,85,0.0,8.6,0.0,0
2023-11-21 01:00:00,14.8,89,0.0,7.7,0.0,0
2023-11-21 02:00:00,13.9,91,0.0,8.1,0.0,0
2023-11-21 03:00:00,14.0,90,0.0,5.1,0.0,0
2023-11-21 04:00:00,13.8,91,0.0,6.1,0.0,0
2023-11-21 05:00:00,13.5,92,0.0,6.5,0.0,0
2023-11-21 06:00:00,13.6,92,0.0,5.4,0.0,0
2023-11-21 07:00:00,14.2,90,18.0,7.7,0.0,0
2023-11-21 08:00:00,16.7,80,138.0,9.0,0.0,0
2023-11-21 09:00:00,19.4,68,304.0,6.9,0.0,0
2023-11-21 10:00:00,21.9,60,453.0,7.3,0.0,0
2023-11-21 11:00:00,23.9,52,556.0,9.2,0.0,0
2023-11-21 12:00:00,24.9,45,596.0,13.2,0.0,13
2023-11-21 13:00:00,25.2,43,569.0,15.5,0.0,40
2023-11-21 14:00:00,25.2,42,476.0,16.3,0.0,33
2023-11-21 15:00:00,24.8,43,339.0,16.1,0.0,6
2023-11-21 16:00:00,23.8,48,176.0,13.1,0.0,0
2023-11-21 17:00:00,21.3,57,35.0,10.7,0.0,0
2023-11-21 18:00:00,20.4,66,0.0,11.7,0.0,0
2023-11-21 19:00:00,19.5,69,0.0,12.7,0.0,0
2023-11-21 20:00:00,18.8,68,0.0,12.8,0.0,0
2023-11-21 21:00:00,18.2,67,0.0,12.3,0.0,0
2023-11-21 22:00:00,17.4,69,0.0,12.1,0.0,0
2023-11-21 23:00:00,16.7,71,0.0,12.7,0.0,0
2023-11-22 00:00:00,16.2,71,0.0,12.9,0.0,0
2023-11-22 01:00:00,15.6,71,0.0,12.3,0.0,0
2023-11-22 02:00:00,15.0,72,0.0,11.7,0.0,0
2023-11-22 03:00:00,14.5,73,0.0,11.5,0.0,0
2023-11-22 04:00:00,14.0,74,0.0,11.0,0.0,0
2023-11-22 05:00:00,13.6,76,0.0,10.9,0.0,0
2023-11-22 06:00:00,13.1,80,0.0,11.4,0.0,0
2023-11-22 07:00:00,13.4,79,17.0,12.3,0.0,0
2023-11-22 08:00:00,15.7,71,139.0,12.6,0.0,0
2023-11-22 09:00:00,18.3,62,307.0,11.5,0.0,0
2023-11-22 10:00:00,20.8,55,456.0,12.0,0.0,0
2023-11-22 11:00:00,22.8,49,559.0,13.0,0.0,0
2023-11-22 12:00:00,24.0,44,600.0,13.8,0.0,0
2023-11-22 13:00:00,24.6,43,575.0,13.6,0.0,0
2023-11-22 14:00:00,24.8,42,487.0,13.4,0.0,0
2023-11-22 15:00:00,24.4,43,346.0,13.5,0.0,0
2023-11-22 16:00:00,23.2,48,178.0,10.5,0.0,0
2023-11-22 17:00:00,20.4,58,36.0,7.9,0.0,0
2023-11-22 18:00:00,19.3,63,0.0,7.2,0.0,0
2023-11-22 19:00:00,17.8,70,0.0,8.1,0.0,0
2023-11-22 20:00:00,16.4,77,0.0,9.5,0.0,0
2023-11-22 21:00:00,15.6,81,0.0,10.5,0.0,0
2023-11-22 22:00:00,15.7,78,0.0,9.5,0.0,0
2023-11-22 23:00:00,15.6,77,0.0,8.4,0.0,0
2023-11-23 00:00:00,15.5,76,0.0,7.2,0.0,0
2023-11-23 01:00:00,15.6,75,0.0,6.1,0.0,0
2023-11-23 02:00:00,14.9,77,0.0,6.2,0.0,0
2023-11-23 03:00:00,13.2,85,0.0,7.6,0.0,0
2023-11-23 04:00:00,12.8,86,0.0,6.8,0.0,0
2023-11-23 05:00:00,11.7,91,0.0,7.6,0.0,0
2023-11-23 06:00:00,11.3,95,0.0,5.2,0.0,0
2023-11-23 07:00:00,11.9,95,16.0,5.2,0.0,0
2023-11-23 08:00:00,15.0,83,136.0,3.7,0.0,0
2023-11-23 09:00:00,18.6,69,303.0,1.1,0.0,0
2023-11-23 10:00:00,21.3,58,452.0,1.6,0.0,0
2023-11-23 11:00:00,23.0,50,555.0,3.7,0.0,0
2023-11-23 12:00:00,24.0,46,597.0,2.5,0.0,0
2023-11-23 13:00:00,24.5,44,573.0,1.6,0.0,0
2023-11-23 14:00:00,24.8,43,484.0,0.7,0.0,0
2023-11-23 15:00:00,24.6,43,343.0,0.0,0.0,0
2023-11-23 16:00:00,23.9,45,176.0,1.1,0.0,0
2023-11-23 17:00:00,22.7,50,35.0,3.4,0.0,0
2023-11-23 18:00:00,19.1,68,0.0,7.7,0.0,0
2023-11-23 19:00:00,19.5,65,0.0,6.3,0.0,0
2023-11-23 20:00:00,17.8,71,0.0,7.9,0.0,0
2023-11-23 21:00:00,17.2,71,0.0,8.4,0.0,0
2023-11-23 22:00:00,15.5,78,0.0,9.0,0.0,0
2023-11-23 23:00:00,15.4,77,0.0,8.0,0.0,0
2023-11-24 00:00:00,14.8,80,0.0,9.8,0.0,0
2023-11-24 01:00:00,14.2,84,0.0,10.0,0.0,0
2023-11-24 02:00:00,13.4,87,0.0,8.9,0.0,0
2023-11-24 03:00:00,13.4,87,0.0,7.4,0.0,0
2023-11-24 04:00:00,15.1,78,0.0,5.6,0.0,0
2023-11-24 05:00:00,15.6,76,0.0,4.9,0.0,0
2023-11-24 06:00:00,15.2,77,0.0,3.4,0.0,0
2023-11-24 07:00:00,14.9,78,15.0,2.5,0.0,0
2023-11-24 08:00:00,16.3,75,132.0,1.6,0.0,0
2023-11-24 09:00:00,19.7,64,297.0,0.5,0.0,0
2023-11-24 10:00:00,22.3,55,445.0,0.0,0.0,0
2023-11-24 11:00:00,23.8,49,547.0,1.3,0.0,0
2023-11-24 12:00:00,24.6,46,588.0,4.5,0.0,0
2023-11-24 13:00:00,25.1,45,564.0,6.8,0.0,26
2023-11-24 14:00:00,25.1,44,477.0,7.9,0.0,18
2023-11-24 15:00:00,24.8,44,339.0,7.4,0.0,4
2023-11-24 16:00:00,23.5,53,174.0,4.2,0.0,0
2023-11-24 17:00:00,20.0,66,35.0,7.4,0.0,0
2023-11-24 18:00:00,20.0,67,0.0,6.6,0.0,83
2023-11-24 19:00:00,18.3,75,0.0,7.4,0.0,62
2023-11-24 20:00:00,17.0,82,0.0,7.9,0.0,0
2023-11-24 21:00:00,16.5,82,0.0,8.4,0.0,0
2023-11-24 22:00:00,15.9,81,0.0,8.7,0.0,0
2023-11-24 23:00:00,15.0,83,0.0,9.7,0.0,23
2023-11-25 00:00:00,14.0,86,0.0,10.0,0.0,2
2023-11-25 01:00:00,13.5,86,0.0,9.7,0.0,75
2023-11-25 02:00:00,13.4,87,0.0,7.3,0.0,0
2023-11-25 03:00:00,13.3,89,0.0,6.9,0.0,0
2023-11-25 04:00:00,12.9,91,0.0,6.5,0.0,0
2023-11-25 05:00:00,12.6,92,0.0,6.5,0.0,0
2023-11-25 06:00:00,12.4,94,0.0,5.9,0.0,43
2023-11-25 07:00:00,12.6,94,15.0,5.8,0.0,0
2023-11-25 08:00:00,15.2,83,130.0,6.8,0.0,1
2023-11-25 09:00:00,18.5,71,296.0,5.8,0.0,0
2023-11-25 10:00:00,21.5,60,445.0,5.9,0.0,18
2023-11-25 11:00:00,23.5,51,547.0,6.4,0.0,100
2023-11-25 12:00:00,24.7,44,583.0,7.0,0.0,3
2023-11-25 13:00:00,25.2,41,566.0,6.7,0.0,18
2023-11-25 14:00:00,25.3,40,478.0,6.9,0.0,100
2023-11-25 15:00:00,24.9,40,308.0,6.6,0.0,57
2023-11-25 16:00:00,23.4,52,173.0,3.8,0.0,21
2023-11-25 17:00:00,20.6,58,34.0,6.6,0.0,49
2023-11-25 18:00:00,21.2,59,0.0,4.8,0.0,100
2023-11-25 19:00:00,20.4,62,0.0,4.0,0.0,100
2023-11-25 20:00:00,20.5,60,0.0,3.6,0.0,99
2023-11-25 21:00:00,19.9,62,0.0,1.3,0.0,100
2023-11-25 22:00:00,19.4,64,0.0,3.8,0.0,74
2023-11-25 23:00:00,16.3,77,0.0,6.4,0.0,97
2023-11-26 00:00:00,15.4,82,0.0,7.6,0.0,99
2023-11-26 01:00:00,16.0,80,0.0,6.4,0.0,100
2023-11-26 02:00:00,16.3,78,0.0,6.4,0.0,100
2023-11-26 03:00:00,15.2,84,0.0,7.1,0.0,100
2023-11-26 04:00:00,14.3,90,0.0,8.1,0.0,100
2023-11-26 05:00:00,14.2,90,0.0,7.4,0.0,100
2023-11-26 06:00:00,14.3,89,0.0,6.5,0.0,100
2023-11-26 07:00:00,14.9,85,10.0,7.4,0.0,100
2023-11-26 08:00:00,17.3,74,110.0,9.6,0.0,93
2023-11-26 09:00:00,20.1,65,261.0,8.3,0.0,100
2023-11-26 10:00:00,22.2,58,375.0,8.7,0.0,100
2023-11-26 11:00:00,23.8,50,449.0,8.4,0.0,100
2023-11-26 12:00:00,24.8,45,478.0,7.5,0.0,100
2023-11-26 13:00:00,25.2,41,420.0,7.1,0.0,100
2023-11-26 14:00:00,25.5,40,399.0,8.6,0.0,100
2023-11-26 15:00:00,25.1,41,275.0,11.2,0.0,100
2023-11-26 16:00:00,23.8,47,103.0,7.8,0.0,100
2023-11-26 17:00:00,21.2,57,27.0,7.0,0.0,100
2023-11-26 18:00:00,20.3,66,0.0,7.4,0.0,100
2023-11-26 19:00:00,19.2,72,0.0,7.4,0.0,100
2023-11-26 20:00:00,18.7,73,0.0,7.9,0.0,100
2023-11-26 21:00:00,18.4,73,0.0,8.3,0.0,100
2023-11-26 22:00:00,18.1,74,0.0,7.8,0.0,100
2023-11-26 23:00:00,17.3,77,0.0,6.2,0.0,100
2023-11-27 00:00:00,17.1,77,0.0,7.0,0.0,100
2023-11-27 01:00:00,16.3,81,0.0,5.7,0.0,100
2023-11-27 02:00:00,16.2,82,0.0,5.8,0.0,100
2023-11-27 03:00:00,16.1,82,0.0,5.7,0.0,100
2023-11-27 04:00:00,15.9,85,0.0,5.8,0.0,100
2023-11-27 05:00:00,17.0,79,0.0,4.4,0.0,100
2023-11-27 06:00:00,16.5,83,0.0,6.6,0.0,100
2023-11-27 07:00:00,16.7,83,4.0,7.7,0.0,100
2023-11-27 08:00:00,17.7,79,41.0,10.0,0.0,100
2023-11-27 09:00:00,18.8,76,88.0,7.9,0.0,100
2023-11-27 10:00:00,19.7,72,121.0,8.7,0.0,100
2023-11-27 11:00:00,20.0,73,134.0,8.3,0.9,63
2023-11-27 12:00:00,22.4,64,391.0,9.8,0.0,99
2023-11-27 13:00:00,23.9,47,356.0,18.0,0.0,42
2023-11-27 14:00:00,24.0,43,432.0,23.2,0.0,100
2023-11-27 15:00:00,23.4,46,234.0,22.3,0.0,100
2023-11-27 16:00:00,22.0,54,103.0,15.8,0.4,53
2023-11-27 17:00:00,19.4,70,30.0,7.9,0.7,99
2023-11-27 18:00:00,18.1,82,0.0,16.6,0.2,100
2023-11-27 19:00:00,17.4,90,0.0,5.2,0.3,93
2023-11-27 20:00:00,17.1,92,0.0,6.1,0.0,92
2023-11-27 21:00:00,16.7,90,0.0,15.8,0.1,68
2023-11-27 22:00:00,17.0,86,0.0,16.6,0.1,59
2023-11-27 23:00:00,15.7,93,0.0,7.4,1.3,60
2023-11-28 00:00:00,15.8,93,0.0,5.7,0.1,57
2023-11-28 01:00:00,15.8,93,0.0,7.1,0.0,45
2023-11-28 02:00:00,15.4,95,0.0,5.5,0.2,100
2023-11-28 03:00:00,15.1,96,0.0,5.3,0.0,72
2023-11-28 04:00:00,15.1,96,0.0,4.9,0.0,100
2023-11-28 05:00:00,15.9,95,0.0,5.2,0.1,100
2023-11-28 06:00:00,15.6,94,0.0,4.6,0.0,28
2023-11-28 07:00:00,15.3,97,10.0,2.9,0.0,26
2023-11-28 08:00:00,17.1,88,106.0,4.2,0.0,38
2023-11-28 09:00:00,18.6,80,154.0,6.4,0.0,22
2023-11-28 10:00:00,20.2,67,272.0,10.2,0.0,100
2023-11-28 11:00:00,19.6,72,220.0,8.0,0.4,86
2023-11-28 12:00:00,18.4,86,108.0,6.2,1.8,100
2023-11-28 13:00:00,18.8,83,158.0,3.4,0.6,98
2023-11-28 14:00:00,19.7,78,200.0,5.4,0.0,34
2023-11-28 15:00:00,20.6,72,275.0,4.4,0.0,6
2023-11-28 16:00:00,20.2,74,152.0,5.4,0.0,25
2023-11-28 17:00:00,17.9,88,28.0,6.0,0.0,24
2023-11-28 18:00:00,18.1,90,0.0,6.5,0.0,34
2023-11-28 19:00:00,17.8,92,0.0,5.5,0.0,47
2023-11-28 20:00:00,17.7,94,0.0,7.1,0.0,25
2023-11-28 21:00:00,17.2,96,0.0,8.1,0.0,15
2023-11-28 22:00:00,16.7,96,0.0,7.0,0.0,16
2023-11-28 23:00:00,15.9,97,0.0,5.7,0.0,13
2023-11-29 00:00:00,15.2,98,0.0,7.2,0.0,9
2023-11-29 01:00:00,14.7,98,0.0,7.3,0.0,11
2023-11-29 02:00:00,14.3,98,0.0,7.4,0.0,13
2023-11-29 03:00:00,13.9,98,0.0,8.7,0.0,14
2023-11-29 04:00:00,13.7,98,0.0,7.7,0.0,7
2023-11-29 05:00:00,13.4,98,0.0,8.4,0.0,1
2023-11-29 06:00:00,13.9,97,0.0,8.2,0.0,0
2023-11-29 07:00:00,14.1,98,11.0,6.9,0.0,1
2023-11-29 08:00:00,16.5,90,116.0,6.6,0.0,2
2023-11-29 09:00:00,19.0,80,274.0,5.4,0.0,4
2023-11-29 10:00:00,21.6,68,411.0,6.2,0.0,6
2023-11-29 11:00:00,23.3,58,502.0,7.4,0.0,5
2023-11-29 12:00:00,24.2,53,536.0,7.9,0.0,21
2023-11-29 13:00:00,24.4,52,476.0,8.7,0.0,23
2023-11-29 14:00:00,24.3,52,404.0,7.9,0.0,16
2023-11-29 15:00:00,24.1,52,294.0,6.4,0.0,8
2023-11-29 16:00:00,23.3,57,156.0,3.5,0.0,22
2023-11-29 17:00:00,22.4,58,30.0,4.9,0.0,12
2023-11-29 18:00:00,19.0,82,0.0,5.5,0.1,42
2023-11-29 19:00:00,18.1,87,0.0,4.2,0.3,31
2023-11-29 20:00:00,17.7,88,0.0,2.5,0.0,34
2023-11-29 21:00:00,18.3,84,0.0,0.8,0.0,26
2023-11-29 22:00:00,18.3,83,0.0,3.6,0.0,29
2023-11-29 23:00:00,16.1,91,0.0,8.1,0.0,31
2023-11-30 00:00:00,17.7,84,0.0,3.3,0.0,12
2023-11-30 01:00:00,17.5,85,0.0,3.6,0.0,19
2023-11-30 02:00:00,16.4,90,0.0,5.4,0.0,6
2023-11-30 03:00:00,15.0,94,0.0,7.2,0.0,5
2023-11-30 04:00:00,14.2,96,0.0,8.0,0.0,8
2023-11-30 05:00:00,14.1,96,0.0,6.5,0.0,2
2023-11-30 06:00:00,15.9,94,0.0,1.8,0.0,58
2023-11-30 07:00:00,15.6,90,8.0,7.6,0.1,52
2023-11-30 08:00:00,17.0,89,96.0,8.7,0.0,26
2023-11-30 09:00:00,18.2,84,226.0,13.3,0.1,55
2023-11-30 10:00:00,19.2,74,304.0,8.6,0.1,59
2023-11-30 11:00:00,20.9,69,384.0,9.4,0.0,49
2023-11-30 12:00:00,21.3,68,433.0,9.7,0.6,66
2023-11-30 13:00:00,21.7,66,344.0,10.4,0.0,56
2023-11-30 14:00:00,21.6,66,366.0,11.0,0.0,33
2023-11-30 15:00:00,21.4,66,254.0,11.5,0.0,12
2023-11-30 16:00:00,20.9,68,148.0,10.8,0.0,10
2023-11-30 17:00:00,19.2,77,29.0,8.7,0.0,20
2023-11-30 18:00:00,18.6,84,0.0,7.3,0.1,27
2023-11-30 19:00:00,17.5,91,0.0,4.8,0.0,35
2023-11-30 20:00:00,16.4,95,0.0,6.1,0.0,40
2023-11-30 21:00:00,16.3,95,0.0,5.5,0.0,19
2023-11-30 22:00:00,15.9,95,0.0,6.3,0.0,24
2023-11-30 23:00:00,15.0,97,0.0,7.5,0.0,37
2023-12-01 00:00:00,14.9,97,0.0,6.1,0.0,59
2023-12-01 01:00:00,14.8,97,0.0,5.3,0.0,71
2023-12-01 02:00:00,14.4,97,0.0,6.1,0.0,84
2023-12-01 03:00:00,14.5,97,0.0,5.8,0.0,92
2023-12-01 04:00:00,14.0,97,0.0,6.3,0.0,100
2023-12-01 05:00:00,13.8,97,0.0,7.1,0.0,98
2023-12-01 06:00:00,15.8,96,0.0,5.4,0.0,88
2023-12-01 07:00:00,15.9,94,8.0,3.4,0.0,32
2023-12-01 08:00:00,17.3,89,98.0,6.0,0.0,53
2023-12-01 09:00:00,18.7,82,216.0,2.4,0.0,43
2023-12-01 10:00:00,20.6,74,346.0,6.4,0.0,20
2023-12-01 11:00:00,22.2,68,467.0,6.8,0.0,1
2023-12-01 12:00:00,23.3,63,530.0,7.2,0.0,4
2023-12-01 13:00:00,24.0,58,519.0,7.7,0.0,6
2023-12-01 14:00:00,24.2,55,418.0,7.3,0.0,20
2023-12-01 15:00:00,23.9,54,291.0,7.2,0.0,22
2023-12-01 16:00:00,23.1,58,151.0,5.8,0.0,18
2023-12-01 17:00:00,20.2,71,29.0,8.0,0.0,14
2023-12-01 18:00:00,19.3,82,0.0,7.1,0.1,27
2023-12-01 19:00:00,18.8,82,0.0,6.7,0.0,18
2023-12-01 20:00:00,18.1,85,0.0,5.9,0.0,16
2023-12-01 21:00:00,17.7,86,0.0,7.4,0.0,11
2023-12-01 22:00:00,16.9,88,0.0,7.0,0.0,5
2023-12-01 23:00:00,16.2,90,0.0,6.7,0.0,3
2023-12-02 00:00:00,15.6,92,0.0,6.3,0.0,1
2023-12-02 01:00:00,14.8,94,0.0,7.4,0.0,1
2023-12-02 02:00:00,14.3,95,0.0,8.2,0.0,0
2023-12-02 03:00:00,13.9,96,0.0,8.4,0.0,0
2023-12-02 04:00:00,13.6,96,0.0,8.7,0.0,0
2023-12-02 05:00:00,13.2,96,0.0,8.5,0.0,0
2023-12-02 06:00:00,14.2,97,0.0,5.4,0.0,1
2023-12-02 07:00:00,14.6,97,9.0,5.1,0.0,1
2023-12-02 08:00:00,16.4,91,105.0,6.4,0.0,0
2023-12-02 09:00:00,18.9,81,262.0,5.2,0.0,0
2023-12-02 10:00:00,21.4,70,407.0,6.8,0.0,0
2023-12-02 11:00:00,23.0,61,510.0,7.8,0.0,0
2023-12-02 12:00:00,23.8,55,554.0,6.9,0.0,14
2023-12-02 13:00:00,24.2,51,495.0,6.1,0.0,12
2023-12-02 14:00:00,24.2,50,411.0,6.1,0.0,12
2023-12-02 15:00:00,24.0,50,301.0,6.8,0.0,7
2023-12-02 16:00:00,23.0,56,155.0,4.7,0.0,3
2023-12-02 17:00:00,20.0,68,31.0,8.0,0.0,3
2023-12-02 18:00:00,19.0,74,0.0,8.1,0.0,3
2023-12-02 19:00:00,18.1,78,0.0,7.8,0.0,1
2023-12-02 20:00:00,16.9,83,0.0,8.6,0.0,0
2023-12-02 21:00:00,16.2,85,0.0,7.6,0.0,0
2023-12-02 22:00:00,15.4,88,0.0,7.4,0.0,0
2023-12-02 23:00:00,14.8,89,0.0,7.4,0.0,0
2023-12-03 00:00:00,14.0,91,0.0,8.8,0.0,0
2023-12-03 01:00:00,13.4,92,0.0,10.2,0.0,0
2023-12-03 02:00:00,13.1,92,0.0,9.5,0.0,0
2023-12-03 03:00:00,12.5,93,0.0,10.4,0.0,0
2023-12-03 04:00:00,12.2,94,0.0,10.1,0.0,0
2023-12-03 05:00:00,12.5,93,0.0,8.4,0.0,0
2023-12-03 06:00:00,13.1,95,0.0,7.2,0.0,0
2023-12-03 07:00:00,12.8,97,9.0,6.5,0.0,0
2023-12-03 08:00:00,15.5,89,109.0,7.0,0.0,0
2023-12-03 09:00:00,18.3,79,266.0,4.2,0.0,0
2023-12-03 10:00:00,20.9,68,409.0,5.9,0.0,0
2023-12-03 11:00:00,22.6,58,511.0,7.6,0.0,0
2023-12-03 12:00:00,23.8,49,554.0,7.2,0.0,0
2023-12-03 13:00:00,24.4,45,534.0,6.8,0.0,0
2023-12-03 14:00:00,24.5,42,452.0,6.9,0.0,0
2023-12-03 15:00:00,24.2,43,320.0,7.6,0.0,0
2023-12-03 16:00:00,22.9,52,163.0,4.7,0.0,4
2023-12-03 17:00:00,19.9,63,31.0,7.6,0.0,36
2023-12-03 18:00:00,20.2,68,0.0,5.5,0.0,99
2023-12-03 19:00:00,20.5,63,0.0,2.9,0.1,88
2023-12-03 20:00:00,19.0,72,0.0,3.0,0.0,73
2023-12-03 21:00:00,18.1,80,0.0,5.7,0.0,97
2023-12-03 22:00:00,17.7,84,0.0,5.4,0.0,80
2023-12-03 23:00:00,17.1,85,0.0,4.7,0.0,74
2023-12-04 00:00:00,16.6,85,0.0,6.7,0.0,68
2023-12-04 01:00:00,15.9,85,0.0,7.3,0.0,65
2023-12-04 02:00:00,15.5,84,0.0,6.5,0.0,7
2023-12-04 03:00:00,14.4,88,0.0,7.9,0.0,3
2023-12-04 04:00:00,13.7,89,0.0,8.7,0.0,9
2023-12-04 05:00:00,14.2,85,0.0,7.3,0.0,7
2023-12-04 06:00:00,14.7,94,0.0,3.9,0.0,11
2023-12-04 07:00:00,14.8,94,8.0,6.3,0.0,7
2023-12-04 08:00:00,16.4,87,104.0,8.7,0.0,28
2023-12-04 09:00:00,18.2,75,249.0,7.4,0.0,44
2023-12-04 10:00:00,19.8,65,347.0,7.0,0.0,33
2023-12-04 11:00:00,21.4,53,425.0,11.3,0.0,26
2023-12-04 12:00:00,22.3,47,475.0,10.9,0.0,23
2023-12-04 13:00:00,22.8,46,462.0,10.2,0.0,26
2023-12-04 14:00:00,22.9,45,401.0,9.7,0.0,28
2023-12-04 15:00:00,22.6,46,289.0,10.0,0.0,48
2023-12-04 16:00:00,21.8,50,145.0,7.4,0.0,45
2023-12-04 17:00:00,19.5,59,29.0,8.7,0.0,21
2023-12-04 18:00:00,19.4,64,0.0,4.6,0.0,15
2023-12-04 19:00:00,20.0,58,0.0,6.1,0.0,0
2023-12-04 20:00:00,16.6,74,0.0,8.1,0.0,0
2023-12-04 21:00:00,15.0,86,0.0,8.9,0.0,0
2023-12-04 22:00:00,14.3,90,0.0,7.4,0.0,0
2023-12-04 23:00:00,13.7,91,0.0,7.7,0.0,0
2023-12-05 00:00:00,13.0,92,0.0,9.3,0.0,0
2023-12-05 01:00:00,12.8,90,0.0,9.7,0.0,0
2023-12-05 02:00:00,12.5,90,0.0,9.5,0.0,0
2023-12-05 03:00:00,12.3,91,0.0,8.2,0.0,0
2023-12-05 04:00:00,11.5,92,0.0,9.9,0.0,0
2023-12-05 05:00:00,11.9,90,0.0,7.2,0.0,0
2023-12-05 06:00:00,11.9,95,0.0,7.1,0.0,0
2023-12-05 07:00:00,12.7,93,8.0,5.9,0.0,0
2023-12-05 08:00:00,14.8,85,107.0,6.6,0.0,0
2023-12-05 09:00:00,17.2,77,265.0,4.3,0.0,0
2023-12-05 10:00:00,19.5,68,412.0,7.5,0.0,0
2023-12-05 11:00:00,21.4,57,517.0,9.7,0.0,0
2023-12-05 12:00:00,22.5,48,564.0,10.9,0.0,0
2023-12-05 13:00:00,23.1,44,546.0,11.4,0.0,0
2023-12-05 14:00:00,23.2,42,464.0,12.4,0.0,0
2023-12-05 15:00:00,22.9,43,331.0,12.4,0.0,0
2023-12-05 16:00:00,21.6,49,170.0,9.0,0.0,0
2023-12-05 17:00:00,18.4,61,33.0,7.4,0.0,0
2023-12-05 18:00:00,17.8,66,0.0,7.4,0.0,0
2023-12-05 19:00:00,16.8,69,0.0,7.1,0.0,0
2023-12-05 20:00:00,15.9,73,0.0,7.0,0.0,0
2023-12-05 21:00:00,15.1,76,0.0,6.6,0.0,0
2023-12-05 22:00:00,14.7,77,0.0,6.1,0.0,0
2023-12-05 23:00:00,14.3,79,0.0,7.9,0.0,0
2023-12-06 00:00:00,13.8,81,0.0,8.3,0.0,0
2023-12-06 01:00:00,13.3,83,0.0,8.0,0.0,0
2023-12-06 02:00:00,12.8,85,0.0,8.0,0.0,0
2023-12-06 03:00:00,12.4,87,0.0,8.0,0.0,0
2023-12-06 04:00:00,12.1,88,0.0,8.6,0.0,0
2023-12-06 05:00:00,11.9,90,0.0,11.3,0.0,0
2023-12-06 06:00:00,11.7,94,0.0,6.4,0.0,0
2023-12-06 07:00:00,11.7,95,8.0,5.2,0.0,0
2023-12-06 08:00:00,14.0,88,108.0,6.5,0.0,0
2023-12-06 09:00:00,16.5,80,268.0,6.0,0.0,0
2023-12-06 10:00:00,18.8,72,418.0,4.9,0.0,0
2023-12-06 11:00:00,20.9,64,524.0,5.2,0.0,0
2023-12-06 12:00:00,22.4,56,571.0,5.5,0.0,0
2023-12-06 13:00:00,23.3,47,552.0,4.7,0.0,0
2023-12-06 14:00:00,23.6,45,470.0,4.9,0.0,0
2023-12-06 15:00:00,23.3,45,335.0,4.8,0.0,0
2023-12-06 16:00:00,21.8,57,172.0,4.3,0.0,0
2023-12-06 17:00:00,17.9,69,34.0,9.0,0.0,0
2023-12-06 18:00:00,17.4,74,0.0,8.5,0.0,0
2023-12-06 19:00:00,16.6,77,0.0,8.0,0.0,0
2023-12-06 20:00:00,15.4,82,0.0,9.2,0.0,0
2023-12-06 21:00:00,14.6,86,0.0,8.2,0.0,0
2023-12-06 22:00:00,14.2,87,0.0,6.7,0.0,0
2023-12-06 23:00:00,13.9,88,0.0,7.4,0.0,0
2023-12-07 00:00:00,13.1,90,0.0,9.7,0.0,0
2023-12-07 01:00:00,12.5,91,0.0,9.7,0.0,0
2023-12-07 02:00:00,12.2,92,0.0,9.2,0.0,0
2023-12-07 03:00:00,11.9,93,0.0,8.5,0.0,0
2023-12-07 04:00:00,11.6,94,0.0,8.0,0.0,0
2023-12-07 05:00:00,11.6,94,0.0,5.9,0.0,0
2023-12-07 06:00:00,11.6,97,0.0,5.2,0.0,2
2023-12-07 07:00:00,12.0,97,7.0,5.4,0.0,4
2023-12-07 08:00:00,14.2,91,98.0,7.4,0.0,0
2023-12-07 09:00:00,17.1,82,254.0,6.5,0.0,0
2023-12-07 10:00:00,19.7,72,405.0,8.2,0.0,0
2023-12-07 11:00:00,21.7,63,509.0,8.6,0.0,0
2023-12-07 12:00:00,23.2,55,555.0,8.9,0.0,0
2023-12-07 13:00:00,23.9,49,537.0,9.0,0.0,0
2023-12-07 14:00:00,24.1,46,457.0,9.8,0.0,0
2023-12-07 15:00:00,23.7,46,327.0,10.2,0.0,0
2023-12-07 16:00:00,22.3,53,168.0,7.6,0.0,0
2023-12-07 17:00:00,19.1,65,33.0,7.5,0.0,0
2023-12-07 18:00:00,18.7,67,0.0,9.6,0.0,0
2023-12-07 19:00:00,17.6,70,0.0,9.4,0.0,0
2023-12-07 20:00:00,16.3,75,0.0,7.9,0.0,0
2023-12-07 21:00:00,15.1,81,0.0,6.8,0.0,0
2023-12-07 22:00:00,14.1,86,0.0,6.7,0.0,0
2023-12-07 23:00:00,13.5,88,0.0,7.1,0.0,0
2023-12-08 00:00:00,13.2,88,0.0,6.7,0.0,0
2023-12-08 01:00:00,12.8,89,0.0,6.7,0.0,0
2023-12-08 02:00:00,12.3,91,0.0,6.5,0.0,0
2023-12-08 03:00:00,11.9,91,0.0,6.5,0.0,0
2023-12-08 04:00:00,11.7,92,0.0,7.6,0.0,0
2023-12-08 05:00:00,11.4,92,0.0,8.0,0.0,0
2023-12-08 06:00:00,11.7,94,0.0,7.2,0.0,0
2023-12-08 07:00:00,11.9,94,7.0,7.9,0.0,0
2023-12-08 08:00:00,14.0,85,103.0,9.5,0.0,0
2023-12-08 09:00:00,16.8,76,262.0,7.5,0.0,0
2023-12-08 10:00:00,19.3,69,411.0,8.7,0.0,0
2023-12-08 11:00:00,21.4,61,517.0,10.1,0.0,0
2023-12-08 12:00:00,22.7,53,564.0,10.1,0.0,0
2023-12-08 13:00:00,23.5,47,547.0,10.0,0.0,0
2023-12-08 14:00:00,23.8,43,467.0,12.7,0.0,0
2023-12-08 15:00:00,23.5,43,334.0,13.3,0.0,0
2023-12-08 16:00:00,22.2,49,172.0,9.8,0.0,0
2023-12-08 17:00:00,18.9,61,34.0,8.0,0.0,0
2023-12-08 18:00:00,18.3,65,0.0,7.7,0.0,0
2023-12-08 19:00:00,16.7,72,0.0,8.2,0.0,0
2023-12-08 20:00:00,15.3,78,0.0,9.5,0.0,0
2023-12-08 21:00:00,14.8,80,0.0,8.2,0.0,0
2023-12-08 22:00:00,14.1,82,0.0,7.2,0.0,0
2023-12-08 23:00:00,13.2,86,0.0,7.8,0.0,0
2023-12-09 00:00:00,12.6,87,0.0,7.2,0.0,0
2023-12-09 01:00:00,11.5,90,0.0,9.2,0.0,0
2023-12-09 02:00:00,11.3,89,0.0,7.1,0.0,0
2023-12-09 03:00:00,11.1,90,0.0,8.4,0.0,0
2023-12-09 04:00:00,10.9,90,0.0,8.6,0.0,0
2023-12-09 05:00:00,10.7,90,0.0,9.0,0.0,0
2023-12-09 06:00:00,10.8,91,0.0,9.4,0.0,0
2023-12-09 07:00:00,10.8,91,6.0,10.8,0.0,0
2023-12-09 08:00:00,13.3,81,104.0,13.0,0.0,0
2023-12-09 09:00:00,16.2,72,266.0,10.9,0.0,0
2023-12-09 10:00:00,19.0,61,416.0,10.9,0.0,0
2023-12-09 11:00:00,21.0,53,523.0,11.8,0.0,0
2023-12-09 12:00:00,22.4,47,570.0,12.6,0.0,0
2023-12-09 13:00:00,23.2,43,552.0,12.6,0.0,0
2023-12-09 14:00:00,23.4,40,471.0,13.3,0.0,0
2023-12-09 15:00:00,23.1,40,337.0,13.3,0.0,0
2023-12-09 16:00:00,21.6,46,174.0,8.9,0.0,0
2023-12-09 17:00:00,18.1,59,34.0,7.8,0.0,0
2023-12-09 18:00:00,17.5,62,0.0,7.7,0.0,0
2023-12-09 19:00:00,16.5,65,0.0,8.1,0.0,0
2023-12-09 20:00:00,15.4,70,0.0,8.0,0.0,1
2023-12-09 21:00:00,14.5,73,0.0,8.2,0.0,23
2023-12-09 22:00:00,13.8,76,0.0,8.4,0.0,9
2023-12-09 23:00:00,13.0,80,0.0,8.4,0.0,0
2023-12-10 00:00:00,12.6,82,0.0,8.7,0.0,1
2023-12-10 01:00:00,12.2,84,0.0,9.4,0.0,0
2023-12-10 02:00:00,11.9,84,0.0,9.1,0.0,0
2023-12-10 03:00:00,11.6,83,0.0,9.9,0.0,12
2023-12-10 04:00:00,11.4,82,0.0,10.6,0.0,5
2023-12-10 05:00:00,11.2,82,0.0,11.2,0.0,6
2023-12-10 06:00:00,10.8,86,0.0,12.0,0.0,0
2023-12-10 07:00:00,10.8,86,6.0,14.1,0.0,0
2023-12-10 08:00:00,12.8,78,103.0,14.8,0.0,1
2023-12-10 09:00:00,15.6,68,266.0,11.9,0.0,0
2023-12-10 10:00:00,18.2,60,417.0,12.8,0.0,0
2023-12-10 11:00:00,20.3,53,524.0,15.3,0.0,0
2023-12-10 12:00:00,21.6,45,573.0,17.7,0.0,45
2023-12-10 13:00:00,22.3,41,555.0,18.0,0.0,92
2023-12-10 14:00:00,22.5,39,467.0,17.1,0.0,99
2023-12-10 15:00:00,22.1,40,338.0,16.1,0.0,0
2023-12-10 16:00:00,20.8,46,177.0,11.4,0.0,0
2023-12-10 17:00:00,17.8,58,35.0,9.7,0.0,0
2023-12-10 18:00:00,16.8,64,0.0,9.1,0.0,0
2023-12-10 19:00:00,15.7,69,0.0,9.2,0.0,0
2023-12-10 20:00:00,14.9,72,0.0,9.8,0.0,0
2023-12-10 21:00:00,14.0,76,0.0,8.5,0.0,0
2023-12-10 22:00:00,13.2,79,0.0,8.1,0.0,0
2023-12-10 23:00:00,12.4,82,0.0,7.3,0.0,0
2023-12-11 00:00:00,11.4,86,0.0,8.5,0.0,0
2023-12-11 01:00:00,10.4,89,0.0,10.1,0.0,0
2023-12-11 02:00:00,10.1,89,0.0,8.3,0.0,0
2023-12-11 03:00:00,9.8,89,0.0,6.7,0.0,0
2023-12-11 04:00:00,10.0,89,0.0,5.4,0.0,0
2023-12-11 05:00:00,9.9,90,0.0,5.7,0.0,0
2023-12-11 06:00:00,9.1,95,0.0,4.8,0.0,0
2023-12-11 07:00:00,9.1,95,6.0,5.8,0.0,0
2023-12-11 08:00:00,11.9,86,100.0,7.7,0.0,0
2023-12-11 09:00:00,15.6,74,261.0,4.0,0.0,0
2023-12-11 10:00:00,18.4,63,411.0,2.9,0.0,0
2023-12-11 11:00:00,20.3,53,517.0,2.6,0.0,0
2023-12-11 12:00:00,21.4,47,563.0,3.9,0.0,0
2023-12-11 13:00:00,22.1,43,545.0,5.4,0.0,0
2023-12-11 14:00:00,22.3,40,465.0,6.9,0.0,0
2023-12-11 15:00:00,21.9,40,333.0,7.7,0.0,0
2023-12-11 16:00:00,20.4,56,173.0,3.8,0.0,0
2023-12-11 17:00:00,20.0,47,35.0,3.9,0.0,0
2023-12-11 18:00:00,19.5,48,0.0,4.1,0.0,0
2023-12-11 19:00:00,18.4,53,0.0,4.7,0.0,0
2023-12-11 20:00:00,16.7,61,0.0,6.5,0.0,0
2023-12-11 21:00:00,13.6,74,0.0,9.0,0.0,0
2023-12-11 22:00:00,12.3,78,0.0,10.1,0.0,0
2023-12-11 23:00:00,11.6,80,0.0,9.8,0.0,0
2023-12-12 00:00:00,10.8,83,0.0,11.4,0.0,0
2023-12-12 01:00:00,10.4,85,0.0,10.5,0.0,0
2023-12-12 02:00:00,10.3,86,0.0,7.0,0.0,0
2023-12-12 03:00:00,10.0,87,0.0,7.3,0.0,0
2023-12-12 04:00:00,9.9,87,0.0,7.2,0.0,0
2023-12-12 05:00:00,9.6,89,0.0,7.2,0.0,0
2023-12-12 06:00:00,9.3,91,0.0,8.7,0.0,0
2023-12-12 07:00:00,9.4,92,5.0,7.9,0.0,0
2023-12-12 08:00:00,12.7,81,97.0,6.7,0.0,0
2023-12-12 09:00:00,15.8,71,253.0,4.7,0.0,0
2023-12-12 10:00:00,18.5,62,402.0,6.2,0.0,0
2023-12-12 11:00:00,20.5,56,507.0,6.3,0.0,0
2023-12-12 12:00:00,21.7,52,555.0,5.6,0.0,0
2023-12-12 13:00:00,22.3,49,538.0,3.5,0.0,0
2023-12-12 14:00:00,22.8,44,456.0,2.4,0.0,0
2023-12-12 15:00:00,22.8,42,328.0,3.3,0.0,0
2023-12-12 16:00:00,21.4,68,168.0,4.0,0.0,0
2023-12-12 17:00:00,20.7,51,34.0,4.0,0.0,1
2023-12-12 18:00:00,19.4,52,0.0,2.3,0.0,1
2023-12-12 19:00:00,18.5,55,0.0,2.4,0.0,1
2023-12-12 20:00:00,17.7,59,0.0,6.0,0.0,1
2023-12-12 21:00:00,13.5,79,0.0,9.5,0.0,0
2023-12-12 22:00:00,12.7,84,0.0,10.0,0.0,0
2023-12-12 23:00:00,13.9,76,0.0,7.8,0.0,0
2023-12-13 00:00:00,13.3,77,0.0,7.6,0.0,0
2023-12-13 01:00:00,13.0,77,0.0,7.1,0.0,0
2023-12-13 02:00:00,12.1,81,0.0,7.2,0.0,0
2023-12-13 03:00:00,11.5,83,0.0,7.2,0.0,0
2023-12-13 04:00:00,11.4,82,0.0,7.4,0.0,0
2023-12-13 05:00:00,12.5,77,0.0,5.6,0.0,0
2023-12-13 06:00:00,12.3,84,0.0,3.0,0.0,0
2023-12-13 07:00:00,10.4,90,5.0,4.7,0.0,0
2023-12-13 08:00:00,13.1,83,95.0,6.3,0.0,0
2023-12-13 09:00:00,16.3,73,252.0,3.6,0.0,0
2023-12-13 10:00:00,18.9,64,401.0,2.7,0.0,0
2023-12-13 11:00:00,20.8,55,507.0,3.7,0.0,0
2023-12-13 12:00:00,21.9,49,557.0,4.7,0.0,0
2023-12-13 13:00:00,22.6,44,540.0,7.1,0.0,0
2023-12-13 14:00:00,22.8,41,462.0,9.8,0.0,0
2023-12-13 15:00:00,22.5,41,331.0,10.3,0.0,0
2023-12-13 16:00:00,21.3,46,172.0,6.9,0.0,0
2023-12-13 17:00:00,17.4,61,35.0,8.7,0.0,8
2023-12-13 18:00:00,17.3,55,0.0,8.3,0.0,100
2023-12-13 19:00:00,16.2,58,0.0,7.9,0.0,81
2023-12-13 20:00:00,14.9,64,0.0,7.7,0.0,84
2023-12-13 21:00:00,14.0,67,0.0,9.0,0.0,41
2023-12-13 22:00:00,13.1,71,0.0,9.2,0.0,4
2023-12-13 23:00:00,12.4,75,0.0,8.9,0.0,3
2023-12-14 00:00:00,11.6,80,0.0,8.9,0.0,24
2023-12-14 01:00:00,10.6,85,0.0,10.0,0.0,53
2023-12-14 02:00:00,10.4,86,0.0,8.1,0.0,17
2023-12-14 03:00:00,10.1,87,0.0,6.8,0.0,93
2023-12-14 04:00:00,9.9,88,0.0,7.2,0.0,100
2023-12-14 05:00:00,9.7,89,0.0,7.9,0.0,3
2023-12-14 06:00:00,9.9,90,0.0,10.2,0.0,54
2023-12-14 07:00:00,9.9,90,5.0,10.5,0.0,63
2023-12-14 08:00:00,12.1,82,96.0,13.3,0.0,9
2023-12-14 09:00:00,14.9,72,256.0,11.2,0.0,0
2023-12-14 10:00:00,17.6,62,407.0,12.3,0.0,5
2023-12-14 11:00:00,19.7,53,515.0,14.6,0.0,32
2023-12-14 12:00:00,21.1,45,565.0,15.6,0.0,7
2023-12-14 13:00:00,21.9,41,550.0,16.1,0.0,30
2023-12-14 14:00:00,22.1,40,469.0,16.0,0.0,42
2023-12-14 15:00:00,21.8,41,337.0,15.6,0.0,94
2023-12-14 16:00:00,20.5,48,175.0,11.2,0.0,100
2023-12-14 17:00:00,17.4,60,36.0,8.4,0.0,71
2023-12-14 18:00:00,16.0,67,0.0,7.3,0.0,100
2023-12-14 19:00:00,14.5,74,0.0,7.4,0.0,57
2023-12-14 20:00:00,13.6,77,0.0,6.8,0.0,15
2023-12-14 21:00:00,12.9,80,0.0,7.2,0.0,89
2023-12-14 22:00:00,12.4,81,0.0,6.8,0.0,93
2023-12-14 23:00:00,12.0,83,0.0,7.2,0.0,99
2023-12-15 00:00:00,10.8,88,0.0,8.2,0.0,93
2023-12-15 01:00:00,9.6,91,0.0,9.8,0.0,87
2023-12-15 02:00:00,9.3,91,0.0,9.4,0.0,64
2023-12-15 03:00:00,9.1,92,0.0,7.3,0.0,83
2023-12-15 04:00:00,8.9,92,0.0,7.2,0.0,55
2023-12-15 05:00:00,8.6,93,0.0,6.6,0.0,54
2023-12-15 06:00:00,7.5,93,0.0,6.5,0.0,9
2023-12-15 07:00:00,7.7,94,4.0,4.7,0.0,50
2023-12-15 08:00:00,10.5,85,96.0,7.0,0.0,54
2023-12-15 09:00:00,14.2,71,256.0,4.3,0.0,1
2023-12-15 10:00:00,17.3,60,411.0,3.3,0.0,18
2023-12-15 11:00:00,19.5,49,519.0,3.1,0.0,27
2023-12-15 12:00:00,21.0,42,566.0,4.8,0.0,75
2023-12-15 13:00:00,21.8,39,550.0,6.6,0.0,100
2023-12-15 14:00:00,22.1,39,459.0,7.4,0.0,99
2023-12-15 15:00:00,21.8,40,329.0,8.1,0.0,100
2023-12-15 16:00:00,20.3,49,167.0,4.6,0.0,99
2023-12-15 17:00:00,17.2,59,36.0,7.6,0.0,98
2023-12-15 18:00:00,17.7,58,0.0,5.3,0.0,82
2023-12-15 19:00:00,14.9,70,0.0,7.6,0.0,90
2023-12-15 20:00:00,13.4,76,0.0,10.2,0.0,98
2023-12-15 21:00:00,12.5,80,0.0,9.4,0.0,94
2023-12-15 22:00:00,12.8,75,0.0,7.9,0.0,41
2023-12-15 23:00:00,12.1,75,0.0,8.3,0.0,79
2023-12-16 00:00:00,10.9,79,0.0,9.6,0.0,97
2023-12-16 01:00:00,10.4,80,0.0,9.7,0.0,83
2023-12-16 02:00:00,9.9,82,0.0,9.4,0.0,88
2023-12-16 03:00:00,9.9,82,0.0,8.1,0.0,92
2023-12-16 04:00:00,9.2,85,0.0,6.6,0.0,90
2023-12-16 05:00:00,8.2,89,0.0,5.8,0.0,97
2023-12-16 06:00:00,7.7,92,0.0,6.2,0.0,28
2023-12-16 07:00:00,7.9,93,4.0,4.7,0.0,35
2023-12-16 08:00:00,10.9,83,92.0,5.8,0.0,43
2023-12-16 09:00:00,14.8,71,247.0,3.4,0.0,29
2023-12-16 10:00:00,18.1,58,398.0,3.4,0.0,41
2023-12-16 11:00:00,20.4,46,502.0,6.3,0.0,81
2023-12-16 12:00:00,21.5,42,534.0,9.3,0.0,50
2023-12-16 13:00:00,22.2,41,539.0,11.4,0.0,21
2023-12-16 14:00:00,22.3,39,466.0,11.8,0.0,29
2023-12-16 15:00:00,22.0,38,338.0,12.1,0.0,15
2023-12-16 16:00:00,20.7,43,178.0,6.8,0.0,6
2023-12-16 17:00:00,16.3,60,37.0,10.0,0.0,0
2023-12-16 18:00:00,17.4,53,0.0,5.9,0.0,0
2023-12-16 19:00:00,15.1,63,0.0,7.7,0.0,0
2023-12-16 20:00:00,15.1,63,0.0,8.2,0.0,0
2023-12-16 21:00:00,14.1,66,0.0,8.3,0.0,0
2023-12-16 22:00:00,12.0,75,0.0,9.6,0.0,0
2023-12-16 23:00:00,11.0,78,0.0,10.4,0.0,0
2023-12-17 00:00:00,10.3,80,0.0,10.6,0.0,0
2023-12-17 01:00:00,10.3,79,0.0,9.8,0.0,0
2023-12-17 02:00:00,12.1,70,0.0,7.8,0.0,0
2023-12-17 03:00:00,12.2,70,0.0,6.6,0.0,0
2023-12-17 04:00:00,12.0,71,0.0,4.4,0.0,0
2023-12-17 05:00:00,11.8,72,0.0,2.5,0.0,0
2023-12-17 06:00:00,9.5,86,0.0,5.4,0.0,0
2023-12-17 07:00:00,9.5,87,4.0,5.4,0.0,0
2023-12-17 08:00:00,12.1,77,89.0,9.2,0.0,0
2023-12-17 09:00:00,16.1,64,245.0,7.3,0.0,0
2023-12-17 10:00:00,19.0,55,395.0,7.6,0.0,0
2023-12-17 11:00:00,20.9,46,503.0,9.3,0.0,0
2023-12-17 12:00:00,22.0,42,554.0,11.2,0.0,0
2023-12-17 13:00:00,22.5,40,541.0,12.2,0.0,0
2023-12-17 14:00:00,22.6,39,464.0,12.6,0.0,0
2023-12-17 15:00:00,22.3,39,335.0,12.6,0.0,0
2023-12-17 16:00:00,21.1,44,176.0,8.5,0.0,0
2023-12-17 17:00:00,17.3,60,37.0,7.3,0.0,0
2023-12-17 18:00:00,16.8,59,0.0,9.0,0.0,0
2023-12-17 19:00:00,15.7,63,0.0,8.7,0.0,0
2023-12-17 20:00:00,14.5,67,0.0,7.8,0.0,0
2023-12-17 21:00:00,13.9,69,0.0,8.6,0.0,0
2023-12-17 22:00:00,13.0,73,0.0,7.7,0.0,0
2023-12-17 23:00:00,11.7,80,0.0,8.1,0.0,0
2023-12-18 00:00:00,11.1,84,0.0,6.4,0.0,0
2023-12-18 01:00:00,11.0,84,0.0,6.9,0.0,0
2023-12-18 02:00:00,10.5,86,0.0,8.0,0.0,0
2023-12-18 03:00:00,9.9,89,0.0,9.0,0.0,0
2023-12-18 04:00:00,9.5,90,0.0,10.1,0.0,0
2023-12-18 05:00:00,9.3,91,0.0,10.5,0.0,0
2023-12-18 06:00:00,9.1,93,0.0,10.1,0.0,0
2023-12-18 07:00:00,9.1,93,4.0,11.2,0.0,0
2023-12-18 08:00:00,11.1,84,90.0,13.6,0.0,0
2023-12-18 09:00:00,13.7,74,248.0,12.2,0.0,0
2023-12-18 10:00:00,16.4,64,400.0,13.3,0.0,0
2023-12-18 11:00:00,18.7,55,511.0,15.5,0.0,0
2023-12-18 12:00:00,20.3,47,563.0,18.1,0.0,0
2023-12-18 13:00:00,21.2,40,550.0,19.9,0.0,0
2023-12-18 14:00:00,21.5,36,473.0,20.1,0.0,0
2023-12-18 15:00:00,21.2,34,344.0,19.9,0.0,0
2023-12-18 16:00:00,20.2,38,182.0,15.7,0.0,0
2023-12-18 17:00:00,17.5,48,39.0,11.8,0.0,0
2023-12-18 18:00:00,15.9,56,0.0,10.9,0.0,0
2023-12-18 19:00:00,14.9,60,0.0,12.3,0.0,0
2023-12-18 20:00:00,14.1,61,0.0,12.9,0.0,0
2023-12-18 21:00:00,13.4,63,0.0,12.5,0.0,0
2023-12-18 22:00:00,12.6,65,0.0,12.3,0.0,0
2023-12-18 23:00:00,12.0,68,0.0,12.6,0.0,0
2023-12-19 00:00:00,11.6,69,0.0,13.6,0.0,0
2023-12-19 01:00:00,11.2,71,0.0,13.3,0.0,0
2023-12-19 02:00:00,10.8,72,0.0,13.1,0.0,0
2023-12-19 03:00:00,10.4,73,0.0,13.0,0.0,0
2023-12-19 04:00:00,9.9,75,0.0,12.7,0.0,0
2023-12-19 05:00:00,9.5,77,0.0,12.8,0.0,0
2023-12-19 06:00:00,8.7,87,0.0,12.7,0.0,0
2023-12-19 07:00:00,8.6,87,3.0,13.1,0.0,0
2023-12-19 08:00:00,10.4,79,90.0,14.5,0.0,0
2023-12-19 09:00:00,13.2,69,252.0,12.7,0.0,0
2023-12-19 10:00:00,15.9,60,407.0,13.5,0.0,0
2023-12-19 11:00:00,18.3,54,520.0,15.5,0.0,0
2023-12-19 12:00:00,20.0,48,572.0,16.5,0.0,0
2023-12-19 13:00:00,21.0,43,559.0,17.1,0.0,0
2023-12-19 14:00:00,21.5,40,482.0,16.7,0.0,0
2023-12-19 15:00:00,21.2,41,349.0,16.8,0.0,6
2023-12-19 16:00:00,20.0,46,185.0,13.7,0.0,37
2023-12-19 17:00:00,17.1,57,40.0,11.4,0.0,5
2023-12-19 18:00:00,15.8,61,0.0,9.8,0.0,8
2023-12-19 19:00:00,14.7,64,0.0,10.5,0.0,45
2023-12-19 20:00:00,14.0,66,0.0,11.5,0.0,61
2023-12-19 21:00:00,13.4,67,0.0,11.6,0.0,13
2023-12-19 22:00:00,12.7,69,0.0,11.3,0.0,4
2023-12-19 23:00:00,12.0,71,0.0,10.7,0.0,20
2023-12-20 00:00:00,11.4,74,0.0,10.4,0.0,29
2023-12-20 01:00:00,10.8,76,0.0,10.1,0.0,65
2023-12-20 02:00:00,10.2,78,0.0,9.8,0.0,97
2023-12-20 03:00:00,10.0,79,0.0,10.5,0.0,99
2023-12-20 04:00:00,9.7,80,0.0,10.4,0.0,23
2023-12-20 05:00:00,9.1,84,0.0,9.1,0.0,74
2023-12-20 06:00:00,7.9,90,0.0,7.9,0.0,88
2023-12-20 07:00:00,7.9,89,3.0,9.0,0.0,97
2023-12-20 08:00:00,10.0,80,86.0,10.3,0.0,74
2023-12-20 09:00:00,12.8,70,246.0,7.6,0.0,88
2023-12-20 10:00:00,15.5,61,395.0,7.9,0.0,95
2023-12-20 11:00:00,17.7,54,504.0,9.4,0.0,100
2023-12-20 12:00:00,19.2,49,541.0,10.1,0.0,100
2023-12-20 13:00:00,20.1,46,522.0,11.2,0.0,100
2023-12-20 14:00:00,20.4,45,404.0,10.8,0.0,100
2023-12-20 15:00:00,20.2,46,307.0,11.8,0.0,100
2023-12-20 16:00:00,19.2,50,162.0,8.7,0.0,100
2023-12-20 17:00:00,16.1,63,37.0,6.9,0.0,100
2023-12-20 18:00:00,15.5,67,0.0,6.9,0.0,100
2023-12-20 19:00:00,14.2,74,0.0,7.1,0.0,100
2023-12-20 20:00:00,13.3,78,0.0,6.6,0.0,100
2023-12-20 21:00:00,12.9,80,0.0,5.8,0.0,100
2023-12-20 22:00:00,11.9,85,0.0,6.8,0.0,100
2023-12-20 23:00:00,11.6,85,0.0,6.6,0.0,100
2023-12-21 00:00:00,11.2,86,0.0,6.6,0.0,100
2023-12-21 01:00:00,10.7,87,0.0,7.2,0.0,100
2023-12-21 02:00:00,9.7,91,0.0,7.6,0.0,100
2023-12-21 03:00:00,9.3,91,0.0,6.5,0.0,100
2023-12-21 04:00:00,9.1,92,0.0,6.6,0.0,100
2023-12-21 05:00:00,9.0,92,0.0,7.4,0.0,100
2023-12-21 06:00:00,8.1,95,0.0,6.8,0.0,100
2023-12-21 07:00:00,8.5,94,3.0,6.4,0.0,100
2023-12-21 08:00:00,10.6,86,79.0,9.2,0.0,100
2023-12-21 09:00:00,13.2,76,213.0,6.3,0.0,100
2023-12-21 10:00:00,15.9,67,357.0,7.2,0.0,50
2023-12-21 11:00:00,18.6,57,503.0,9.7,0.0,49
2023-12-21 12:00:00,20.3,50,562.0,11.2,0.0,65
2023-12-21 13:00:00,21.2,47,548.0,12.5,0.0,84
2023-12-21 14:00:00,21.6,45,475.0,13.3,0.0,69
2023-12-21 15:00:00,21.3,44,346.0,13.3,0.0,98
2023-12-21 16:00:00,20.2,49,184.0,10.7,0.0,98
2023-12-21 17:00:00,17.0,60,40.0,8.4,0.0,79
2023-12-21 18:00:00,16.3,65,0.0,9.1,0.0,100
2023-12-21 19:00:00,15.1,70,0.0,8.2,0.0,100
2023-12-21 20:00:00,13.9,76,0.0,7.2,0.0,97
2023-12-21 21:00:00,12.4,83,0.0,7.8,0.0,49
2023-12-21 22:00:00,11.4,88,0.0,7.8,0.0,77
2023-12-21 23:00:00,10.8,89,0.0,7.0,0.0,19
2023-12-22 00:00:00,10.2,91,0.0,6.5,0.0,3
2023-12-22 01:00:00,9.6,92,0.0,6.9,0.0,19
2023-12-22 02:00:00,8.9,93,0.0,7.8,0.0,37
2023-12-22 03:00:00,8.6,94,0.0,7.4,0.0,0
2023-12-22 04:00:00,8.0,95,0.0,7.8,0.0,0
2023-12-22 05:00:00,8.1,95,0.0,5.7,0.0,0
2023-12-22 06:00:00,7.5,96,0.0,5.8,0.0,0
2023-12-22 07:00:00,7.1,97,3.0,5.5,0.0,0
2023-12-22 08:00:00,9.8,90,85.0,5.8,0.0,41
2023-12-22 09:00:00,13.0,79,243.0,3.4,0.0,100
2023-12-22 10:00:00,16.0,69,391.0,3.1,0.0,94
2023-12-22 11:00:00,18.3,59,501.0,2.7,0.0,81
2023-12-22 12:00:00,19.9,50,557.0,1.8,0.0,1
2023-12-22 13:00:00,20.9,45,552.0,3.0,0.0,85
2023-12-22 14:00:00,21.4,44,473.0,3.2,0.0,48
2023-12-22 15:00:00,21.5,44,349.0,1.8,0.0,37
2023-12-22 16:00:00,20.4,52,182.0,3.4,0.0,66
2023-12-22 17:00:00,16.7,66,41.0,7.6,0.0,100
2023-12-22 18:00:00,16.6,69,0.0,6.7,0.0,80
2023-12-22 19:00:00,15.2,75,0.0,7.7,0.0,7
2023-12-22 20:00:00,13.8,83,0.0,9.7,0.0,26
2023-12-22 21:00:00,14.3,80,0.0,7.8,0.0,0
2023-12-22 22:00:00,15.1,76,0.0,6.2,0.0,4
2023-12-22 23:00:00,12.3,87,0.0,6.9,0.0,6
2023-12-23 00:00:00,11.4,90,0.0,7.3,0.0,92
2023-12-23 01:00:00,11.1,91,0.0,5.7,0.0,69
2023-12-23 02:00:00,11.1,92,0.0,4.3,0.0,98
2023-12-23 03:00:00,11.3,91,0.0,8.7,0.1,91
2023-12-23 04:00:00,12.6,85,0.0,9.4,0.2,96
2023-12-23 05:00:00,11.9,91,0.0,5.4,0.0,72
2023-12-23 06:00:00,12.3,88,0.0,8.4,0.0,8
2023-12-23 07:00:00,11.5,88,2.0,7.9,0.0,9
2023-12-23 08:00:00,13.2,84,81.0,8.5,0.0,0
2023-12-23 09:00:00,15.9,75,233.0,5.2,0.0,0
2023-12-23 10:00:00,18.3,67,383.0,4.9,0.0,0
2023-12-23 11:00:00,19.9,59,495.0,4.3,0.0,0
2023-12-23 12:00:00,21.0,53,547.0,4.9,0.0,0
2023-12-23 13:00:00,21.7,48,536.0,4.8,0.0,0
2023-12-23 14:00:00,22.1,46,464.0,6.9,0.0,0
2023-12-23 15:00:00,21.9,45,339.0,7.3,0.0,0
2023-12-23 16:00:00,21.0,50,182.0,5.8,0.0,0
2023-12-23 17:00:00,16.8,68,41.0,9.0,0.0,0
2023-12-23 18:00:00,17.3,68,0.0,6.8,0.0,0
2023-12-23 19:00:00,19.1,60,0.0,2.8,0.0,0
2023-12-23 20:00:00,18.2,64,0.0,4.2,0.0,0
2023-12-23 21:00:00,16.0,74,0.0,6.4,0.0,0
2023-12-23 22:00:00,15.5,77,0.0,6.6,0.0,0
2023-12-23 23:00:00,15.3,77,0.0,4.9,0.0,0
2023-12-24 00:00:00,15.1,78,0.0,2.4,0.0,0
2023-12-24 01:00:00,11.0,94,0.0,7.5,0.0,0
2023-12-24 02:00:00,10.6,95,0.0,8.8,0.0,0
2023-12-24 03:00:00,12.6,89,0.0,5.8,0.0,0
2023-12-24 04:00:00,12.7,88,0.0,5.6,0.0,0
2023-12-24 05:00:00,12.5,88,0.0,4.1,0.0,0
2023-12-24 06:00:00,11.1,92,0.0,3.0,0.0,0
2023-12-24 07:00:00,9.7,95,2.0,4.0,0.0,0
2023-12-24 08:00:00,12.0,92,80.0,5.8,0.0,15
2023-12-24 09:00:00,15.2,81,231.0,2.2,0.0,1
2023-12-24 10:00:00,18.5,68,386.0,2.4,0.0,0
2023-12-24 11:00:00,20.6,58,496.0,1.5,0.0,71
2023-12-24 12:00:00,21.9,52,543.0,3.3,0.0,1
2023-12-24 13:00:00,22.6,48,540.0,5.1,0.0,0
2023-12-24 14:00:00,22.9,46,467.0,6.7,0.0,0
2023-12-24 15:00:00,22.7,46,341.0,8.7,0.0,0
2023-12-24 16:00:00,21.7,51,184.0,7.4,0.0,0
2023-12-24 17:00:00,17.5,69,43.0,9.2,0.0,0
2023-12-24 18:00:00,17.3,74,0.0,8.8,0.0,0
2023-12-24 19:00:00,16.5,78,0.0,6.8,0.0,0
2023-12-24 20:00:00,15.6,82,0.0,7.5,0.0,6
2023-12-24 21:00:00,14.7,86,0.0,7.4,0.0,19
2023-12-24 22:00:00,13.3,90,0.0,7.9,0.0,2
2023-12-24 23:00:00,12.2,92,0.0,8.0,0.0,0
2023-12-25 00:00:00,12.2,91,0.0,5.8,0.0,0
2023-12-25 01:00:00,11.9,92,0.0,6.8,0.0,0
2023-12-25 02:00:00,11.5,93,0.0,7.6,0.0,0
2023-12-25 03:00:00,11.2,94,0.0,7.6,0.0,0
2023-12-25 04:00:00,11.0,94,0.0,7.6,0.0,0
2023-12-25 05:00:00,10.9,94,0.0,8.4,0.0,0
2023-12-25 06:00:00,10.7,95,0.0,8.9,0.0,0
2023-12-25 07:00:00,10.7,95,2.0,10.1,0.0,0
2023-12-25 08:00:00,12.4,90,81.0,12.2,0.0,0
2023-12-25 09:00:00,15.0,81,238.0,9.4,0.0,0
2023-12-25 10:00:00,17.7,71,391.0,9.1,0.0,0
2023-12-25 11:00:00,19.9,61,502.0,9.5,0.0,0
2023-12-25 12:00:00,21.5,54,556.0,10.0,0.0,0
2023-12-25 13:00:00,22.4,50,546.0,9.7,0.0,0
2023-12-25 14:00:00,22.9,48,473.0,9.2,0.0,0
2023-12-25 15:00:00,22.8,47,347.0,8.7,0.0,0
2023-12-25 16:00:00,21.9,51,188.0,6.5,0.0,0
2023-12-25 17:00:00,17.6,70,44.0,9.1,0.0,0
2023-12-25 18:00:00,16.9,75,0.0,7.4,0.0,0
2023-12-25 19:00:00,15.8,79,0.0,8.0,0.0,0
2023-12-25 20:00:00,14.9,84,0.0,8.3,0.0,0
2023-12-25 21:00:00,14.0,87,0.0,8.2,0.0,0
2023-12-25 22:00:00,13.2,89,0.0,7.2,0.0,0
2023-12-25 23:00:00,12.5,90,0.0,6.9,0.0,3
2023-12-26 00:00:00,11.8,92,0.0,6.5,0.0,6
2023-12-26 01:00:00,11.3,93,0.0,6.3,0.0,16
2023-12-26 02:00:00,10.8,94,0.0,6.6,0.0,1
2023-12-26 03:00:00,10.1,94,0.0,7.7,0.0,29
2023-12-26 04:00:00,9.5,95,0.0,8.0,0.0,96
2023-12-26 05:00:00,9.6,95,0.0,5.8,0.0,100
2023-12-26 06:00:00,10.0,94,0.0,6.1,0.0,100
2023-12-26 07:00:00,9.7,95,2.0,5.8,0.0,98
2023-12-26 08:00:00,11.8,89,74.0,7.2,0.0,95
2023-12-26 09:00:00,15.0,78,225.0,4.7,0.0,100
2023-12-26 10:00:00,17.7,67,363.0,4.6,0.0,100
2023-12-26 11:00:00,19.9,58,485.0,5.3,0.0,98
2023-12-26 12:00:00,21.4,52,533.0,5.6,0.0,100
2023-12-26 13:00:00,22.3,47,506.0,5.4,0.0,100
2023-12-26 14:00:00,22.7,44,440.0,5.9,0.0,100
2023-12-26 15:00:00,22.5,45,318.0,6.5,0.0,97
2023-12-26 16:00:00,21.5,52,181.0,4.2,0.0,85
2023-12-26 17:00:00,18.4,64,44.0,7.1,0.0,99
2023-12-26 18:00:00,16.6,73,0.0,8.2,0.0,73
2023-12-26 19:00:00,17.0,71,0.0,6.7,0.0,100
2023-12-26 20:00:00,16.4,73,0.0,6.3,0.0,100
2023-12-26 21:00:00,15.4,77,0.0,6.7,0.0,99
2023-12-26 22:00:00,14.3,80,0.0,7.6,0.0,91
2023-12-26 23:00:00,13.2,83,0.0,8.0,0.0,100
2023-12-27 00:00:00,11.2,90,0.0,10.1,0.0,98
2023-12-27 01:00:00,10.9,90,0.0,9.5,0.0,96
2023-12-27 02:00:00,12.4,84,0.0,7.1,0.0,80
2023-12-27 03:00:00,10.4,90,0.0,7.7,0.0,69
2023-12-27 04:00:00,9.6,93,0.0,7.7,0.0,0
2023-12-27 05:00:00,9.2,93,0.0,6.7,0.0,0
2023-12-27 06:00:00,8.5,95,0.0,6.1,0.0,0
2023-12-27 07:00:00,8.7,96,2.0,5.0,0.0,3
2023-12-27 08:00:00,10.9,92,78.0,8.0,0.0,1
2023-12-27 09:00:00,14.2,80,235.0,5.7,0.0,0
2023-12-27 10:00:00,17.0,69,388.0,5.2,0.0,0
2023-12-27 11:00:00,19.0,61,501.0,5.6,0.0,0
2023-12-27 12:00:00,20.4,56,557.0,6.4,0.0,0
2023-12-27 13:00:00,21.2,53,548.0,6.9,0.0,16
2023-12-27 14:00:00,21.7,51,476.0,7.8,0.0,34
2023-12-27 15:00:00,21.6,52,348.0,8.5,0.0,30
2023-12-27 16:00:00,20.8,55,190.0,6.8,0.0,7
2023-12-27 17:00:00,16.6,74,46.0,9.8,0.0,0
2023-12-27 18:00:00,14.6,86,0.0,9.0,0.0,0
2023-12-27 19:00:00,13.9,88,0.0,8.9,0.0,0
2023-12-27 20:00:00,13.6,89,0.0,6.6,0.0,0
2023-12-27 21:00:00,12.9,91,0.0,6.6,0.0,0
2023-12-27 22:00:00,12.5,92,0.0,7.1,0.0,0
2023-12-27 23:00:00,12.2,92,0.0,7.4,0.0,0
2023-12-28 00:00:00,11.9,93,0.0,7.1,0.0,0
2023-12-28 01:00:00,11.6,94,0.0,7.2,0.0,0
2023-12-28 02:00:00,11.3,95,0.0,7.3,0.0,0
2023-12-28 03:00:00,10.8,96,0.0,7.1,0.0,0
2023-12-28 04:00:00,10.3,97,0.0,6.7,0.0,0
2023-12-28 05:00:00,9.8,98,0.0,6.5,0.0,0
2023-12-28 06:00:00,9.9,99,0.0,7.2,0.0,95
2023-12-28 07:00:00,9.7,99,2.0,6.9,0.0,100
2023-12-28 08:00:00,10.7,98,62.0,7.3,0.0,100
2023-12-28 09:00:00,11.8,96,160.0,6.9,0.0,100
2023-12-28 10:00:00,14.5,85,312.0,6.0,0.0,12
2023-12-28 11:00:00,17.1,74,497.0,5.7,0.0,4
2023-12-28 12:00:00,19.1,64,562.0,5.5,0.0,0
2023-12-28 13:00:00,20.3,57,556.0,5.7,0.0,0
2023-12-28 14:00:00,20.9,55,483.0,5.9,0.0,0
2023-12-28 15:00:00,20.8,55,357.0,6.7,0.0,0
2023-12-28 16:00:00,20.0,61,195.0,6.9,0.0,0
2023-12-28 17:00:00,16.2,81,48.0,8.9,0.0,0
2023-12-28 18:00:00,13.4,89,0.0,9.0,0.0,0
2023-12-28 19:00:00,12.4,92,0.0,10.3,0.0,0
2023-12-28 20:00:00,12.9,89,0.0,8.7,0.0,0
2023-12-28 21:00:00,14.3,85,0.0,6.5,0.0,0
2023-12-28 22:00:00,13.5,88,0.0,6.3,0.0,0
2023-12-28 23:00:00,12.5,92,0.0,5.5,0.0,0
2023-12-29 00:00:00,11.9,95,0.0,3.9,0.0,0
2023-12-29 01:00:00,11.5,99,0.0,2.5,0.0,0
2023-12-29 02:00:00,10.7,100,0.0,3.2,0.0,99
2023-12-29 03:00:00,9.0,100,0.0,4.6,0.0,100
2023-12-29 04:00:00,8.3,100,0.0,4.7,0.0,100
2023-12-29 05:00:00,8.3,99,0.0,2.3,0.0,100
2023-12-29 06:00:00,9.0,97,0.0,0.4,0.0,100
2023-12-29 07:00:00,9.3,99,1.0,0.4,0.0,100
2023-12-29 08:00:00,10.3,98,47.0,0.7,0.0,100
2023-12-29 09:00:00,11.5,95,130.0,1.6,0.0,100
2023-12-29 10:00:00,13.4,95,237.0,2.3,0.0,100
2023-12-29 11:00:00,16.2,82,347.0,1.5,0.0,38
2023-12-29 12:00:00,18.2,73,494.0,2.5,0.0,14
2023-12-29 13:00:00,19.4,66,532.0,1.9,0.0,0
2023-12-29 14:00:00,20.1,62,465.0,1.5,0.0,0
2023-12-29 15:00:00,20.2,61,354.0,2.1,0.0,55
2023-12-29 16:00:00,19.7,63,195.0,3.3,0.0,99
2023-12-29 17:00:00,17.3,75,48.0,5.2,0.0,100
2023-12-29 18:00:00,15.5,79,0.0,5.8,0.0,100
2023-12-29 19:00:00,15.4,79,0.0,0.8,0.0,100
2023-12-29 20:00:00,13.9,85,0.0,3.4,0.0,96
2023-12-29 21:00:00,11.7,94,0.0,4.3,0.0,99
2023-12-29 22:00:00,10.7,98,0.0,4.5,0.0,97
2023-12-29 23:00:00,9.3,100,0.0,6.4,0.0,100
2023-12-30 00:00:00,9.0,100,0.0,6.9,0.0,100
2023-12-30 01:00:00,9.0,100,0.0,7.0,0.0,100
2023-12-30 02:00:00,9.0,100,0.0,7.5,0.0,100
2023-12-30 03:00:00,9.2,100,0.0,6.0,0.0,100
2023-12-30 04:00:00,9.2,100,0.0,4.7,0.0,100
2023-12-30 05:00:00,9.5,100,0.0,3.8,0.0,100
2023-12-30 06:00:00,9.5,99,0.0,3.3,0.0,100
2023-12-30 07:00:00,9.7,99,1.0,3.0,0.0,100
2023-12-30 08:00:00,10.4,98,44.0,2.2,0.0,100
2023-12-30 09:00:00,11.4,97,137.0,1.5,0.0,100
2023-12-30 10:00:00,13.1,92,234.0,1.3,0.0,100
2023-12-30 11:00:00,16.1,80,359.0,1.1,0.0,100
2023-12-30 12:00:00,17.7,72,478.0,0.8,0.0,100
2023-12-30 13:00:00,18.5,69,461.0,2.6,0.0,100
2023-12-30 14:00:00,19.0,67,397.0,4.5,0.0,100
2023-12-30 15:00:00,18.7,68,276.0,6.0,0.0,100
2023-12-30 16:00:00,18.1,70,144.0,7.0,0.0,100
2023-12-30 17:00:00,15.9,82,37.0,5.4,0.0,100
2023-12-30 18:00:00,13.1,92,0.0,6.5,0.0,100
2023-12-30 19:00:00,12.2,95,0.0,7.2,0.0,100
2023-12-30 20:00:00,11.7,95,0.0,7.6,0.0,100
2023-12-30 21:00:00,11.1,96,0.0,7.8,0.0,83
2023-12-30 22:00:00,10.1,98,0.0,9.3,0.0,98
2023-12-30 23:00:00,10.1,98,0.0,7.1,0.0,54
2023-12-31 00:00:00,9.4,100,0.0,6.2,0.0,98
2023-12-31 01:00:00,9.0,100,0.0,6.4,0.0,100
2023-12-31 02:00:00,9.0,100,0.0,5.6,0.0,100
2023-12-31 03:00:00,9.9,99,0.0,3.1,0.0,100
2023-12-31 04:00:00,9.7,100,0.0,3.6,0.0,100
2023-12-31 05:00:00,9.5,100,0.0,3.1,0.0,100
2023-12-31 06:00:00,11.7,92,0.0,3.5,0.0,17
2023-12-31 07:00:00,12.0,91,1.0,2.5,0.0,25
2023-12-31 08:00:00,12.9,88,43.0,1.9,0.0,32
2023-12-31 09:00:00,14.0,77,168.0,3.1,0.0,20
2023-12-31 10:00:00,15.1,72,330.0,3.6,0.0,20
2023-12-31 11:00:00,16.3,68,446.0,3.0,0.0,20
2023-12-31 12:00:00,17.5,63,548.0,3.1,0.0,11
2023-12-31 13:00:00,18.3,60,552.0,2.7,0.0,3
2023-12-31 14:00:00,18.7,59,482.0,2.3,0.0,1
2023-12-31 15:00:00,18.7,58,358.0,2.6,0.0,0
2023-12-31 16:00:00,18.2,60,200.0,4.0,0.0,1
2023-12-31 17:00:00,14.8,80,52.0,8.0,0.0,0
2023-12-31 18:00:00,13.7,76,0.0,4.1,0.0,13
2023-12-31 19:00:00,11.1,88,0.0,6.8,0.0,7
2023-12-31 20:00:00,10.2,91,0.0,6.6,0.0,0
2023-12-31 21:00:00,9.3,94,0.0,7.0,0.0,0
2023-12-31 22:00:00,8.4,96,0.0,7.2,0.0,0
2023-12-31 23:00:00,7.6,98,0.0,7.2,0.0,0
2024-01-01 00:00:00,7.0,99,0.0,6.9,0.0,0
2024-01-01 01:00:00,6.8,100,0.0,6.9,0.0,0
2024-01-01 02:00:00,6.8,100,0.0,5.2,0.0,100
2024-01-01 03:00:00,5.9,100,0.0,4.6,0.0,100
2024-01-01 04:00:00,6.4,99,0.0,3.3,0.0,100
2024-01-01 05:00:00,6.4,100,0.0,3.8,0.0,100
2024-01-01 06:00:00,10.1,88,0.0,4.0,0.0,100
2024-01-01 07:00:00,10.4,87,1.0,4.0,0.0,100
2024-01-01 08:00:00,11.2,85,48.0,5.8,0.0,100
2024-01-01 09:00:00,11.8,80,156.0,5.8,0.0,73
2024-01-01 10:00:00,12.8,72,260.0,4.7,0.0,78
2024-01-01 11:00:00,13.7,70,367.0,3.3,0.0,62
2024-01-01 12:00:00,14.8,67,503.0,3.4,0.0,39
2024-01-01 13:00:00,15.6,62,519.0,4.8,0.0,31
2024-01-01 14:00:00,16.1,62,482.0,6.4,0.0,21
2024-01-01 15:00:00,16.2,62,365.0,7.7,0.0,11
2024-01-01 16:00:00,15.6,66,204.0,8.2,0.0,3
2024-01-01 17:00:00,13.1,80,54.0,5.6,0.0,1
2024-01-01 18:00:00,10.5,90,0.0,6.1,0.0,10
2024-01-01 19:00:00,9.6,93,0.0,5.9,0.0,0
2024-01-01 20:00:00,8.9,93,0.0,6.0,0.0,0
2024-01-01 21:00:00,7.9,95,0.0,5.7,0.0,0
2024-01-01 22:00:00,7.1,96,0.0,6.5,0.0,0
2024-01-01 23:00:00,6.5,97,0.0,7.0,0.0,0
2024-01-02 00:00:00,5.7,98,0.0,8.2,0.0,0
2024-01-02 01:00:00,5.4,99,0.0,7.9,0.0,0
2024-01-02 02:00:00,4.8,100,0.0,7.7,0.0,0
2024-01-02 03:00:00,4.6,100,0.0,6.4,0.0,0
2024-01-02 04:00:00,4.7,100,0.0,4.9,0.0,100
2024-01-02 05:00:00,4.7,100,0.0,4.3,0.0,100
2024-01-02 06:00:00,7.6,93,0.0,6.1,0.0,98
2024-01-02 07:00:00,7.9,93,1.0,5.3,0.0,89
2024-01-02 08:00:00,8.8,90,52.0,5.5,0.0,90
2024-01-02 09:00:00,10.0,82,156.0,4.0,0.0,77
2024-01-02 10:00:00,11.2,73,294.0,1.1,0.0,65
2024-01-02 11:00:00,12.3,69,407.0,1.1,0.0,64
2024-01-02 12:00:00,13.5,66,535.0,2.2,0.0,11
2024-01-02 13:00:00,14.6,63,551.0,3.3,0.0,8
2024-01-02 14:00:00,15.2,63,486.0,4.0,0.0,4
2024-01-02 15:00:00,15.3,64,366.0,5.6,0.0,1
2024-01-02 16:00:00,14.7,66,209.0,6.8,0.0,3
2024-01-02 17:00:00,11.6,82,56.0,7.9,0.0,1
2024-01-02 18:00:00,9.6,90,0.0,6.4,0.0,2
2024-01-02 19:00:00,8.8,92,0.0,6.9,0.0,0
2024-01-02 20:00:00,7.9,93,0.0,6.6,0.0,0
2024-01-02 21:00:00,6.8,95,0.0,8.2,0.0,0
2024-01-02 22:00:00,6.5,95,0.0,7.2,0.0,1
2024-01-02 23:00:00,6.3,96,0.0,6.5,0.0,0
2024-01-03 00:00:00,6.0,96,0.0,6.1,0.0,0
2024-01-03 01:00:00,5.1,99,0.0,6.9,0.0,29
2024-01-03 02:00:00,4.8,100,0.0,7.8,0.0,54
2024-01-03 03:00:00,5.2,100,0.0,6.8,0.0,100
2024-01-03 04:00:00,5.7,100,0.0,5.4,0.0,100
2024-01-03 05:00:00,5.2,100,0.0,2.6,0.0,100
2024-01-03 06:00:00,6.2,99,0.0,4.2,0.0,100
2024-01-03 07:00:00,6.7,100,1.0,3.8,0.0,100
2024-01-03 08:00:00,7.7,98,44.0,3.1,0.0,100
2024-01-03 09:00:00,8.9,98,130.0,3.6,0.0,100
2024-01-03 10:00:00,10.2,92,213.0,3.1,0.0,100
2024-01-03 11:00:00,12.7,81,325.0,2.9,0.0,52
2024-01-03 12:00:00,14.7,69,469.0,0.8,0.0,62
2024-01-03 13:00:00,15.5,66,475.0,4.2,0.0,39
2024-01-03 14:00:00,15.9,65,457.0,6.8,0.0,19
2024-01-03 15:00:00,15.8,66,347.0,7.1,0.0,20
2024-01-03 16:00:00,15.2,68,198.0,7.0,0.0,14
2024-01-03 17:00:00,12.4,83,54.0,8.2,0.0,0
2024-01-03 18:00:00,11.6,81,0.0,10.4,0.0,0
2024-01-03 19:00:00,10.2,87,0.0,8.7,0.0,0
2024-01-03 20:00:00,9.1,93,0.0,6.8,0.0,6
2024-01-03 21:00:00,8.3,94,0.0,5.3,0.0,10
2024-01-03 22:00:00,7.6,96,0.0,5.4,0.0,12
2024-01-03 23:00:00,7.6,96,0.0,5.2,0.0,11
2024-01-04 00:00:00,7.3,96,0.0,5.5,0.0,7
2024-01-04 01:00:00,6.6,97,0.0,6.6,0.0,3
2024-01-04 02:00:00,6.2,97,0.0,6.2,0.0,1
2024-01-04 03:00:00,5.8,99,0.0,5.4,0.0,4
2024-01-04 04:00:00,5.4,100,0.0,4.6,0.0,9
2024-01-04 05:00:00,5.2,100,0.0,4.2,0.0,99
2024-01-04 06:00:00,8.8,90,0.0,5.8,0.0,44
2024-01-04 07:00:00,9.0,89,1.0,5.0,0.0,96
2024-01-04 08:00:00,9.8,86,51.0,6.2,0.0,57
2024-01-04 09:00:00,11.6,80,196.0,7.2,0.0,34
2024-01-04 10:00:00,13.7,73,355.0,7.3,0.0,8
2024-01-04 11:00:00,15.4,68,479.0,7.4,0.0,1
2024-01-04 12:00:00,16.7,64,560.0,3.4,0.0,54
2024-01-04 13:00:00,17.6,60,544.0,2.9,0.0,66
2024-01-04 14:00:00,17.8,58,359.0,3.3,0.0,36
2024-01-04 15:00:00,17.9,57,261.0,3.3,0.0,35
2024-01-04 16:00:00,17.6,58,160.0,4.9,0.0,22
2024-01-04 17:00:00,15.8,67,49.0,7.7,0.0,2
2024-01-04 18:00:00,13.7,80,0.0,8.3,0.0,100
2024-01-04 19:00:00,13.1,82,0.0,9.3,0.0,100
2024-01-04 20:00:00,12.5,85,0.0,10.2,0.0,61
2024-01-04 21:00:00,10.8,93,0.0,9.3,0.0,0
2024-01-04 22:00:00,9.8,95,0.0,7.4,0.0,3
2024-01-04 23:00:00,8.9,97,0.0,6.0,0.0,21
2024-01-05 00:00:00,8.6,97,0.0,5.9,0.0,96
2024-01-05 01:00:00,8.4,98,0.0,5.3,0.0,96
2024-01-05 02:00:00,8.5,98,0.0,5.2,0.0,100
2024-01-05 03:00:00,9.2,97,0.0,6.3,0.0,100
2024-01-05 04:00:00,9.7,95,0.0,7.9,0.0,26
2024-01-05 05:00:00,9.2,97,0.0,6.6,0.0,56
2024-01-05 06:00:00,10.5,92,0.0,6.1,0.1,100
2024-01-05 07:00:00,10.5,93,0.0,5.2,0.0,100
2024-01-05 08:00:00,11.0,90,30.0,4.4,0.0,83
2024-01-05 09:00:00,11.8,87,95.0,4.0,0.0,72
2024-01-05 10:00:00,12.9,82,169.0,4.4,0.0,27
2024-01-05 11:00:00,14.9,75,390.0,4.0,0.0,68
2024-01-05 12:00:00,16.6,67,532.0,3.6,0.0,100
2024-01-05 13:00:00,16.8,65,308.0,4.8,0.0,100
2024-01-05 14:00:00,17.0,63,216.0,3.4,0.0,98
2024-01-05 15:00:00,17.3,61,205.0,2.6,0.0,29
2024-01-05 16:00:00,17.1,60,111.0,5.0,0.0,34
2024-01-05 17:00:00,16.1,65,30.0,6.1,0.0,73
2024-01-05 18:00:00,11.2,90,0.0,6.6,0.0,8
2024-01-05 19:00:00,10.5,92,0.0,7.6,0.0,9
2024-01-05 20:00:00,9.7,94,0.0,6.8,0.0,9
2024-01-05 21:00:00,9.1,95,0.0,6.6,0.0,4
2024-01-05 22:00:00,8.4,96,0.0,7.3,0.0,2
2024-01-05 23:00:00,7.3,97,0.0,9.7,0.0,3
2024-01-06 00:00:00,7.3,97,0.0,9.0,0.0,9
2024-01-06 01:00:00,7.6,98,0.0,6.6,0.0,12
2024-01-06 02:00:00,6.6,99,0.0,7.1,0.0,8
2024-01-06 03:00:00,6.3,100,0.0,5.7,0.0,100
2024-01-06 04:00:00,6.6,100,0.0,4.7,0.0,100
2024-01-06 05:00:00,7.2,100,0.0,4.6,0.0,100
2024-01-06 06:00:00,9.2,96,0.0,6.2,0.0,100
2024-01-06 07:00:00,9.6,95,1.0,6.2,0.0,100
2024-01-06 08:00:00,10.8,90,42.0,4.2,0.0,100
2024-01-06 09:00:00,12.3,84,115.0,5.8,0.0,100
2024-01-06 10:00:00,13.6,77,222.0,7.4,0.0,53
2024-01-06 11:00:00,14.9,67,363.0,7.3,0.0,60
2024-01-06 12:00:00,15.7,62,364.0,7.3,0.0,63
2024-01-06 13:00:00,16.3,59,402.0,5.6,0.0,95
2024-01-06 14:00:00,16.8,58,457.0,4.3,0.0,16
2024-01-06 15:00:00,16.9,58,343.0,4.3,0.0,0
2024-01-06 16:00:00,16.6,59,200.0,3.9,0.0,1
2024-01-06 17:00:00,13.7,75,60.0,6.1,0.0,4
2024-01-06 18:00:00,12.5,79,0.0,4.0,0.0,53
2024-01-06 19:00:00,12.8,79,0.0,4.0,0.0,90
2024-01-06 20:00:00,12.7,78,0.0,6.2,0.0,100
2024-01-06 21:00:00,12.2,79,0.0,6.1,0.0,100
2024-01-06 22:00:00,11.0,84,0.0,5.0,0.0,96
2024-01-06 23:00:00,11.0,84,0.0,6.9,0.0,70
2024-01-07 00:00:00,10.7,85,0.0,6.4,0.0,19
2024-01-07 01:00:00,10.2,86,0.0,5.5,0.0,93
2024-01-07 02:00:00,9.8,88,0.0,5.2,0.0,56
2024-01-07 03:00:00,9.1,93,0.0,6.4,0.0,2
2024-01-07 04:00:00,9.0,93,0.0,6.5,0.0,98
2024-01-07 05:00:00,9.4,93,0.0,5.6,0.0,98
2024-01-07 06:00:00,6.2,96,0.0,6.5,0.0,0
2024-01-07 07:00:00,6.1,95,1.0,5.4,0.0,0
2024-01-07 08:00:00,8.6,89,75.0,6.1,0.0,0
2024-01-07 09:00:00,11.5,80,233.0,3.4,0.0,0
2024-01-07 10:00:00,13.7,72,393.0,3.3,0.0,0
2024-01-07 11:00:00,15.2,66,513.0,2.9,0.0,0
2024-01-07 12:00:00,16.2,62,575.0,4.1,0.0,0
2024-01-07 13:00:00,16.9,60,573.0,4.7,0.0,2
2024-01-07 14:00:00,17.4,58,504.0,4.2,0.0,0
2024-01-07 15:00:00,17.5,58,380.0,3.4,0.0,0
2024-01-07 16:00:00,17.1,59,218.0,2.2,0.0,0
2024-01-07 17:00:00,16.4,61,63.0,2.6,0.0,0
2024-01-07 18:00:00,11.1,82,0.0,4.3,0.0,0
2024-01-07 19:00:00,9.7,89,0.0,5.2,0.0,0
2024-01-07 20:00:00,9.1,91,0.0,6.1,0.0,1
2024-01-07 21:00:00,8.6,92,0.0,7.1,0.0,5
2024-01-07 22:00:00,8.1,93,0.0,6.9,0.0,14
2024-01-07 23:00:00,7.6,93,0.0,6.2,0.0,16
2024-01-08 00:00:00,6.8,95,0.0,6.8,0.0,6
2024-01-08 01:00:00,6.6,95,0.0,6.9,0.0,5
2024-01-08 02:00:00,6.8,95,0.0,6.6,0.0,9
2024-01-08 03:00:00,6.3,96,0.0,7.9,0.0,12
2024-01-08 04:00:00,6.0,97,0.0,7.9,0.0,12
2024-01-08 05:00:00,5.5,98,0.0,8.9,0.0,3
2024-01-08 06:00:00,6.0,98,0.0,8.0,0.0,0
2024-01-08 07:00:00,6.4,98,1.0,7.5,0.0,12
2024-01-08 08:00:00,8.4,98,66.0,5.0,0.0,100
2024-01-08 09:00:00,10.8,94,189.0,4.4,0.0,100
2024-01-08 10:00:00,13.5,85,356.0,4.1,0.0,10
2024-01-08 11:00:00,15.8,72,513.0,3.6,0.0,0
2024-01-08 12:00:00,17.0,67,568.0,3.7,0.0,1
2024-01-08 13:00:00,17.9,64,563.0,3.2,0.0,0
2024-01-08 14:00:00,18.4,63,501.0,3.1,0.0,0
2024-01-08 15:00:00,18.4,63,380.0,2.7,0.0,0
2024-01-08 16:00:00,18.0,64,220.0,2.5,0.0,0
2024-01-08 17:00:00,16.5,71,64.0,4.7,0.0,0
2024-01-08 18:00:00,11.5,88,0.0,8.6,0.0,0
2024-01-08 19:00:00,10.7,91,0.0,8.4,0.0,0
2024-01-08 20:00:00,9.5,94,0.0,8.7,0.0,0
2024-01-08 21:00:00,8.8,96,0.0,8.4,0.0,0
2024-01-08 22:00:00,8.2,97,0.0,8.2,0.0,0
2024-01-08 23:00:00,7.8,98,0.0,6.4,0.0,0
2024-01-09 00:00:00,7.3,99,0.0,6.2,0.0,51
2024-01-09 01:00:00,6.9,100,0.0,6.6,0.0,82
2024-01-09 02:00:00,6.9,100,0.0,6.3,0.0,74
2024-01-09 03:00:00,7.2,98,0.0,7.4,0.0,35
2024-01-09 04:00:00,6.7,98,0.0,6.0,0.0,15
2024-01-09 05:00:00,6.2,98,0.0,7.2,0.0,7
2024-01-09 06:00:00,7.2,98,0.0,5.1,0.0,0
2024-01-09 07:00:00,6.8,99,1.0,4.5,0.0,48
2024-01-09 08:00:00,8.5,93,66.0,5.8,0.0,24
2024-01-09 09:00:00,10.9,86,211.0,4.2,0.0,1
2024-01-09 10:00:00,13.8,76,390.0,5.8,0.0,0
2024-01-09 11:00:00,15.9,71,513.0,11.4,0.0,0
2024-01-09 12:00:00,17.0,68,569.0,13.2,0.0,5
2024-01-09 13:00:00,17.7,65,564.0,13.9,0.0,5
2024-01-09 14:00:00,18.0,63,497.0,13.0,0.0,2
2024-01-09 15:00:00,18.0,62,380.0,11.8,0.0,1
2024-01-09 16:00:00,17.4,66,221.0,12.1,0.0,0
2024-01-09 17:00:00,15.3,77,66.0,9.8,0.0,1
2024-01-09 18:00:00,10.7,88,0.0,10.8,0.0,2
2024-01-09 19:00:00,9.6,92,0.0,9.6,0.0,0
2024-01-09 20:00:00,8.8,93,0.0,10.9,0.0,0
2024-01-09 21:00:00,8.0,94,0.0,11.2,0.0,0
2024-01-09 22:00:00,7.3,95,0.0,11.0,0.0,0
2024-01-09 23:00:00,6.7,95,0.0,10.1,0.0,0
2024-01-10 00:00:00,6.2,95,0.0,12.1,0.0,0
2024-01-10 01:00:00,5.8,95,0.0,13.2,0.0,0
2024-01-10 02:00:00,5.3,95,0.0,12.9,0.0,0
2024-01-10 03:00:00,4.9,95,0.0,12.2,0.0,0
2024-01-10 04:00:00,4.7,95,0.0,11.9,0.0,0
2024-01-10 05:00:00,4.6,95,0.0,13.1,0.0,0
2024-01-10 06:00:00,5.3,97,0.0,13.9,0.0,7
2024-01-10 07:00:00,5.4,96,1.0,14.8,0.0,3
2024-01-10 08:00:00,6.6,90,71.0,15.0,0.0,4
2024-01-10 09:00:00,8.5,83,236.0,14.8,0.0,3
2024-01-10 10:00:00,10.4,78,402.0,14.2,0.0,5
2024-01-10 11:00:00,12.2,73,528.0,13.4,0.0,5
2024-01-10 12:00:00,13.8,69,592.0,14.1,0.0,8
2024-01-10 13:00:00,15.0,64,588.0,14.5,0.0,5
2024-01-10 14:00:00,15.7,62,526.0,14.3,0.0,0
2024-01-10 15:00:00,15.8,62,400.0,14.1,0.0,0
2024-01-10 16:00:00,15.2,65,235.0,13.5,0.0,0
2024-01-10 17:00:00,13.3,75,71.0,11.2,0.0,0
2024-01-10 18:00:00,10.1,87,1.0,11.3,0.0,0
2024-01-10 19:00:00,9.6,89,0.0,12.9,0.0,0
2024-01-10 20:00:00,9.1,91,0.0,12.9,0.0,0
2024-01-10 21:00:00,8.5,92,0.0,11.9,0.0,0
2024-01-10 22:00:00,7.9,92,0.0,9.8,0.0,0
2024-01-10 23:00:00,7.2,93,0.0,8.3,0.0,0
2024-01-11 00:00:00,6.8,94,0.0,9.1,0.0,0
2024-01-11 01:00:00,6.5,94,0.0,10.1,0.0,0
2024-01-11 02:00:00,6.2,94,0.0,11.2,0.0,0
2024-01-11 03:00:00,6.0,95,0.0,11.9,0.0,0
2024-01-11 04:00:00,5.8,95,0.0,11.9,0.0,0
2024-01-11 05:00:00,5.6,95,0.0,10.8,0.0,0
2024-01-11 06:00:00,6.2,100,0.0,10.4,0.0,100
2024-01-11 07:00:00,6.5,99,1.0,11.3,0.0,100
2024-01-11 08:00:00,6.9,99,32.0,12.0,0.0,100
2024-01-11 09:00:00,7.5,97,109.0,11.5,0.0,100
2024-01-11 10:00:00,9.2,88,188.0,9.7,0.0,100
2024-01-11 11:00:00,11.3,79,364.0,9.4,0.0,67
2024-01-11 12:00:00,13.2,74,533.0,9.2,0.0,28
2024-01-11 13:00:00,14.5,70,579.0,9.7,0.0,16
2024-01-11 14:00:00,15.3,68,518.0,10.2,0.0,7
2024-01-11 15:00:00,15.5,67,398.0,11.4,0.0,3
2024-01-11 16:00:00,14.9,69,237.0,11.5,0.0,1
2024-01-11 17:00:00,12.7,81,73.0,7.9,0.0,0
2024-01-11 18:00:00,11.0,85,1.0,9.6,0.0,0
2024-01-11 19:00:00,10.0,89,0.0,9.2,0.0,0
2024-01-11 20:00:00,9.2,91,0.0,8.4,0.0,0
2024-01-11 21:00:00,8.3,93,0.0,7.6,0.0,0
2024-01-11 22:00:00,7.7,94,0.0,7.4,0.0,0
2024-01-11 23:00:00,7.4,95,0.0,8.2,0.0,0
2024-01-12 00:00:00,7.5,94,0.0,11.1,0.0,0
2024-01-12 01:00:00,7.2,94,0.0,9.5,0.0,0
2024-01-12 02:00:00,6.8,95,0.0,9.4,0.0,0
2024-01-12 03:00:00,6.5,96,0.0,10.4,0.0,0
2024-01-12 04:00:00,6.3,96,0.0,10.1,0.0,0
2024-01-12 05:00:00,6.1,96,0.0,10.8,0.0,0
2024-01-12 06:00:00,5.9,98,0.0,11.2,0.0,100
2024-01-12 07:00:00,5.6,99,1.0,11.6,0.0,100
2024-01-12 08:00:00,6.6,98,48.0,12.2,0.0,100
2024-01-12 09:00:00,7.9,97,124.0,12.4,0.0,100
2024-01-12 10:00:00,9.8,91,254.0,11.4,0.0,93
2024-01-12 11:00:00,12.7,79,471.0,10.8,0.0,18
2024-01-12 12:00:00,14.8,69,590.0,8.8,0.0,1
2024-01-12 13:00:00,16.4,60,598.0,9.0,0.0,0
2024-01-12 14:00:00,17.3,57,531.0,9.8,0.0,31
2024-01-12 15:00:00,17.4,58,404.0,10.0,0.0,2
2024-01-12 16:00:00,16.8,61,239.0,9.0,0.0,3
2024-01-12 17:00:00,13.6,79,75.0,7.0,0.0,0
2024-01-12 18:00:00,11.6,85,1.0,7.7,0.0,0
2024-01-12 19:00:00,10.6,88,0.0,7.6,0.0,30
2024-01-12 20:00:00,9.4,91,0.0,7.3,0.0,48
2024-01-12 21:00:00,8.4,94,0.0,8.3,0.0,52
2024-01-12 22:00:00,7.5,95,0.0,9.9,0.0,41
2024-01-12 23:00:00,9.3,93,0.0,6.2,0.0,27
2024-01-13 00:00:00,8.9,95,0.0,3.8,0.0,70
2024-01-13 01:00:00,6.1,99,0.0,4.9,0.0,75
2024-01-13 02:00:00,6.0,99,0.0,5.0,0.0,100
2024-01-13 03:00:00,5.9,100,0.0,5.9,0.0,100
2024-01-13 04:00:00,6.1,100,0.0,4.4,0.0,100
2024-01-13 05:00:00,6.2,99,0.0,5.1,0.0,100
2024-01-13 06:00:00,5.9,99,0.0,3.6,0.0,100
2024-01-13 07:00:00,6.1,96,1.0,4.3,0.0,100
2024-01-13 08:00:00,7.0,95,43.0,4.1,0.0,100
2024-01-13 09:00:00,7.9,96,117.0,2.9,0.0,100
2024-01-13 10:00:00,9.9,93,227.0,3.0,0.0,100
2024-01-13 11:00:00,12.6,80,379.0,2.6,0.0,100
2024-01-13 12:00:00,15.3,65,503.0,2.2,0.0,100
2024-01-13 13:00:00,17.0,55,499.0,2.9,0.0,100
2024-01-13 14:00:00,17.9,51,431.0,2.8,0.0,99
2024-01-13 15:00:00,18.1,50,331.0,2.3,0.0,100
2024-01-13 16:00:00,17.6,59,200.0,1.8,0.0,100
2024-01-13 17:00:00,14.8,68,67.0,6.1,0.0,91
2024-01-13 18:00:00,11.6,87,1.0,7.2,0.0,0
2024-01-13 19:00:00,9.9,89,0.0,9.2,0.0,0
2024-01-13 20:00:00,8.7,91,0.0,10.2,0.0,0
2024-01-13 21:00:00,9.4,88,0.0,7.6,0.0,0
2024-01-13 22:00:00,10.1,86,0.0,5.2,0.0,0
2024-01-13 23:00:00,9.6,88,0.0,3.2,0.0,0
2024-01-14 00:00:00,9.2,91,0.0,3.3,0.0,0
2024-01-14 01:00:00,8.6,93,0.0,4.4,0.0,0
2024-01-14 02:00:00,5.6,100,0.0,5.5,0.0,4
2024-01-14 03:00:00,4.8,99,0.0,4.5,0.0,99
2024-01-14 04:00:00,5.3,100,0.0,5.8,0.0,100
2024-01-14 05:00:00,5.1,100,0.0,6.5,0.0,100
2024-01-14 06:00:00,5.2,100,0.0,6.0,0.0,100
2024-01-14 07:00:00,5.1,99,1.0,5.6,0.0,100
2024-01-14 08:00:00,5.4,98,37.0,5.9,0.0,100
2024-01-14 09:00:00,6.9,94,128.0,6.9,0.0,100
2024-01-14 10:00:00,8.9,92,264.0,6.9,0.0,100
2024-01-14 11:00:00,12.0,79,450.0,6.9,0.0,23
2024-01-14 12:00:00,14.9,67,599.0,7.1,0.0,0
2024-01-14 13:00:00,16.7,58,605.0,6.9,0.0,0
2024-01-14 14:00:00,17.7,54,541.0,6.9,0.0,0
2024-01-14 15:00:00,18.0,52,416.0,7.1,0.0,0
2024-01-14 16:00:00,17.3,56,250.0,7.4,0.0,0
2024-01-14 17:00:00,13.6,75,81.0,7.4,0.0,0
2024-01-14 18:00:00,10.8,86,1.0,8.8,0.0,4
2024-01-14 19:00:00,9.6,89,0.0,10.0,0.0,9
2024-01-14 20:00:00,8.8,91,0.0,9.7,0.0,0
2024-01-14 21:00:00,8.3,93,0.0,8.4,0.0,0
2024-01-14 22:00:00,7.7,94,0.0,7.7,0.0,0
2024-01-14 23:00:00,7.3,94,0.0,7.6,0.0,0
2024-01-15 00:00:00,6.7,96,0.0,7.4,0.0,0
2024-01-15 01:00:00,5.9,97,0.0,7.1,0.0,0
2024-01-15 02:00:00,5.2,98,0.0,7.1,0.0,0
2024-01-15 03:00:00,5.1,99,0.0,6.6,0.0,8
2024-01-15 04:00:00,5.0,99,0.0,7.6,0.0,64
2024-01-15 05:00:00,5.0,100,0.0,8.5,0.0,100
2024-01-15 06:00:00,5.4,100,0.0,8.7,0.0,100
2024-01-15 07:00:00,5.7,99,1.0,8.2,0.0,100
2024-01-15 08:00:00,6.0,98,42.0,7.9,0.0,100
2024-01-15 09:00:00,7.0,97,141.0,8.8,0.0,100
2024-01-15 10:00:00,8.9,88,268.0,7.9,0.0,84
2024-01-15 11:00:00,11.3,78,485.0,7.1,0.0,61
2024-01-15 12:00:00,13.4,70,594.0,7.0,0.0,73
2024-01-15 13:00:00,15.0,61,609.0,7.0,0.0,51
2024-01-15 14:00:00,15.9,57,549.0,7.9,0.0,52
2024-01-15 15:00:00,16.1,56,421.0,8.0,0.0,73
2024-01-15 16:00:00,15.5,59,253.0,6.8,0.0,80
2024-01-15 17:00:00,12.1,79,83.0,8.4,0.0,72
2024-01-15 18:00:00,11.4,75,2.0,6.1,0.0,22
2024-01-15 19:00:00,9.8,82,0.0,7.0,0.0,99
2024-01-15 20:00:00,7.9,90,0.0,9.0,0.0,83
2024-01-15 21:00:00,7.3,91,0.0,8.6,0.0,53
2024-01-15 22:00:00,7.1,91,0.0,7.9,0.0,26
2024-01-15 23:00:00,6.6,93,0.0,6.8,0.0,91
2024-01-16 00:00:00,5.2,97,0.0,7.6,0.0,92
2024-01-16 01:00:00,4.6,99,0.0,8.3,0.0,99
2024-01-16 02:00:00,6.2,98,0.0,6.1,0.0,100
2024-01-16 03:00:00,5.8,99,0.0,4.1,0.0,100
2024-01-16 04:00:00,3.9,100,0.0,3.1,0.0,100
2024-01-16 05:00:00,4.3,98,0.0,2.5,0.0,100
2024-01-16 06:00:00,4.6,99,0.0,1.9,0.0,100
2024-01-16 07:00:00,4.8,99,1.0,3.2,0.0,100
2024-01-16 08:00:00,5.4,98,49.0,2.7,0.0,100
2024-01-16 09:00:00,6.7,96,142.0,2.9,0.0,100
2024-01-16 10:00:00,8.5,91,262.0,2.0,0.0,100
2024-01-16 11:00:00,11.6,82,413.0,3.0,0.0,8
2024-01-16 12:00:00,14.4,67,560.0,3.3,0.0,0
2024-01-16 13:00:00,16.3,60,614.0,3.3,0.0,0
2024-01-16 14:00:00,17.2,55,551.0,3.6,0.0,0
2024-01-16 15:00:00,17.5,53,424.0,4.7,0.0,0
2024-01-16 16:00:00,17.0,55,256.0,5.1,0.0,17
2024-01-16 17:00:00,13.2,74,84.0,8.1,0.0,1
2024-01-16 18:00:00,10.5,84,2.0,8.0,0.0,15
2024-01-16 19:00:00,9.1,87,0.0,10.3,0.0,2
2024-01-16 20:00:00,8.1,88,0.0,11.0,0.0,7
2024-01-16 21:00:00,7.3,90,0.0,10.6,0.0,0
2024-01-16 22:00:00,6.7,91,0.0,9.0,0.0,0
2024-01-16 23:00:00,6.4,92,0.0,7.4,0.0,0
2024-01-17 00:00:00,6.0,94,0.0,7.0,0.0,0
2024-01-17 01:00:00,5.7,95,0.0,6.9,0.0,0
2024-01-17 02:00:00,5.5,96,0.0,7.1,0.0,0
2024-01-17 03:00:00,5.1,96,0.0,7.1,0.0,0
2024-01-17 04:00:00,4.8,97,0.0,7.9,0.0,0
2024-01-17 05:00:00,4.4,97,0.0,8.6,0.0,0
2024-01-17 06:00:00,4.0,99,0.0,9.2,0.0,4
2024-01-17 07:00:00,4.1,100,1.0,8.1,0.0,28
2024-01-17 08:00:00,7.4,95,81.0,9.3,0.0,0
2024-01-17 09:00:00,10.9,85,256.0,6.6,0.0,15
2024-01-17 10:00:00,13.4,75,425.0,8.4,0.0,25
2024-01-17 11:00:00,15.0,66,546.0,8.4,0.0,0
2024-01-17 12:00:00,16.3,60,613.0,8.2,0.0,0
2024-01-17 13:00:00,17.2,56,614.0,7.7,0.0,0
2024-01-17 14:00:00,17.7,55,548.0,7.0,0.0,1
2024-01-17 15:00:00,17.8,56,423.0,6.4,0.0,0
2024-01-17 16:00:00,17.2,59,256.0,6.4,0.0,0
2024-01-17 17:00:00,13.9,77,86.0,6.9,0.0,0
2024-01-17 18:00:00,10.7,87,2.0,8.3,0.0,0
2024-01-17 19:00:00,9.5,90,0.0,8.9,0.0,0
2024-01-17 20:00:00,8.7,92,0.0,8.8,0.0,0
2024-01-17 21:00:00,7.9,94,0.0,10.7,0.0,0
2024-01-17 22:00:00,7.4,96,0.0,10.7,0.0,0
2024-01-17 23:00:00,7.0,97,0.0,10.1,0.0,0
2024-01-18 00:00:00,7.1,98,0.0,7.2,0.0,0
2024-01-18 01:00:00,6.9,99,0.0,6.9,0.0,16
2024-01-18 02:00:00,6.4,100,0.0,8.0,0.0,35
2024-01-18 03:00:00,6.7,100,0.0,5.8,0.0,100
2024-01-18 04:00:00,7.0,99,0.0,5.5,0.0,100
2024-01-18 05:00:00,6.8,100,0.0,5.7,0.0,100
2024-01-18 06:00:00,6.0,99,0.0,2.4,0.0,100
2024-01-18 07:00:00,6.1,99,1.0,1.0,0.0,100
2024-01-18 08:00:00,7.1,98,44.0,1.1,0.0,100
2024-01-18 09:00:00,8.3,94,134.0,1.5,0.0,100
2024-01-18 10:00:00,10.4,90,243.0,0.8,0.0,100
2024-01-18 11:00:00,12.7,86,364.0,1.1,0.0,23
2024-01-18 12:00:00,15.4,75,565.0,2.2,0.0,66
2024-01-18 13:00:00,17.2,66,583.0,4.5,0.0,41
2024-01-18 14:00:00,17.4,65,493.0,3.6,0.0,31
2024-01-18 15:00:00,17.5,64,393.0,3.3,0.0,24
2024-01-18 16:00:00,17.1,65,246.0,1.8,0.0,6
2024-01-18 17:00:00,16.4,68,85.0,2.3,0.0,1
2024-01-18 18:00:00,14.0,75,2.0,3.8,0.0,0
2024-01-18 19:00:00,13.0,79,0.0,2.5,0.0,0
2024-01-18 20:00:00,11.0,86,0.0,2.3,0.0,0
2024-01-18 21:00:00,11.4,86,0.0,2.1,0.0,0
2024-01-18 22:00:00,11.2,87,0.0,0.8,0.0,0
2024-01-18 23:00:00,11.1,87,0.0,2.6,0.0,0
2024-01-19 00:00:00,10.9,89,0.0,3.4,0.0,0
2024-01-19 01:00:00,10.5,91,0.0,2.2,0.0,0
2024-01-19 02:00:00,8.5,96,0.0,2.7,0.0,0
2024-01-19 03:00:00,6.3,100,0.0,3.9,0.0,98
2024-01-19 04:00:00,6.4,99,0.0,4.6,0.0,100
2024-01-19 05:00:00,6.5,100,0.0,6.0,0.0,100
2024-01-19 06:00:00,6.5,100,0.0,4.2,0.0,100
2024-01-19 07:00:00,6.7,100,1.0,5.4,0.0,100
2024-01-19 08:00:00,7.9,97,41.0,6.1,0.0,100
2024-01-19 09:00:00,9.0,93,134.0,3.6,0.0,100
2024-01-19 10:00:00,10.6,91,213.0,2.6,0.0,100
2024-01-19 11:00:00,13.0,84,352.0,1.8,0.0,69
2024-01-19 12:00:00,15.0,74,479.0,2.5,0.0,59
2024-01-19 13:00:00,16.1,70,567.0,4.2,0.0,29
2024-01-19 14:00:00,16.7,67,517.0,5.5,0.0,6
2024-01-19 15:00:00,16.8,65,413.0,5.4,0.0,4
2024-01-19 16:00:00,16.4,66,254.0,4.9,0.0,5
2024-01-19 17:00:00,13.6,82,88.0,7.4,0.0,5
2024-01-19 18:00:00,10.1,89,3.0,6.6,0.0,3
2024-01-19 19:00:00,8.7,93,0.0,7.6,0.0,1
2024-01-19 20:00:00,7.8,95,0.0,8.8,0.0,0
2024-01-19 21:00:00,7.3,96,0.0,8.8,0.0,0
2024-01-19 22:00:00,7.0,96,0.0,9.2,0.0,0
2024-01-19 23:00:00,6.7,97,0.0,8.4,0.0,0
2024-01-20 00:00:00,6.3,98,0.0,8.9,0.0,4
2024-01-20 01:00:00,5.7,99,0.0,10.3,0.0,4
2024-01-20 02:00:00,6.2,98,0.0,7.0,0.0,2
2024-01-20 03:00:00,6.3,97,0.0,7.6,0.0,0
2024-01-20 04:00:00,6.2,96,0.0,7.2,0.0,0
2024-01-20 05:00:00,5.1,98,0.0,8.0,0.0,2
2024-01-20 06:00:00,6.0,100,0.0,3.8,0.0,100
2024-01-20 07:00:00,6.2,99,1.0,4.3,0.0,100
2024-01-20 08:00:00,7.3,98,54.0,4.3,0.0,100
2024-01-20 09:00:00,8.6,97,159.0,2.9,0.0,97
2024-01-20 10:00:00,11.1,86,299.0,1.8,0.0,95
2024-01-20 11:00:00,13.4,74,479.0,1.6,0.0,55
2024-01-20 12:00:00,14.5,70,543.0,5.1,0.0,28
2024-01-20 13:00:00,15.3,67,555.0,5.1,0.0,32
2024-01-20 14:00:00,15.9,65,517.0,3.6,0.0,27
2024-01-20 15:00:00,16.1,63,415.0,4.6,0.0,19
2024-01-20 16:00:00,15.7,65,259.0,5.4,0.0,11
2024-01-20 17:00:00,13.1,81,91.0,6.6,0.0,1
2024-01-20 18:00:00,10.5,91,3.0,8.8,0.0,10
2024-01-20 19:00:00,9.9,92,0.0,8.0,0.0,2
2024-01-20 20:00:00,9.0,93,0.0,8.8,0.0,0
2024-01-20 21:00:00,8.0,95,0.0,9.3,0.0,0
2024-01-20 22:00:00,7.7,97,0.0,7.0,0.0,0
2024-01-20 23:00:00,6.4,99,0.0,9.1,0.0,75
2024-01-21 00:00:00,6.0,100,0.0,8.7,0.0,100
2024-01-21 01:00:00,5.7,100,0.0,8.2,0.0,97
2024-01-21 02:00:00,5.2,100,0.0,7.8,0.0,93
2024-01-21 03:00:00,5.4,100,0.0,5.9,0.0,99
2024-01-21 04:00:00,5.7,100,0.0,8.0,0.0,100
2024-01-21 05:00:00,5.7,99,0.0,9.8,0.0,100
2024-01-21 06:00:00,5.4,99,0.0,8.6,0.0,100
2024-01-21 07:00:00,5.4,99,1.0,9.7,0.0,100
2024-01-21 08:00:00,6.3,98,48.0,10.7,0.0,100
2024-01-21 09:00:00,7.4,97,136.0,12.0,0.0,100
2024-01-21 10:00:00,8.6,96,231.0,12.8,0.0,100
2024-01-21 11:00:00,11.3,82,360.0,14.1,0.0,65
2024-01-21 12:00:00,13.3,74,508.0,12.8,0.0,5
2024-01-21 13:00:00,14.8,69,611.0,12.1,0.0,3
2024-01-21 14:00:00,15.7,65,557.0,12.9,0.0,2
2024-01-21 15:00:00,16.1,63,435.0,13.1,0.0,3
2024-01-21 16:00:00,15.6,64,270.0,12.5,0.0,1
2024-01-21 17:00:00,13.5,74,96.0,9.0,0.0,0
2024-01-21 18:00:00,10.6,89,3.0,8.4,0.0,15
2024-01-21 19:00:00,9.9,91,0.0,8.5,0.0,0
2024-01-21 20:00:00,9.0,94,0.0,7.7,0.0,0
2024-01-21 21:00:00,7.8,96,0.0,7.1,0.0,0
2024-01-21 22:00:00,6.8,97,0.0,7.9,0.0,0
2024-01-21 23:00:00,5.9,99,0.0,8.6,0.0,0
2024-01-22 00:00:00,5.3,100,0.0,8.7,0.0,19
2024-01-22 01:00:00,5.0,100,0.0,6.8,0.0,99
2024-01-22 02:00:00,5.5,100,0.0,4.0,0.0,100
2024-01-22 03:00:00,5.3,100,0.0,4.9,0.0,100
2024-01-22 04:00:00,5.5,100,0.0,4.0,0.0,100
2024-01-22 05:00:00,5.4,97,0.0,4.2,0.0,100
2024-01-22 06:00:00,5.6,97,0.0,2.7,0.0,100
2024-01-22 07:00:00,6.1,93,1.0,2.5,0.0,100
2024-01-22 08:00:00,6.8,91,44.0,3.2,0.0,100
2024-01-22 09:00:00,7.6,93,125.0,1.0,0.0,100
2024-01-22 10:00:00,8.6,94,237.0,0.8,0.0,100
2024-01-22 11:00:00,11.4,82,403.0,0.8,0.0,95
2024-01-22 12:00:00,13.8,71,600.0,0.7,0.0,65
2024-01-22 13:00:00,15.4,62,618.0,1.3,0.0,5
2024-01-22 14:00:00,16.4,58,565.0,2.2,0.0,18
2024-01-22 15:00:00,16.9,56,442.0,2.2,0.0,35
2024-01-22 16:00:00,16.6,57,273.0,2.2,0.0,0
2024-01-22 17:00:00,15.8,61,98.0,2.1,0.0,0
2024-01-22 18:00:00,11.0,86,4.0,7.2,0.0,0
2024-01-22 19:00:00,9.9,89,0.0,7.2,0.0,0
2024-01-22 20:00:00,8.3,92,0.0,9.7,0.0,0
2024-01-22 21:00:00,7.3,94,0.0,10.6,0.0,0
2024-01-22 22:00:00,6.7,96,0.0,9.8,0.0,0
2024-01-22 23:00:00,6.2,97,0.0,8.5,0.0,0
2024-01-23 00:00:00,5.8,98,0.0,8.0,0.0,0
2024-01-23 01:00:00,5.7,99,0.0,7.1,0.0,0
2024-01-23 02:00:00,5.5,99,0.0,7.5,0.0,17
2024-01-23 03:00:00,5.3,99,0.0,8.0,0.0,36
2024-01-23 04:00:00,5.0,99,0.0,8.9,0.0,27
2024-01-23 05:00:00,4.9,100,0.0,8.2,0.0,100
2024-01-23 06:00:00,5.0,100,0.0,6.1,0.0,100
2024-01-23 07:00:00,5.9,99,1.0,5.4,0.0,100
2024-01-23 08:00:00,6.8,99,58.0,6.6,0.0,100
2024-01-23 09:00:00,8.5,97,157.0,5.0,0.0,100
2024-01-23 10:00:00,10.7,89,264.0,2.1,0.0,100
2024-01-23 11:00:00,13.2,82,450.0,2.8,0.0,41
2024-01-23 12:00:00,15.0,77,584.0,4.8,0.0,17
2024-01-23 13:00:00,16.2,72,606.0,6.6,0.0,18
2024-01-23 14:00:00,17.0,68,543.0,5.5,0.0,21
2024-01-23 15:00:00,17.3,66,429.0,4.6,0.0,13
2024-01-23 16:00:00,17.1,66,272.0,3.9,0.0,0
2024-01-23 17:00:00,16.3,70,98.0,4.0,0.0,55
2024-01-23 18:00:00,12.9,87,3.0,6.0,0.0,100
2024-01-23 19:00:00,13.2,84,0.0,4.9,0.0,98
2024-01-23 20:00:00,12.6,86,0.0,4.7,0.0,28
2024-01-23 21:00:00,11.6,89,0.0,6.2,0.0,58
2024-01-23 22:00:00,10.4,93,0.0,6.9,0.0,5
2024-01-23 23:00:00,9.0,96,0.0,8.0,0.0,7
2024-01-24 00:00:00,9.3,95,0.0,8.3,0.0,90
2024-01-24 01:00:00,10.1,92,0.0,5.5,0.0,41
2024-01-24 02:00:00,10.3,90,0.0,4.7,0.0,23
2024-01-24 03:00:00,8.5,97,0.0,6.1,0.0,7
2024-01-24 04:00:00,7.5,99,0.0,6.7,0.0,5
2024-01-24 05:00:00,6.5,100,0.0,7.1,0.0,95
2024-01-24 06:00:00,6.5,100,0.0,6.2,0.0,20
2024-01-24 07:00:00,6.4,100,2.0,6.9,0.0,8
2024-01-24 08:00:00,8.5,97,78.0,6.8,0.0,33
2024-01-24 09:00:00,10.3,93,213.0,4.8,0.0,66
2024-01-24 10:00:00,12.6,84,371.0,5.4,0.0,9
2024-01-24 11:00:00,14.6,74,530.0,5.6,0.0,1
2024-01-24 12:00:00,16.4,62,619.0,5.9,0.0,0
2024-01-24 13:00:00,17.5,54,623.0,5.9,0.0,0
2024-01-24 14:00:00,18.1,52,560.0,5.9,0.0,0
2024-01-24 15:00:00,18.2,53,438.0,6.7,0.0,0
2024-01-24 16:00:00,17.7,56,272.0,7.6,0.0,0
2024-01-24 17:00:00,15.1,72,100.0,6.2,0.0,0
2024-01-24 18:00:00,11.4,85,4.0,8.3,0.0,0
2024-01-24 19:00:00,10.8,88,0.0,7.1,0.0,0
2024-01-24 20:00:00,9.9,91,0.0,7.3,0.0,6
2024-01-24 21:00:00,9.3,93,0.0,7.3,0.0,0
2024-01-24 22:00:00,8.5,95,0.0,6.9,0.0,0
2024-01-24 23:00:00,7.4,98,0.0,8.3,0.0,0
2024-01-25 00:00:00,6.5,99,0.0,9.4,0.0,10
2024-01-25 01:00:00,6.4,100,0.0,8.6,0.0,100
2024-01-25 02:00:00,6.1,100,0.0,6.9,0.0,100
2024-01-25 03:00:00,5.6,100,0.0,5.4,0.0,100
2024-01-25 04:00:00,6.2,100,0.0,5.8,0.0,100
2024-01-25 05:00:00,6.1,100,0.0,6.8,0.0,100
2024-01-25 06:00:00,6.1,100,0.0,5.8,0.0,100
2024-01-25 07:00:00,6.1,99,1.0,5.6,0.0,100
2024-01-25 08:00:00,6.5,98,44.0,4.4,0.0,100
2024-01-25 09:00:00,7.5,94,142.0,4.2,0.0,100
2024-01-25 10:00:00,10.4,88,316.0,1.8,0.0,77
2024-01-25 11:00:00,13.4,77,551.0,1.4,0.0,83
2024-01-25 12:00:00,15.5,69,622.0,1.3,0.0,100
2024-01-25 13:00:00,16.5,65,513.0,1.1,0.0,75
2024-01-25 14:00:00,17.2,63,514.0,2.0,0.0,76
2024-01-25 15:00:00,17.5,62,424.0,4.7,0.0,99
2024-01-25 16:00:00,16.9,65,241.0,7.7,0.0,98
2024-01-25 17:00:00,15.5,72,68.0,5.6,0.0,100
2024-01-25 18:00:00,11.9,89,5.0,6.4,0.0,67
2024-01-25 19:00:00,10.9,92,0.0,7.1,0.0,22
2024-01-25 20:00:00,10.4,93,0.0,7.2,0.0,100
2024-01-25 21:00:00,9.3,95,0.0,8.7,0.0,1
2024-01-25 22:00:00,8.0,96,0.0,10.4,0.0,21
2024-01-25 23:00:00,8.5,94,0.0,7.3,0.0,72
2024-01-26 00:00:00,8.2,94,0.0,6.6,0.0,86
2024-01-26 01:00:00,8.1,94,0.0,6.0,0.0,95
2024-01-26 02:00:00,7.6,94,0.0,6.2,0.0,100
2024-01-26 03:00:00,7.9,90,0.0,6.4,0.0,97
2024-01-26 04:00:00,7.4,91,0.0,6.1,0.0,99
2024-01-26 05:00:00,6.5,97,0.0,4.8,0.0,100
2024-01-26 06:00:00,6.5,97,0.0,6.1,0.0,97
2024-01-26 07:00:00,6.0,99,2.0,5.2,0.0,86
2024-01-26 08:00:00,7.8,99,76.0,5.1,0.0,100
2024-01-26 09:00:00,9.9,95,202.0,2.3,0.0,100
2024-01-26 10:00:00,12.3,88,340.0,1.8,0.0,39
2024-01-26 11:00:00,14.9,79,553.0,2.5,0.0,5
2024-01-26 12:00:00,16.5,71,630.0,3.1,0.0,5
2024-01-26 13:00:00,17.6,65,638.0,3.6,0.0,73
2024-01-26 14:00:00,18.3,61,575.0,4.5,0.0,92
2024-01-26 15:00:00,18.5,58,448.0,5.2,0.0,100
2024-01-26 16:00:00,18.0,57,277.0,4.8,0.0,99
2024-01-26 17:00:00,15.2,74,103.0,6.3,0.0,100
2024-01-26 18:00:00,15.8,66,5.0,5.9,0.0,100
2024-01-26 19:00:00,13.0,79,0.0,6.9,0.0,100
2024-01-26 20:00:00,10.6,90,0.0,9.2,0.0,100
2024-01-26 21:00:00,10.5,91,0.0,8.1,0.0,100
2024-01-26 22:00:00,9.4,92,0.0,11.3,0.0,100
2024-01-26 23:00:00,8.7,92,0.0,10.5,0.0,100
2024-01-27 00:00:00,7.9,93,0.0,10.2,0.0,68
2024-01-27 01:00:00,7.2,94,0.0,9.9,0.0,57
2024-01-27 02:00:00,7.3,94,0.0,6.2,0.0,43
2024-01-27 03:00:00,7.5,94,0.0,7.6,0.0,2
2024-01-27 04:00:00,7.2,94,0.0,9.4,0.0,0
2024-01-27 05:00:00,7.1,95,0.0,10.1,0.0,0
2024-01-27 06:00:00,6.9,94,0.0,11.7,0.0,0
2024-01-27 07:00:00,7.1,93,2.0,13.1,0.0,0
2024-01-27 08:00:00,9.0,87,88.0,15.2,0.0,0
2024-01-27 09:00:00,11.9,80,263.0,12.6,0.0,0
2024-01-27 10:00:00,14.9,71,435.0,13.7,0.0,0
2024-01-27 11:00:00,17.5,60,566.0,15.0,0.0,0
2024-01-27 12:00:00,19.2,53,637.0,16.1,0.0,0
2024-01-27 13:00:00,20.2,48,641.0,16.4,0.0,0
2024-01-27 14:00:00,20.6,46,578.0,16.8,0.0,0
2024-01-27 15:00:00,20.4,47,454.0,16.1,0.0,0
2024-01-27 16:00:00,19.6,52,285.0,13.7,0.0,0
2024-01-27 17:00:00,17.2,63,108.0,9.6,0.0,1
2024-01-27 18:00:00,14.2,72,6.0,8.2,0.0,2
2024-01-27 19:00:00,13.3,76,0.0,8.5,0.0,6
2024-01-27 20:00:00,11.9,82,0.0,10.0,0.0,0
2024-01-27 21:00:00,11.1,84,0.0,10.7,0.0,0
2024-01-27 22:00:00,10.5,85,0.0,11.5,0.0,12
2024-01-27 23:00:00,10.5,83,0.0,10.9,0.0,99
2024-01-28 00:00:00,11.3,79,0.0,7.5,0.0,97
2024-01-28 01:00:00,8.9,88,0.0,8.3,0.0,100
2024-01-28 02:00:00,8.9,88,0.0,6.5,0.0,100
2024-01-28 03:00:00,8.7,88,0.0,4.9,0.0,99
2024-01-28 04:00:00,8.3,89,0.0,5.8,0.0,99
2024-01-28 05:00:00,7.0,93,0.0,7.2,0.0,98
2024-01-28 06:00:00,10.1,87,0.0,2.3,0.0,100
2024-01-28 07:00:00,10.2,86,2.0,1.3,0.0,96
2024-01-28 08:00:00,11.2,84,87.0,1.1,0.0,100
2024-01-28 09:00:00,14.2,79,240.0,1.8,0.0,100
2024-01-28 10:00:00,16.5,71,376.0,5.4,0.0,100
2024-01-28 11:00:00,18.2,65,480.0,8.1,0.0,100
2024-01-28 12:00:00,19.3,60,511.0,8.6,0.0,100
2024-01-28 13:00:00,20.1,56,511.0,8.7,0.0,100
2024-01-28 14:00:00,20.3,56,413.0,9.8,0.0,100
2024-01-28 15:00:00,20.1,58,321.0,10.6,0.0,100
2024-01-28 16:00:00,19.3,63,175.0,10.7,0.0,100
2024-01-28 17:00:00,17.7,71,78.0,8.9,0.0,100
2024-01-28 18:00:00,15.0,82,5.0,11.3,0.0,100
2024-01-28 19:00:00,14.2,87,0.0,13.0,0.0,100
2024-01-28 20:00:00,13.7,89,0.0,13.8,0.0,100
2024-01-28 21:00:00,13.2,92,0.0,13.3,0.0,100
2024-01-28 22:00:00,12.8,93,0.0,12.8,0.0,100
2024-01-28 23:00:00,12.4,94,0.0,12.3,0.0,100
2024-01-29 00:00:00,12.1,95,0.0,12.2,0.0,69
2024-01-29 01:00:00,11.7,95,0.0,11.2,0.0,37
2024-01-29 02:00:00,11.2,96,0.0,10.3,0.0,0
2024-01-29 03:00:00,10.9,97,0.0,11.0,0.0,0
2024-01-29 04:00:00,10.7,97,0.0,11.1,0.0,0
2024-01-29 05:00:00,10.6,98,0.0,11.1,0.0,0
2024-01-29 06:00:00,9.7,96,0.0,9.2,0.0,0
2024-01-29 07:00:00,9.5,97,2.0,8.0,0.0,0
2024-01-29 08:00:00,10.9,94,86.0,9.4,0.0,0
2024-01-29 09:00:00,13.3,87,254.0,8.2,0.0,0
2024-01-29 10:00:00,15.8,80,422.0,8.7,0.0,2
2024-01-29 11:00:00,18.0,73,549.0,8.5,0.0,4
2024-01-29 12:00:00,19.6,68,620.0,7.0,0.0,9
2024-01-29 13:00:00,20.6,65,626.0,5.9,0.0,8
2024-01-29 14:00:00,21.1,62,565.0,4.8,0.0,2
2024-01-29 15:00:00,21.3,61,445.0,3.6,0.0,0
2024-01-29 16:00:00,20.9,63,281.0,3.2,0.0,0
2024-01-29 17:00:00,19.1,75,109.0,4.5,0.0,0
2024-01-29 18:00:00,17.8,76,6.0,5.9,0.0,0
2024-01-29 19:00:00,14.4,90,0.0,9.4,0.0,0
2024-01-29 20:00:00,13.7,92,0.0,8.4,0.0,0
2024-01-29 21:00:00,12.8,95,0.0,9.4,0.0,0
2024-01-29 22:00:00,12.1,96,0.0,10.0,0.0,0
2024-01-29 23:00:00,11.8,97,0.0,8.2,0.0,15
2024-01-30 00:00:00,11.3,98,0.0,8.2,0.0,2
2024-01-30 01:00:00,10.7,99,0.0,9.2,0.0,11
2024-01-30 02:00:00,10.4,100,0.0,7.1,0.0,98
2024-01-30 03:00:00,10.3,100,0.0,5.1,0.0,100
2024-01-30 04:00:00,10.6,99,0.0,4.7,0.0,100
2024-01-30 05:00:00,10.6,100,0.0,5.9,0.0,100
2024-01-30 06:00:00,10.1,100,0.0,6.2,0.0,100
2024-01-30 07:00:00,10.0,99,2.0,7.2,0.0,100
2024-01-30 08:00:00,10.8,97,53.0,7.0,0.0,100
2024-01-30 09:00:00,12.1,97,159.0,6.2,0.0,100
2024-01-30 10:00:00,13.5,97,261.0,6.9,0.0,100
2024-01-30 11:00:00,16.9,81,472.0,6.7,0.0,83
2024-01-30 12:00:00,18.4,76,602.0,5.0,0.0,86
2024-01-30 13:00:00,19.5,71,621.0,3.9,0.0,93
2024-01-30 14:00:00,20.3,65,574.0,3.5,0.0,54
2024-01-30 15:00:00,20.5,61,458.0,2.8,0.0,0
2024-01-30 16:00:00,20.2,60,294.0,3.4,0.0,0
2024-01-30 17:00:00,17.7,79,116.0,6.4,0.0,0
2024-01-30 18:00:00,14.9,88,7.0,8.4,0.0,3
2024-01-30 19:00:00,13.6,92,0.0,9.4,0.0,2
2024-01-30 20:00:00,13.4,94,0.0,8.4,0.0,0
2024-01-30 21:00:00,12.5,97,0.0,8.2,0.0,0
2024-01-30 22:00:00,11.8,98,0.0,8.1,0.0,0
2024-01-30 23:00:00,11.6,99,0.0,8.1,0.0,0
2024-01-31 00:00:00,11.4,99,0.0,8.5,0.0,1
2024-01-31 01:00:00,10.5,100,0.0,9.4,0.0,100
2024-01-31 02:00:00,9.9,100,0.0,8.7,0.0,100
2024-01-31 03:00:00,10.1,100,0.0,7.1,0.0,100
2024-01-31 04:00:00,10.8,99,0.0,5.2,0.0,100
2024-01-31 05:00:00,10.7,99,0.0,6.7,0.0,100
2024-01-31 06:00:00,10.4,98,0.0,6.6,0.0,100
2024-01-31 07:00:00,10.8,98,2.0,7.4,0.0,100
2024-01-31 08:00:00,11.7,98,49.0,8.4,0.0,100
2024-01-31 09:00:00,13.5,97,139.0,11.0,0.0,100
2024-01-31 10:00:00,14.9,91,257.0,8.9,0.0,100
2024-01-31 11:00:00,17.4,82,393.0,9.0,0.0,100
2024-01-31 12:00:00,18.7,78,381.0,8.9,0.0,98
2024-01-31 13:00:00,20.1,71,412.0,10.5,0.0,60
2024-01-31 14:00:00,20.2,69,384.0,5.8,0.1,100
2024-01-31 15:00:00,20.1,70,232.0,8.2,0.1,78
2024-01-31 16:00:00,17.3,86,209.0,13.7,1.4,86
2024-01-31 17:00:00,16.4,89,83.0,2.0,0.7,95
2024-01-31 18:00:00,13.5,96,7.0,6.1,0.0,62
2024-01-31 19:00:00,14.0,97,0.0,4.4,1.7,67
2024-01-31 20:00:00,13.8,97,0.0,6.3,1.2,63
2024-01-31 21:00:00,13.9,97,0.0,12.1,1.2,77
2024-01-31 22:00:00,13.8,97,0.0,14.5,0.1,57
2024-01-31 23:00:00,13.6,95,0.0,8.2,2.5,53
2024-02-01 00:00:00,13.3,95,0.0,12.8,5.2,29
2024-02-01 01:00:00,13.2,93,0.0,12.9,0.0,9
2024-02-01 02:00:00,12.7,93,0.0,13.5,0.0,12
2024-02-01 03:00:00,12.4,94,0.0,14.0,0.0,7
2024-02-01 04:00:00,12.3,95,0.0,16.4,0.0,62
2024-02-01 05:00:00,12.6,94,0.0,14.3,3.5,56
2024-02-01 06:00:00,13.6,92,0.0,15.1,8.4,66
2024-02-01 07:00:00,13.6,92,2.0,12.3,4.6,72
2024-02-01 08:00:00,14.3,91,60.0,13.1,7.3,91
2024-02-01 09:00:00,15.3,87,166.0,18.3,1.0,56
2024-02-01 10:00:00,16.3,85,238.0,20.5,0.0,50
2024-02-01 11:00:00,17.9,78,407.0,21.5,0.0,99
2024-02-01 12:00:00,19.1,73,393.0,17.4,0.0,40
2024-02-01 13:00:00,20.2,68,408.0,10.8,0.0,35
2024-02-01 14:00:00,21.1,64,460.0,8.5,0.0,13
2024-02-01 15:00:00,21.2,63,402.0,7.9,0.0,22
2024-02-01 16:00:00,20.5,66,244.0,9.6,0.0,33
2024-02-01 17:00:00,18.6,77,106.0,10.0,0.0,26
2024-02-01 18:00:00,15.1,90,8.0,13.3,0.0,1
2024-02-01 19:00:00,14.2,94,0.0,13.0,0.0,2
2024-02-01 20:00:00,13.6,95,0.0,11.6,0.0,2
2024-02-01 21:00:00,13.2,96,0.0,11.5,0.0,0
2024-02-01 22:00:00,12.8,97,0.0,10.1,0.0,1
2024-02-01 23:00:00,12.2,97,0.0,8.5,0.0,5
2024-02-02 00:00:00,11.5,98,0.0,6.8,0.0,0
2024-02-02 01:00:00,10.2,99,0.0,7.8,0.0,6
2024-02-02 02:00:00,9.5,100,0.0,6.7,0.0,33
2024-02-02 03:00:00,8.5,100,0.0,8.9,0.0,69
2024-02-02 04:00:00,9.4,100,0.0,5.6,0.0,99
2024-02-02 05:00:00,9.5,99,0.0,2.3,0.0,100
2024-02-02 06:00:00,9.6,99,0.0,7.2,0.0,100
2024-02-02 07:00:00,9.6,100,3.0,7.2,0.0,100
2024-02-02 08:00:00,10.4,99,71.0,6.6,0.0,100
2024-02-02 09:00:00,11.9,95,208.0,7.7,0.0,100
2024-02-02 10:00:00,13.8,92,342.0,8.5,0.0,53
2024-02-02 11:00:00,16.5,80,558.0,10.0,0.0,6
2024-02-02 12:00:00,18.1,65,664.0,12.8,0.0,0
2024-02-02 13:00:00,19.0,56,678.0,13.9,0.0,6
2024-02-02 14:00:00,19.3,53,611.0,14.9,0.0,5
2024-02-02 15:00:00,19.2,52,483.0,15.5,0.0,28
2024-02-02 16:00:00,18.5,53,302.0,15.1,0.0,15
2024-02-02 17:00:00,16.5,63,126.0,10.9,0.0,0
2024-02-02 18:00:00,13.7,82,9.0,9.7,0.0,2
2024-02-02 19:00:00,12.8,84,0.0,10.6,0.0,1
2024-02-02 20:00:00,12.1,85,0.0,11.9,0.0,0
2024-02-02 21:00:00,11.5,87,0.0,12.7,0.0,0
2024-02-02 22:00:00,10.8,87,0.0,12.1,0.0,0
2024-02-02 23:00:00,10.1,88,0.0,10.9,0.0,0
2024-02-03 00:00:00,9.7,86,0.0,11.5,0.0,0
2024-02-03 01:00:00,9.3,82,0.0,10.2,0.0,0
2024-02-03 02:00:00,8.8,81,0.0,9.5,0.0,0
2024-02-03 03:00:00,8.6,78,0.0,9.7,0.0,12
2024-02-03 04:00:00,8.4,76,0.0,9.7,0.0,49
2024-02-03 05:00:00,8.2,74,0.0,9.2,0.0,23
2024-02-03 06:00:00,8.9,84,0.0,8.4,0.0,37
2024-02-03 07:00:00,8.9,82,3.0,8.1,0.0,30
2024-02-03 08:00:00,10.9,77,97.0,10.8,0.0,90
2024-02-03 09:00:00,13.5,70,248.0,10.4,0.0,86
2024-02-03 10:00:00,15.7,62,393.0,10.4,0.0,57
2024-02-03 11:00:00,17.6,57,554.0,9.3,0.0,31
2024-02-03 12:00:00,19.2,53,650.0,7.9,0.0,77
2024-02-03 13:00:00,20.5,47,649.0,5.2,0.0,100
2024-02-03 14:00:00,20.7,46,434.0,3.8,0.0,98
2024-02-03 15:00:00,20.5,47,286.0,2.6,0.0,94
2024-02-03 16:00:00,20.4,50,219.0,2.4,0.0,75
2024-02-03 17:00:00,19.1,61,117.0,3.8,0.0,100
2024-02-03 18:00:00,15.3,77,8.0,8.9,0.0,65
2024-02-03 19:00:00,15.2,76,0.0,7.6,0.0,97
2024-02-03 20:00:00,15.2,76,0.0,7.9,0.0,100
2024-02-03 21:00:00,15.3,77,0.0,6.4,0.0,99
2024-02-03 22:00:00,13.5,85,0.0,9.5,0.0,99
2024-02-03 23:00:00,15.1,75,0.0,6.1,0.0,100
2024-02-04 00:00:00,14.2,78,0.0,5.4,0.0,100
2024-02-04 01:00:00,13.9,79,0.0,6.0,0.0,100
2024-02-04 02:00:00,13.6,82,0.0,6.6,4.1,99
2024-02-04 03:00:00,14.0,79,0.0,5.1,0.0,100
2024-02-04 04:00:00,12.9,88,0.0,4.3,0.0,100
2024-02-04 05:00:00,12.9,89,0.0,6.2,0.0,99
2024-02-04 06:00:00,14.1,87,0.0,2.1,0.6,61
2024-02-04 07:00:00,13.5,89,3.0,5.8,0.0,70
2024-02-04 08:00:00,14.9,84,73.0,8.3,0.2,100
2024-02-04 09:00:00,16.3,84,147.0,7.6,0.0,30
2024-02-04 10:00:00,17.7,80,295.0,9.2,0.0,84
2024-02-04 11:00:00,19.2,76,347.0,7.1,0.0,54
2024-02-04 12:00:00,20.5,70,434.0,8.7,0.0,60
2024-02-04 13:00:00,20.7,70,454.0,16.2,0.1,86
2024-02-04 14:00:00,19.5,78,249.0,14.9,0.3,83
2024-02-04 15:00:00,18.6,84,264.0,14.2,0.3,100
2024-02-04 16:00:00,17.8,87,170.0,8.4,0.7,76
2024-02-04 17:00:00,17.3,90,84.0,5.8,0.6,29
2024-02-04 18:00:00,16.5,91,8.0,7.7,0.0,40
2024-02-04 19:00:00,16.1,93,0.0,8.9,0.0,58
2024-02-04 20:00:00,15.8,93,0.0,8.0,0.2,55
2024-02-04 21:00:00,15.3,94,0.0,7.4,0.0,69
2024-02-04 22:00:00,14.7,95,0.0,7.9,0.0,39
2024-02-04 23:00:00,14.3,96,0.0,10.2,0.0,11
2024-02-05 00:00:00,13.8,98,0.0,6.2,0.0,71
2024-02-05 01:00:00,13.5,98,0.0,7.4,0.2,54
2024-02-05 02:00:00,13.9,98,0.0,9.9,0.0,100
2024-02-05 03:00:00,14.3,97,0.0,7.6,0.5,96
2024-02-05 04:00:00,13.8,99,0.0,12.2,1.2,100
2024-02-05 05:00:00,13.5,96,0.0,5.5,0.1,62
2024-02-05 06:00:00,14.2,99,0.0,8.7,0.1,100
2024-02-05 07:00:00,14.3,97,2.0,9.0,0.0,100
2024-02-05 08:00:00,14.7,95,27.0,9.7,0.0,100
2024-02-05 09:00:00,15.6,90,133.0,11.2,0.0,33
2024-02-05 10:00:00,16.9,79,346.0,10.6,0.0,50
2024-02-05 11:00:00,18.0,72,501.0,8.2,0.0,13
2024-02-05 12:00:00,18.9,66,613.0,7.0,0.0,8
2024-02-05 13:00:00,19.5,61,660.0,8.4,0.0,8
2024-02-05 14:00:00,19.8,54,614.0,9.5,0.0,1
2024-02-05 15:00:00,19.7,51,497.0,10.0,0.0,0
2024-02-05 16:00:00,19.1,53,326.0,10.2,0.0,0
2024-02-05 17:00:00,17.1,65,137.0,6.9,0.0,0
2024-02-05 18:00:00,14.7,78,11.0,8.4,0.0,0
2024-02-05 19:00:00,13.5,84,0.0,9.0,0.0,0
2024-02-05 20:00:00,12.5,86,0.0,9.3,0.0,0
2024-02-05 21:00:00,11.6,88,0.0,8.7,0.0,0
2024-02-05 22:00:00,10.9,90,0.0,9.0,0.0,0
2024-02-05 23:00:00,10.3,91,0.0,8.7,0.0,0
2024-02-06 00:00:00,9.7,93,0.0,8.4,0.0,41
2024-02-06 01:00:00,9.2,94,0.0,8.4,0.0,30
2024-02-06 02:00:00,8.8,94,0.0,9.3,0.0,41
2024-02-06 03:00:00,8.4,94,0.0,9.7,0.0,59
2024-02-06 04:00:00,8.0,94,0.0,8.7,0.0,40
2024-02-06 05:00:00,7.5,94,0.0,7.4,0.0,46
2024-02-06 06:00:00,8.1,96,0.0,7.1,0.0,36
2024-02-06 07:00:00,8.0,95,5.0,8.0,0.0,5
2024-02-06 08:00:00,9.8,90,108.0,9.9,0.0,0
2024-02-06 09:00:00,12.2,81,296.0,8.5,0.0,0
2024-02-06 10:00:00,14.6,71,480.0,9.5,0.0,0
2024-02-06 11:00:00,16.5,59,619.0,10.9,0.0,0
2024-02-06 12:00:00,17.8,48,696.0,12.9,0.0,0
2024-02-06 13:00:00,18.5,41,702.0,14.4,0.0,0
2024-02-06 14:00:00,18.7,39,637.0,15.6,0.0,0
2024-02-06 15:00:00,18.4,41,508.0,15.6,0.0,0
2024-02-06 16:00:00,17.7,44,332.0,14.3,0.0,0
2024-02-06 17:00:00,15.9,55,140.0,9.7,0.0,6
2024-02-06 18:00:00,13.0,68,12.0,7.4,0.0,18
2024-02-06 19:00:00,11.7,75,0.0,7.1,0.0,4
2024-02-06 20:00:00,10.9,80,0.0,7.4,0.0,9
2024-02-06 21:00:00,10.3,82,0.0,7.9,0.0,2
2024-02-06 22:00:00,9.5,85,0.0,8.2,0.0,60
2024-02-06 23:00:00,9.1,86,0.0,9.4,0.0,57
2024-02-07 00:00:00,9.2,81,0.0,11.0,0.0,91
2024-02-07 01:00:00,9.6,75,0.0,11.7,0.0,100
2024-02-07 02:00:00,9.6,74,0.0,9.9,0.0,100
2024-02-07 03:00:00,9.1,76,0.0,8.7,0.0,100
2024-02-07 04:00:00,8.5,78,0.0,8.3,0.0,100
2024-02-07 05:00:00,7.9,80,0.0,8.2,0.0,100
2024-02-07 06:00:00,8.2,86,0.0,7.1,0.0,19
2024-02-07 07:00:00,8.1,85,5.0,7.6,0.0,0
2024-02-07 08:00:00,10.4,77,110.0,11.6,0.0,99
2024-02-07 09:00:00,12.9,69,294.0,11.3,0.0,6
2024-02-07 10:00:00,15.2,61,476.0,12.8,0.0,0
2024-02-07 11:00:00,16.9,54,613.0,16.5,0.0,26
2024-02-07 12:00:00,17.9,48,687.0,19.7,0.0,20
2024-02-07 13:00:00,18.4,44,691.0,21.6,0.0,0
2024-02-07 14:00:00,18.1,46,627.0,23.7,0.0,4
2024-02-07 15:00:00,17.7,47,503.0,22.8,0.0,28
2024-02-07 16:00:00,17.0,45,298.0,20.4,0.0,0
2024-02-07 17:00:00,15.5,54,142.0,15.4,0.0,0
2024-02-07 18:00:00,13.6,56,13.0,14.6,0.0,0
2024-02-07 19:00:00,12.6,62,0.0,14.0,0.0,0
2024-02-07 20:00:00,11.8,68,0.0,14.2,0.0,0
2024-02-07 21:00:00,11.3,69,0.0,14.5,0.0,0
2024-02-07 22:00:00,10.8,69,0.0,14.4,0.0,0
2024-02-07 23:00:00,10.2,71,0.0,14.6,0.0,0
2024-02-08 00:00:00,9.8,73,0.0,16.0,0.0,0
2024-02-08 01:00:00,9.5,74,0.0,16.2,0.0,0
2024-02-08 02:00:00,9.1,76,0.0,16.6,0.0,0
2024-02-08 03:00:00,8.8,75,0.0,17.7,0.0,41
2024-02-08 04:00:00,8.6,74,0.0,17.6,0.0,24
2024-02-08 05:00:00,8.2,75,0.0,17.7,0.0,52
2024-02-08 06:00:00,8.9,83,0.0,19.3,0.0,19
2024-02-08 07:00:00,9.0,81,5.0,20.1,0.0,7
2024-02-08 08:00:00,10.8,76,115.0,21.9,0.0,2
2024-02-08 09:00:00,13.1,69,308.0,22.3,0.0,17
2024-02-08 10:00:00,15.2,63,495.0,24.3,0.0,17
2024-02-08 11:00:00,16.9,56,633.0,25.9,0.0,1
2024-02-08 12:00:00,18.1,49,716.0,27.3,0.0,0
2024-02-08 13:00:00,18.9,46,724.0,27.4,0.0,98
2024-02-08 14:00:00,19.1,44,623.0,26.6,0.0,90
2024-02-08 15:00:00,19.0,44,493.0,25.1,0.0,97
2024-02-08 16:00:00,18.3,48,337.0,22.2,0.0,0
2024-02-08 17:00:00,16.6,53,150.0,19.0,0.0,0
2024-02-08 18:00:00,14.8,53,14.0,15.3,0.0,0
2024-02-08 19:00:00,13.3,59,0.0,14.5,0.0,0
2024-02-08 20:00:00,12.7,62,0.0,15.7,0.0,0
2024-02-08 21:00:00,12.3,63,0.0,16.1,0.0,0
2024-02-08 22:00:00,11.8,66,0.0,15.8,0.0,0
2024-02-08 23:00:00,11.2,67,0.0,15.5,0.0,0
2024-02-09 00:00:00,10.9,68,0.0,15.7,0.0,0
2024-02-09 01:00:00,10.6,67,0.0,15.7,0.0,0
2024-02-09 02:00:00,10.2,67,0.0,15.5,0.0,0
2024-02-09 03:00:00,9.7,69,0.0,15.0,0.0,0
2024-02-09 04:00:00,9.3,71,0.0,14.5,0.0,0
2024-02-09 05:00:00,8.8,74,0.0,12.9,0.0,0
2024-02-09 06:00:00,8.5,79,0.0,11.6,0.0,0
2024-02-09 07:00:00,8.1,82,6.0,10.1,0.0,0
2024-02-09 08:00:00,10.3,76,117.0,10.5,0.0,0
2024-02-09 09:00:00,13.0,70,311.0,7.6,0.0,0
2024-02-09 10:00:00,15.6,63,494.0,7.0,0.0,0
2024-02-09 11:00:00,17.7,57,633.0,7.0,0.0,0
2024-02-09 12:00:00,19.2,51,709.0,8.1,0.0,0
2024-02-09 13:00:00,20.1,46,715.0,9.1,0.0,0
2024-02-09 14:00:00,20.5,43,649.0,9.4,0.0,0
2024-02-09 15:00:00,20.5,42,520.0,8.6,0.0,0
2024-02-09 16:00:00,20.0,44,343.0,7.7,0.0,0
2024-02-09 17:00:00,17.2,68,149.0,7.1,0.0,0
2024-02-09 18:00:00,15.1,61,15.0,9.0,0.0,0
2024-02-09 19:00:00,13.8,67,0.0,9.3,0.0,0
2024-02-09 20:00:00,11.7,76,0.0,11.5,0.0,0
2024-02-09 21:00:00,10.8,78,0.0,11.3,0.0,0
2024-02-09 22:00:00,10.1,81,0.0,11.0,0.0,0
2024-02-09 23:00:00,9.5,83,0.0,11.5,0.0,0
2024-02-10 00:00:00,8.9,82,0.0,11.8,0.0,0
2024-02-10 01:00:00,9.6,77,0.0,9.1,0.0,0
2024-02-10 02:00:00,9.1,78,0.0,9.1,0.0,0
2024-02-10 03:00:00,9.7,75,0.0,8.0,0.0,0
2024-02-10 04:00:00,9.3,77,0.0,7.6,0.0,0
2024-02-10 05:00:00,9.7,76,0.0,6.5,0.0,0
2024-02-10 06:00:00,7.2,99,0.0,8.7,0.0,27
2024-02-10 07:00:00,8.1,100,6.0,5.1,0.0,100
2024-02-10 08:00:00,9.8,98,90.0,1.9,0.0,100
2024-02-10 09:00:00,11.9,96,223.0,2.2,0.0,100
2024-02-10 10:00:00,13.9,92,317.0,2.9,0.0,100
2024-02-10 11:00:00,16.8,81,535.0,4.0,0.0,53
2024-02-10 12:00:00,18.7,58,697.0,6.6,0.0,0
2024-02-10 13:00:00,19.4,51,713.0,8.6,0.0,0
2024-02-10 14:00:00,19.7,51,648.0,9.2,0.0,0
2024-02-10 15:00:00,19.7,52,520.0,9.5,0.0,0
2024-02-10 16:00:00,19.3,55,343.0,9.2,0.0,0
2024-02-10 17:00:00,17.5,67,150.0,5.5,0.0,0
2024-02-10 18:00:00,14.9,75,15.0,8.6,0.0,0
2024-02-10 19:00:00,13.7,79,0.0,10.1,0.0,0
2024-02-10 20:00:00,13.0,83,0.0,9.0,0.0,0
2024-02-10 21:00:00,12.6,86,0.0,7.9,0.0,0
2024-02-10 22:00:00,12.0,89,0.0,7.9,0.0,0
2024-02-10 23:00:00,11.3,91,0.0,7.2,0.0,0
2024-02-11 00:00:00,10.5,92,0.0,8.0,0.0,0
2024-02-11 01:00:00,9.9,93,0.0,8.7,0.0,0
2024-02-11 02:00:00,9.4,93,0.0,8.1,0.0,0
2024-02-11 03:00:00,8.8,95,0.0,7.1,0.0,0
2024-02-11 04:00:00,8.6,95,0.0,5.8,0.0,0
2024-02-11 05:00:00,8.1,96,0.0,5.8,0.0,0
2024-02-11 06:00:00,8.7,97,0.0,5.8,0.0,0
2024-02-11 07:00:00,8.9,97,6.0,7.7,0.0,1
2024-02-11 08:00:00,11.1,90,111.0,8.1,0.0,0
2024-02-11 09:00:00,14.0,81,296.0,6.0,0.0,0
2024-02-11 10:00:00,16.8,70,494.0,6.7,0.0,0
2024-02-11 11:00:00,19.1,59,633.0,7.6,0.0,0
2024-02-11 12:00:00,20.4,52,710.0,8.8,0.0,0
2024-02-11 13:00:00,21.1,49,717.0,8.6,0.0,0
2024-02-11 14:00:00,21.5,46,653.0,8.4,0.0,0
2024-02-11 15:00:00,21.5,46,525.0,8.0,0.0,0
2024-02-11 16:00:00,21.0,47,348.0,7.7,0.0,0
2024-02-11 17:00:00,18.6,66,153.0,5.6,0.0,0
2024-02-11 18:00:00,16.0,63,17.0,8.0,0.0,0
2024-02-11 19:00:00,15.3,67,0.0,9.2,0.0,0
2024-02-11 20:00:00,14.2,70,0.0,9.7,0.0,0
2024-02-11 21:00:00,13.1,74,0.0,8.5,0.0,0
2024-02-11 22:00:00,11.9,79,0.0,7.8,0.0,0
2024-02-11 23:00:00,10.9,84,0.0,8.2,0.0,0
2024-02-12 00:00:00,10.2,86,0.0,7.9,0.0,0
2024-02-12 01:00:00,9.6,88,0.0,7.7,0.0,0
2024-02-12 02:00:00,9.1,89,0.0,7.4,0.0,0
2024-02-12 03:00:00,8.5,91,0.0,8.1,0.0,0
2024-02-12 04:00:00,7.9,92,0.0,9.2,0.0,0
2024-02-12 05:00:00,7.7,92,0.0,9.0,0.0,0
2024-02-12 06:00:00,7.9,96,0.0,6.3,0.0,0
2024-02-12 07:00:00,8.4,96,7.0,4.8,0.0,80
2024-02-12 08:00:00,11.3,89,121.0,5.6,0.0,100
2024-02-12 09:00:00,14.2,81,282.0,4.7,0.0,75
2024-02-12 10:00:00,16.6,74,429.0,3.8,0.0,91
2024-02-12 11:00:00,19.3,63,618.0,5.9,0.0,66
2024-02-12 12:00:00,20.8,52,703.0,6.2,0.0,100
2024-02-12 13:00:00,21.4,48,672.0,5.2,0.0,100
2024-02-12 14:00:00,21.5,46,553.0,5.9,0.0,100
2024-02-12 15:00:00,21.4,45,410.0,5.4,0.0,100
2024-02-12 16:00:00,20.8,46,217.0,6.1,0.0,100
2024-02-12 17:00:00,19.0,60,78.0,4.7,0.0,100
2024-02-12 18:00:00,16.5,69,11.0,8.4,0.0,100
2024-02-12 19:00:00,15.6,75,0.0,8.2,0.0,100
2024-02-12 20:00:00,15.6,73,0.0,6.9,0.0,99
2024-02-12 21:00:00,14.4,77,0.0,7.1,0.0,100
2024-02-12 22:00:00,13.6,81,0.0,6.6,0.0,95
2024-02-12 23:00:00,12.1,88,0.0,9.7,0.0,79
2024-02-13 00:00:00,11.5,88,0.0,8.0,0.0,60
2024-02-13 01:00:00,10.4,92,0.0,10.0,0.0,19
2024-02-13 02:00:00,9.7,93,0.0,10.1,0.0,30
2024-02-13 03:00:00,9.2,95,0.0,9.5,0.0,17
2024-02-13 04:00:00,9.5,93,0.0,7.5,0.0,25
2024-02-13 05:00:00,8.5,96,0.0,9.0,0.0,100
2024-02-13 06:00:00,9.4,98,0.0,8.0,0.0,99
2024-02-13 07:00:00,9.9,98,7.0,6.5,0.0,90
2024-02-13 08:00:00,12.4,91,117.0,2.6,0.0,94
2024-02-13 09:00:00,15.7,81,309.0,1.8,0.0,100
2024-02-13 10:00:00,18.5,69,468.0,3.2,0.0,99
2024-02-13 11:00:00,20.1,53,576.0,3.3,0.0,100
2024-02-13 12:00:00,20.7,50,618.0,2.6,0.0,100
2024-02-13 13:00:00,21.0,49,541.0,3.6,0.0,100
2024-02-13 14:00:00,21.2,48,469.0,3.9,0.0,100
2024-02-13 15:00:00,21.0,50,346.0,5.2,0.0,100
2024-02-13 16:00:00,20.8,51,264.0,6.0,0.0,98
2024-02-13 17:00:00,19.2,64,130.0,4.5,0.0,99
2024-02-13 18:00:00,15.8,66,16.0,10.1,0.0,100
2024-02-13 19:00:00,15.2,66,0.0,10.5,0.0,100
2024-02-13 20:00:00,17.1,52,0.0,5.2,0.0,100
2024-02-13 21:00:00,14.6,63,0.0,5.8,0.0,100
2024-02-13 22:00:00,14.1,69,0.0,6.3,0.0,100
2024-02-13 23:00:00,13.1,78,0.0,6.9,0.0,100
2024-02-14 00:00:00,12.3,84,0.0,6.9,0.0,83
2024-02-14 01:00:00,11.4,89,0.0,7.0,0.0,97
2024-02-14 02:00:00,11.0,90,0.0,6.9,0.0,100
2024-02-14 03:00:00,10.7,90,0.0,6.4,0.0,94
2024-02-14 04:00:00,10.2,92,0.0,6.4,0.0,98
2024-02-14 05:00:00,9.6,93,0.0,6.1,0.0,3
2024-02-14 06:00:00,10.1,96,0.0,5.2,0.0,0
2024-02-14 07:00:00,10.3,96,8.0,7.9,0.0,0
2024-02-14 08:00:00,12.7,88,124.0,8.4,0.0,0
2024-02-14 09:00:00,16.0,77,317.0,6.8,0.0,0
2024-02-14 10:00:00,19.0,66,500.0,9.3,0.0,0
2024-02-14 11:00:00,21.1,56,638.0,12.6,0.0,0
2024-02-14 12:00:00,22.0,48,714.0,13.6,0.0,0
2024-02-14 13:00:00,22.5,46,720.0,12.5,0.0,0
2024-02-14 14:00:00,22.7,46,656.0,12.5,0.0,0
2024-02-14 15:00:00,22.5,46,528.0,12.0,0.0,0
2024-02-14 16:00:00,22.0,48,352.0,12.0,0.0,0
2024-02-14 17:00:00,20.5,56,158.0,8.0,0.0,0
2024-02-14 18:00:00,18.1,68,18.0,8.4,0.0,0
2024-02-14 19:00:00,16.9,74,0.0,9.4,0.0,0
2024-02-14 20:00:00,15.9,79,0.0,9.3,0.0,0
2024-02-14 21:00:00,15.1,81,0.0,8.9,0.0,0
2024-02-14 22:00:00,14.4,82,0.0,8.2,0.0,0
2024-02-14 23:00:00,13.0,87,0.0,7.4,0.0,0
2024-02-15 00:00:00,12.1,88,0.0,6.9,0.0,0
2024-02-15 01:00:00,11.4,89,0.0,6.9,0.0,0
2024-02-15 02:00:00,10.9,90,0.0,6.8,0.0,0
2024-02-15 03:00:00,10.3,90,0.0,6.3,0.0,0
2024-02-15 04:00:00,10.0,90,0.0,7.3,0.0,0
2024-02-15 05:00:00,9.7,91,0.0,8.3,0.0,0
2024-02-15 06:00:00,10.2,93,0.0,7.8,0.0,0
2024-02-15 07:00:00,10.4,93,9.0,8.7,0.0,0
2024-02-15 08:00:00,13.1,82,129.0,9.7,0.0,0
2024-02-15 09:00:00,16.3,72,323.0,7.8,0.0,0
2024-02-15 10:00:00,19.0,61,508.0,8.6,0.0,0
2024-02-15 11:00:00,21.1,52,648.0,9.7,0.0,0
2024-02-15 12:00:00,22.4,45,724.0,10.9,0.0,0
2024-02-15 13:00:00,23.2,42,731.0,12.7,0.0,0
2024-02-15 14:00:00,23.6,41,666.0,14.5,0.0,0
2024-02-15 15:00:00,23.6,39,538.0,15.0,0.0,0
2024-02-15 16:00:00,23.1,38,361.0,14.5,0.0,0
2024-02-15 17:00:00,21.2,46,165.0,10.5,0.0,0
2024-02-15 18:00:00,18.0,56,20.0,8.5,0.0,0
2024-02-15 19:00:00,16.9,59,0.0,10.4,0.0,0
2024-02-15 20:00:00,15.6,63,0.0,9.2,0.0,0
2024-02-15 21:00:00,14.1,70,0.0,7.9,0.0,0
2024-02-15 22:00:00,12.9,76,0.0,8.2,0.0,0
2024-02-15 23:00:00,11.6,83,0.0,11.0,0.0,0
2024-02-16 00:00:00,10.9,85,0.0,10.4,0.0,0
2024-02-16 01:00:00,10.4,86,0.0,9.2,0.0,0
2024-02-16 02:00:00,9.9,88,0.0,8.4,0.0,0
2024-02-16 03:00:00,9.6,88,0.0,7.9,0.0,0
2024-02-16 04:00:00,9.0,89,0.0,7.7,0.0,0
2024-02-16 05:00:00,8.6,90,0.0,7.0,0.0,0
2024-02-16 06:00:00,9.1,93,0.0,6.4,0.0,0
2024-02-16 07:00:00,9.6,93,10.0,5.8,0.0,0
2024-02-16 08:00:00,12.5,82,135.0,7.3,0.0,0
2024-02-16 09:00:00,16.1,70,335.0,5.0,0.0,0
2024-02-16 10:00:00,19.1,59,524.0,6.1,0.0,0
2024-02-16 11:00:00,21.6,47,665.0,7.8,0.0,0
2024-02-16 12:00:00,23.2,37,743.0,9.9,0.0,0
2024-02-16 13:00:00,24.2,31,748.0,11.6,0.0,0
2024-02-16 14:00:00,24.5,30,683.0,12.5,0.0,0
2024-02-16 15:00:00,24.3,29,552.0,12.8,0.0,0
2024-02-16 16:00:00,23.6,30,372.0,11.8,0.0,0
2024-02-16 17:00:00,21.2,43,170.0,6.1,0.0,0
2024-02-16 18:00:00,17.1,54,21.0,11.0,0.0,0
2024-02-16 19:00:00,15.9,59,0.0,10.8,0.0,0
2024-02-16 20:00:00,15.2,62,0.0,9.5,0.0,0
2024-02-16 21:00:00,14.4,63,0.0,8.4,0.0,0
2024-02-16 22:00:00,13.8,62,0.0,8.9,0.0,0
2024-02-16 23:00:00,12.6,66,0.0,8.9,0.0,0
2024-02-17 00:00:00,11.2,74,0.0,11.1,0.0,0
2024-02-17 01:00:00,10.5,78,0.0,11.1,0.0,0
2024-02-17 02:00:00,11.5,72,0.0,7.4,0.0,0
2024-02-17 03:00:00,9.8,78,0.0,7.6,0.0,0
2024-02-17 04:00:00,10.1,76,0.0,8.4,0.0,0
2024-02-17 05:00:00,9.7,79,0.0,11.0,0.0,2
2024-02-17 06:00:00,9.7,88,0.0,9.6,0.0,9
2024-02-17 07:00:00,10.0,86,10.0,10.8,0.0,0
2024-02-17 08:00:00,13.1,73,139.0,12.0,0.0,0
2024-02-17 09:00:00,16.8,63,340.0,9.7,0.0,0
2024-02-17 10:00:00,20.1,50,528.0,11.4,0.0,0
2024-02-17 11:00:00,22.2,39,669.0,13.4,0.0,0
2024-02-17 12:00:00,23.4,34,747.0,14.1,0.0,0
2024-02-17 13:00:00,24.2,30,753.0,14.6,0.0,0
2024-02-17 14:00:00,24.6,29,687.0,14.6,0.0,0
2024-02-17 15:00:00,24.5,30,556.0,14.9,0.0,0
2024-02-17 16:00:00,23.8,32,374.0,14.7,0.0,0
2024-02-17 17:00:00,22.0,40,172.0,9.9,0.0,0
2024-02-17 18:00:00,18.4,56,22.0,9.4,0.0,0
2024-02-17 19:00:00,16.9,63,0.0,10.5,0.0,0
2024-02-17 20:00:00,15.6,70,0.0,10.6,0.0,0
2024-02-17 21:00:00,14.3,76,0.0,12.0,0.0,20
2024-02-17 22:00:00,13.8,74,0.0,12.2,0.0,6
2024-02-17 23:00:00,13.3,73,0.0,11.5,0.0,0
2024-02-18 00:00:00,12.4,77,0.0,11.8,0.0,47
2024-02-18 01:00:00,13.4,72,0.0,7.1,0.0,6
2024-02-18 02:00:00,11.0,83,0.0,5.4,0.0,11
2024-02-18 03:00:00,10.9,84,0.0,5.4,0.0,0
2024-02-18 04:00:00,10.0,86,0.0,6.4,0.0,0
2024-02-18 05:00:00,11.6,76,0.0,4.2,0.0,2
2024-02-18 06:00:00,11.0,80,0.0,6.9,0.0,96
2024-02-18 07:00:00,12.0,78,11.0,7.5,0.0,57
2024-02-18 08:00:00,16.1,64,136.0,7.4,0.0,2
2024-02-18 09:00:00,20.3,53,335.0,5.9,0.0,21
2024-02-18 10:00:00,22.9,43,518.0,8.1,0.0,57
2024-02-18 11:00:00,24.7,36,657.0,11.1,0.0,54
2024-02-18 12:00:00,25.8,33,732.0,13.2,0.0,43
2024-02-18 13:00:00,26.6,32,731.0,13.1,0.0,94
2024-02-18 14:00:00,27.1,30,662.0,11.9,0.0,96
2024-02-18 15:00:00,27.0,30,533.0,11.7,0.0,98
2024-02-18 16:00:00,26.1,35,347.0,12.2,0.0,100
2024-02-18 17:00:00,24.2,44,148.0,8.5,0.0,100
2024-02-18 18:00:00,21.3,53,22.0,8.9,0.0,92
2024-02-18 19:00:00,20.0,58,0.0,10.2,0.0,52
2024-02-18 20:00:00,19.0,64,0.0,12.0,0.0,88
2024-02-18 21:00:00,18.4,65,0.0,14.6,0.0,99
2024-02-18 22:00:00,18.3,65,0.0,15.9,0.0,100
2024-02-18 23:00:00,17.5,68,0.0,15.9,0.0,100
2024-02-19 00:00:00,17.0,69,0.0,16.3,0.0,93
2024-02-19 01:00:00,16.4,70,0.0,15.8,0.0,90
2024-02-19 02:00:00,16.0,71,0.0,16.6,0.0,64
2024-02-19 03:00:00,15.5,71,0.0,16.9,0.0,0
2024-02-19 04:00:00,15.1,72,0.0,18.9,0.0,0
2024-02-19 05:00:00,14.7,73,0.0,18.9,0.0,0
2024-02-19 06:00:00,15.1,73,0.0,19.0,0.0,0
2024-02-19 07:00:00,15.3,72,11.0,19.9,0.0,0
2024-02-19 08:00:00,17.3,66,136.0,20.9,0.0,0
2024-02-19 09:00:00,19.6,57,329.0,24.2,0.0,0
2024-02-19 10:00:00,21.9,52,512.0,26.2,0.0,0
2024-02-19 11:00:00,23.8,49,649.0,28.3,0.0,7
2024-02-19 12:00:00,25.2,46,723.0,28.5,0.0,11
2024-02-19 13:00:00,26.3,44,724.0,27.8,0.0,20
2024-02-19 14:00:00,26.8,44,656.0,27.1,0.0,30
2024-02-19 15:00:00,26.6,44,476.0,26.4,0.0,44
2024-02-19 16:00:00,26.2,47,325.0,24.6,0.0,4
2024-02-19 17:00:00,25.3,52,170.0,18.9,0.0,6
2024-02-19 18:00:00,23.1,58,23.0,16.1,0.0,1
2024-02-19 19:00:00,22.0,62,0.0,18.1,0.0,2
2024-02-19 20:00:00,21.2,63,0.0,16.3,0.0,7
2024-02-19 21:00:00,20.3,66,0.0,14.4,0.0,23
2024-02-19 22:00:00,19.3,71,0.0,13.0,0.0,14
2024-02-19 23:00:00,19.0,71,0.0,17.4,0.0,5
2024-02-20 00:00:00,18.5,72,0.0,20.0,0.0,23
2024-02-20 01:00:00,18.0,73,0.0,16.1,0.0,0
2024-02-20 02:00:00,17.1,79,0.0,13.5,0.0,23
2024-02-20 03:00:00,16.5,83,0.0,10.5,0.0,40
2024-02-20 04:00:00,16.1,87,0.0,8.2,0.0,33
2024-02-20 05:00:00,15.3,90,0.0,5.4,0.0,19
2024-02-20 06:00:00,16.0,87,0.0,8.7,0.0,27
2024-02-20 07:00:00,15.9,88,11.0,8.5,0.0,5
2024-02-20 08:00:00,17.7,80,133.0,8.8,0.0,13
2024-02-20 09:00:00,20.0,71,311.0,11.9,0.0,85
2024-02-20 10:00:00,21.4,65,325.0,13.2,0.0,19
2024-02-20 11:00:00,24.0,56,636.0,11.2,0.0,16
2024-02-20 12:00:00,25.6,48,728.0,7.9,0.0,10
2024-02-20 13:00:00,26.9,33,745.0,7.2,0.0,7
2024-02-20 14:00:00,27.3,26,624.0,9.6,0.0,2
2024-02-20 15:00:00,27.1,23,560.0,13.7,0.0,0
2024-02-20 16:00:00,26.4,26,381.0,9.7,0.0,1
2024-02-20 17:00:00,24.8,47,174.0,4.0,0.0,0
2024-02-20 18:00:00,21.6,55,22.0,10.1,0.0,4
2024-02-20 19:00:00,19.9,69,0.0,12.6,0.0,4
2024-02-20 20:00:00,18.7,78,0.0,11.5,0.0,3
2024-02-20 21:00:00,16.9,85,0.0,9.0,0.0,4
2024-02-20 22:00:00,17.1,83,0.0,6.6,0.2,53
2024-02-20 23:00:00,16.4,84,0.0,5.7,0.0,10
2024-02-21 00:00:00,14.6,92,0.0,7.9,0.0,0
2024-02-21 01:00:00,14.6,91,0.0,6.5,0.0,7
2024-02-21 02:00:00,13.5,94,0.0,5.1,0.0,0
2024-02-21 03:00:00,12.9,96,0.0,6.4,0.0,0
2024-02-21 04:00:00,12.4,97,0.0,7.2,0.0,0
2024-02-21 05:00:00,12.2,97,0.0,7.4,0.0,1
2024-02-21 06:00:00,13.2,93,0.0,7.6,0.0,0
2024-02-21 07:00:00,13.7,92,13.0,6.4,0.0,0
2024-02-21 08:00:00,16.1,83,147.0,9.4,0.0,0
2024-02-21 09:00:00,18.9,70,343.0,8.5,0.0,0
2024-02-21 10:00:00,21.8,56,531.0,7.1,0.0,0
2024-02-21 11:00:00,23.8,39,672.0,7.9,0.0,0
2024-02-21 12:00:00,25.0,28,752.0,8.7,0.0,0
2024-02-21 13:00:00,25.7,20,759.0,11.2,0.0,0
2024-02-21 14:00:00,25.9,18,685.0,13.0,0.0,1
2024-02-21 15:00:00,25.6,17,571.0,12.4,0.0,16
2024-02-21 16:00:00,25.1,18,386.0,12.4,0.0,0
2024-02-21 17:00:00,23.1,25,184.0,8.5,0.0,0
2024-02-21 18:00:00,19.7,37,26.0,8.7,0.0,0
2024-02-21 19:00:00,18.7,41,0.0,12.5,0.0,1
2024-02-21 20:00:00,17.8,43,0.0,17.3,0.0,2
2024-02-21 21:00:00,16.9,46,0.0,16.0,0.0,12
2024-02-21 22:00:00,16.2,46,0.0,16.7,0.0,34
2024-02-21 23:00:00,16.0,52,0.0,15.5,0.0,61
2024-02-22 00:00:00,15.9,60,0.0,16.3,0.0,59
2024-02-22 01:00:00,15.7,61,0.0,16.7,0.0,49
2024-02-22 02:00:00,15.1,63,0.0,14.3,0.0,52
2024-02-22 03:00:00,15.0,62,0.0,5.8,0.0,31
2024-02-22 04:00:00,12.7,73,0.0,7.4,0.0,18
2024-02-22 05:00:00,10.9,83,0.0,5.2,0.0,4
2024-02-22 06:00:00,11.9,87,0.0,2.8,0.0,3
2024-02-22 07:00:00,12.5,84,14.0,10.1,0.0,24
2024-02-22 08:00:00,15.3,74,148.0,9.4,0.0,14
2024-02-22 09:00:00,17.5,64,338.0,11.0,0.0,0
2024-02-22 10:00:00,19.7,53,514.0,11.1,0.0,0
2024-02-22 11:00:00,21.8,42,684.0,12.0,0.0,0
2024-02-22 12:00:00,23.1,31,759.0,14.5,0.0,6
2024-02-22 13:00:00,24.0,22,762.0,12.7,0.0,1
2024-02-22 14:00:00,23.9,22,686.0,14.3,0.0,13
2024-02-22 15:00:00,23.5,21,547.0,13.5,0.0,2
2024-02-22 16:00:00,23.1,21,389.0,13.2,0.0,5
2024-02-22 17:00:00,21.7,25,186.0,11.2,0.0,1
2024-02-22 18:00:00,19.4,34,27.0,11.4,0.0,0
2024-02-22 19:00:00,17.6,42,0.0,10.8,0.0,0
2024-02-22 20:00:00,16.2,46,0.0,9.7,0.0,0
2024-02-22 21:00:00,14.9,50,0.0,8.5,0.0,0
2024-02-22 22:00:00,13.8,55,0.0,8.1,0.0,0
2024-02-22 23:00:00,13.0,58,0.0,8.0,0.0,0
2024-02-23 00:00:00,12.1,59,0.0,8.0,0.0,0
2024-02-23 01:00:00,12.1,56,0.0,8.9,0.0,0
2024-02-23 02:00:00,11.5,57,0.0,8.6,0.0,0
2024-02-23 03:00:00,10.5,61,0.0,8.0,0.0,0
2024-02-23 04:00:00,9.6,63,0.0,8.3,0.0,0
2024-02-23 05:00:00,8.5,68,0.0,11.4,0.0,0
2024-02-23 06:00:00,9.4,77,0.0,9.1,0.0,0
2024-02-23 07:00:00,10.7,71,16.0,6.7,0.0,0
2024-02-23 08:00:00,13.6,61,158.0,7.3,0.0,0
2024-02-23 09:00:00,16.6,51,364.0,6.2,0.0,0
2024-02-23 10:00:00,19.1,43,554.0,7.6,0.0,0
2024-02-23 11:00:00,21.1,33,695.0,10.5,0.0,0
2024-02-23 12:00:00,22.1,28,772.0,13.5,0.0,0
2024-02-23 13:00:00,22.6,26,779.0,14.8,0.0,0
2024-02-23 14:00:00,22.8,24,712.0,15.1,0.0,0
2024-02-23 15:00:00,22.6,24,580.0,15.2,0.0,0
2024-02-23 16:00:00,22.0,25,396.0,14.5,0.0,0
2024-02-23 17:00:00,20.6,29,190.0,10.8,0.0,0
2024-02-23 18:00:00,17.0,40,29.0,8.3,0.0,0
2024-02-23 19:00:00,15.4,47,0.0,8.4,0.0,0
2024-02-23 20:00:00,14.7,51,0.0,7.5,0.0,0
2024-02-23 21:00:00,13.6,53,0.0,8.7,0.0,0
2024-02-23 22:00:00,13.8,50,0.0,11.1,0.0,0
2024-02-23 23:00:00,13.4,49,0.0,10.9,0.0,0
2024-02-24 00:00:00,12.7,48,0.0,9.3,0.0,0
2024-02-24 01:00:00,10.7,58,0.0,8.6,0.0,0
2024-02-24 02:00:00,10.8,58,0.0,7.4,0.0,0
2024-02-24 03:00:00,9.3,65,0.0,10.2,0.0,0
2024-02-24 04:00:00,9.5,63,0.0,8.7,0.0,1
2024-02-24 05:00:00,11.8,52,0.0,6.5,0.0,9
2024-02-24 06:00:00,11.6,69,0.0,7.4,0.0,99
2024-02-24 07:00:00,12.4,66,11.0,6.5,0.0,88
2024-02-24 08:00:00,14.2,62,149.0,3.3,0.0,90
2024-02-24 09:00:00,17.3,51,294.0,2.2,0.0,99
2024-02-24 10:00:00,19.7,42,432.0,5.1,0.0,86
2024-02-24 11:00:00,20.6,36,509.0,6.1,0.0,32
2024-02-24 12:00:00,22.3,29,743.0,5.8,0.0,8
2024-02-24 13:00:00,23.4,23,767.0,6.6,0.0,16
2024-02-24 14:00:00,22.6,25,623.0,10.5,0.0,70
2024-02-24 15:00:00,22.0,29,472.0,12.1,0.0,4
2024-02-24 16:00:00,22.0,28,387.0,6.9,0.0,26
2024-02-24 17:00:00,20.8,36,171.0,3.2,0.0,27
2024-02-24 18:00:00,18.1,34,28.0,7.2,0.0,1
2024-02-24 19:00:00,16.6,41,0.0,8.5,0.0,5
2024-02-24 20:00:00,15.9,43,0.0,3.3,0.0,0
2024-02-24 21:00:00,17.0,38,0.0,4.8,0.0,4
2024-02-24 22:00:00,14.3,46,0.0,8.1,0.0,0
2024-02-24 23:00:00,13.6,45,0.0,11.5,0.0,1
2024-02-25 00:00:00,13.2,42,0.0,10.1,0.0,10
2024-02-25 01:00:00,11.1,48,0.0,8.6,0.0,2
2024-02-25 02:00:00,10.6,51,0.0,9.0,0.0,6
2024-02-25 03:00:00,10.5,50,0.0,9.3,0.0,1
2024-02-25 04:00:00,10.8,48,0.0,8.4,0.0,7
2024-02-25 05:00:00,12.3,42,0.0,5.8,0.0,2
2024-02-25 06:00:00,11.4,71,0.0,8.6,0.0,11
2024-02-25 07:00:00,12.2,69,16.0,4.8,0.0,19
2024-02-25 08:00:00,14.7,60,154.0,4.8,0.0,6
2024-02-25 09:00:00,18.0,49,366.0,3.1,0.0,9
2024-02-25 10:00:00,21.1,37,553.0,5.0,0.0,41
2024-02-25 11:00:00,23.2,25,695.0,7.3,0.0,21
2024-02-25 12:00:00,24.1,21,768.0,6.0,0.0,13
2024-02-25 13:00:00,24.7,19,779.0,4.6,0.0,64
2024-02-25 14:00:00,25.0,18,709.0,5.3,0.0,99
2024-02-25 15:00:00,24.7,18,445.0,10.1,0.0,100
2024-02-25 16:00:00,23.7,19,303.0,17.7,0.0,100
2024-02-25 17:00:00,22.5,18,165.0,14.8,0.0,100
2024-02-25 18:00:00,19.9,27,29.0,13.7,0.0,100
2024-02-25 19:00:00,19.1,31,0.0,10.6,0.0,5
2024-02-25 20:00:00,16.6,38,0.0,7.6,0.0,88
2024-02-25 21:00:00,15.7,42,0.0,8.0,0.0,98
2024-02-25 22:00:00,15.5,44,0.0,9.0,0.0,98
2024-02-25 23:00:00,15.5,47,0.0,11.4,0.0,71
2024-02-26 00:00:00,14.7,50,0.0,12.0,0.0,66
2024-02-26 01:00:00,14.1,51,0.0,11.0,0.0,88
2024-02-26 02:00:00,13.5,53,0.0,9.8,0.0,100
2024-02-26 03:00:00,13.1,53,0.0,9.1,0.0,36
2024-02-26 04:00:00,11.7,58,0.0,7.3,0.0,100
2024-02-26 05:00:00,11.1,60,0.0,8.3,0.0,100
2024-02-26 06:00:00,12.6,67,0.0,7.1,0.0,100
2024-02-26 07:00:00,13.3,75,10.0,4.7,0.0,100
2024-02-26 08:00:00,15.0,60,89.0,0.4,0.0,47
2024-02-26 09:00:00,17.7,52,281.0,2.5,0.0,15
2024-02-26 10:00:00,21.0,40,551.0,5.9,0.0,83
2024-02-26 11:00:00,23.3,27,687.0,9.8,0.0,100
2024-02-26 12:00:00,24.3,25,682.0,8.7,0.0,100
2024-02-26 13:00:00,24.6,25,605.0,7.9,0.0,100
2024-02-26 14:00:00,24.1,26,382.0,8.1,0.0,100
2024-02-26 15:00:00,23.8,28,270.0,7.7,0.0,100
2024-02-26 16:00:00,23.5,28,224.0,7.2,0.0,100
2024-02-26 17:00:00,22.0,40,137.0,3.8,0.0,100
2024-02-26 18:00:00,18.8,37,27.0,8.2,0.0,100
2024-02-26 19:00:00,17.0,46,0.0,9.9,0.0,79
2024-02-26 20:00:00,17.3,45,0.0,6.6,0.0,88
2024-02-26 21:00:00,15.7,49,0.0,8.4,0.0,100
2024-02-26 22:00:00,15.0,52,0.0,9.4,0.0,99
2024-02-26 23:00:00,14.9,50,0.0,7.3,0.0,100
2024-02-27 00:00:00,15.2,48,0.0,5.4,0.0,100
2024-02-27 01:00:00,14.7,52,0.0,6.5,0.0,86
2024-02-27 02:00:00,14.5,52,0.0,5.6,0.0,100
2024-02-27 03:00:00,15.0,50,0.0,7.1,0.0,100
2024-02-27 04:00:00,15.0,53,0.0,11.8,0.0,100
2024-02-27 05:00:00,14.3,62,0.0,10.3,0.8,100
2024-02-27 06:00:00,15.5,55,0.0,9.6,0.1,100
2024-02-27 07:00:00,15.1,60,17.0,9.0,0.0,100
2024-02-27 08:00:00,16.1,59,59.0,9.1,0.0,100
2024-02-27 09:00:00,17.5,51,165.0,11.0,0.0,100
2024-02-27 10:00:00,19.3,47,399.0,13.0,0.0,33
2024-02-27 11:00:00,22.3,35,662.0,16.0,0.0,60
2024-02-27 12:00:00,23.5,30,729.0,15.5,0.0,49
2024-02-27 13:00:00,24.1,28,703.0,11.9,0.0,3
2024-02-27 14:00:00,24.5,27,682.0,10.1,0.0,14
2024-02-27 15:00:00,24.2,27,562.0,13.0,0.0,6
2024-02-27 16:00:00,23.5,28,388.0,13.2,0.0,0
2024-02-27 17:00:00,22.2,29,189.0,13.4,0.0,2
2024-02-27 18:00:00,18.3,43,31.0,6.4,0.0,0
2024-02-27 19:00:00,17.7,48,0.0,10.2,0.0,0
2024-02-27 20:00:00,16.6,51,0.0,12.0,0.0,0
2024-02-27 21:00:00,15.6,53,0.0,8.4,0.0,0
2024-02-27 22:00:00,14.5,57,0.0,7.5,0.0,0
2024-02-27 23:00:00,14.1,60,0.0,10.5,0.0,0
2024-02-28 00:00:00,13.9,65,0.0,11.2,0.0,0
2024-02-28 01:00:00,13.2,70,0.0,9.5,0.0,0
2024-02-28 02:00:00,12.6,75,0.0,9.7,0.0,0
2024-02-28 03:00:00,12.2,76,0.0,10.0,0.0,0
2024-02-28 04:00:00,11.8,78,0.0,9.5,0.0,0
2024-02-28 05:00:00,11.4,79,0.0,9.8,0.0,0
2024-02-28 06:00:00,11.6,78,0.0,10.0,0.0,0
2024-02-28 07:00:00,12.0,76,21.0,12.1,0.0,0
2024-02-28 08:00:00,14.4,67,170.0,12.0,0.0,0
2024-02-28 09:00:00,17.2,57,377.0,13.5,0.0,0
2024-02-28 10:00:00,19.8,48,565.0,15.6,0.0,0
2024-02-28 11:00:00,21.9,40,704.0,17.9,0.0,0
2024-02-28 12:00:00,23.2,35,781.0,20.1,0.0,0
2024-02-28 13:00:00,23.8,33,785.0,20.2,0.0,0
2024-02-28 14:00:00,24.0,33,718.0,20.7,0.0,0
2024-02-28 15:00:00,23.8,34,586.0,20.4,0.0,0
2024-02-28 16:00:00,23.3,36,403.0,18.3,0.0,0
2024-02-28 17:00:00,22.5,38,197.0,15.8,0.0,0
2024-02-28 18:00:00,20.0,47,33.0,10.5,0.0,0
2024-02-28 19:00:00,18.5,54,0.0,10.0,0.0,0
2024-02-28 20:00:00,17.5,57,0.0,9.4,0.0,0
2024-02-28 21:00:00,16.4,61,0.0,9.4,0.0,0
2024-02-28 22:00:00,15.6,65,0.0,10.2,0.0,0
2024-02-28 23:00:00,15.0,67,0.0,10.9,0.0,0
2024-02-29 00:00:00,14.4,68,0.0,11.0,0.0,0
2024-02-29 01:00:00,13.9,69,0.0,11.1,0.0,0
2024-02-29 02:00:00,13.4,71,0.0,11.6,0.0,0
2024-02-29 03:00:00,12.9,74,0.0,11.5,0.0,0
2024-02-29 04:00:00,12.4,76,0.0,12.1,0.0,0
2024-02-29 05:00:00,12.0,77,0.0,11.8,0.0,0
2024-02-29 06:00:00,12.4,79,0.0,11.5,0.0,0
2024-02-29 07:00:00,12.9,77,23.0,12.8,0.0,0
2024-02-29 08:00:00,15.6,68,177.0,11.6,0.0,0
2024-02-29 09:00:00,18.7,57,385.0,11.4,0.0,0
2024-02-29 10:00:00,21.4,46,575.0,13.2,0.0,0
2024-02-29 11:00:00,23.3,38,716.0,13.0,0.0,5
2024-02-29 12:00:00,24.7,34,793.0,12.9,0.0,0
2024-02-29 13:00:00,25.7,31,797.0,12.0,0.0,0
2024-02-29 14:00:00,26.2,29,729.0,11.3,0.0,0
2024-02-29 15:00:00,26.3,28,594.0,11.1,0.0,0
2024-02-29 16:00:00,25.8,28,410.0,11.6,0.0,6
2024-02-29 17:00:00,24.4,33,202.0,8.3,0.0,0
2024-02-29 18:00:00,19.9,51,34.0,10.1,0.0,25
2024-02-29 19:00:00,18.8,57,0.0,9.7,0.0,6
2024-02-29 20:00:00,17.5,64,0.0,9.3,0.0,0
2024-02-29 21:00:00,17.5,63,0.0,8.7,0.0,14
2024-02-29 22:00:00,16.0,67,0.0,10.2,0.0,2
2024-02-29 23:00:00,15.1,69,0.0,10.3,0.0,19
2024-03-01 00:00:00,14.4,72,0.0,9.2,0.0,41
2024-03-01 01:00:00,14.0,74,0.0,10.0,0.0,88
2024-03-01 02:00:00,16.0,64,0.0,4.7,0.0,100
2024-03-01 03:00:00,16.1,63,0.0,3.3,0.0,100
2024-03-01 04:00:00,15.7,65,0.0,5.3,0.0,100
2024-03-01 05:00:00,13.9,74,0.0,6.4,0.0,100
2024-03-01 06:00:00,14.7,76,0.0,6.1,0.0,100
2024-03-01 07:00:00,15.5,75,19.0,4.0,0.0,82
2024-03-01 08:00:00,18.2,66,168.0,1.6,0.0,81
2024-03-01 09:00:00,21.4,56,324.0,1.5,0.0,99
2024-03-01 10:00:00,23.0,52,453.0,3.7,0.2,99
2024-03-01 11:00:00,22.7,56,510.0,4.0,0.7,100
2024-03-01 12:00:00,23.2,54,439.0,4.6,0.2,100
2024-03-01 13:00:00,23.4,54,447.0,7.3,0.6,99
2024-03-01 14:00:00,25.7,44,556.0,7.6,0.0,58
2024-03-01 15:00:00,26.5,40,509.0,10.2,0.0,38
2024-03-01 16:00:00,25.8,44,381.0,16.0,0.0,99
2024-03-01 17:00:00,24.4,49,136.0,11.0,0.0,97
2024-03-01 18:00:00,24.1,48,19.0,12.5,0.0,100
2024-03-01 19:00:00,21.8,61,0.0,5.5,0.0,99
2024-03-01 20:00:00,20.8,60,0.0,8.3,0.0,97
2024-03-01 21:00:00,20.1,64,0.0,12.0,0.0,99
2024-03-01 22:00:00,20.2,63,0.0,10.3,0.0,100
2024-03-01 23:00:00,20.0,64,0.0,11.9,0.0,100
2024-03-02 00:00:00,19.5,67,0.0,13.0,0.0,100
2024-03-02 01:00:00,19.3,69,0.0,14.8,0.0,100
2024-03-02 02:00:00,18.9,69,0.0,17.0,0.0,100
2024-03-02 03:00:00,19.0,66,0.0,19.8,0.0,100
2024-03-02 04:00:00,18.8,68,0.0,22.8,0.0,100
2024-03-02 05:00:00,18.7,67,0.0,23.1,0.0,100
2024-03-02 06:00:00,18.6,72,0.0,12.8,0.8,100
2024-03-02 07:00:00,18.1,78,6.0,13.1,0.0,100
2024-03-02 08:00:00,18.4,80,50.0,11.6,0.1,100
2024-03-02 09:00:00,18.3,85,103.0,15.3,1.7,100
2024-03-02 10:00:00,20.0,81,234.0,14.2,0.0,94
2024-03-02 11:00:00,22.7,62,552.0,25.0,0.0,19
2024-03-02 12:00:00,24.3,56,748.0,28.8,0.0,77
2024-03-02 13:00:00,24.7,54,711.0,30.5,0.8,89
2024-03-02 14:00:00,24.0,55,441.0,33.4,0.1,100
2024-03-02 15:00:00,23.4,60,362.0,30.3,0.0,96
2024-03-02 16:00:00,23.6,59,254.0,27.8,0.0,74
2024-03-02 17:00:00,18.2,89,125.0,21.7,1.5,100
2024-03-02 18:00:00,18.3,87,21.0,24.0,0.1,57
2024-03-02 19:00:00,18.5,85,0.0,25.4,0.0,41
2024-03-02 20:00:00,17.5,92,0.0,27.4,0.0,100
2024-03-02 21:00:00,17.8,92,0.0,19.3,0.0,29
2024-03-02 22:00:00,17.9,93,0.0,19.2,0.4,54
2024-03-02 23:00:00,17.3,92,0.0,18.2,1.0,50
2024-03-03 00:00:00,17.2,94,0.0,15.4,0.0,64
2024-03-03 01:00:00,16.9,93,0.0,13.9,0.0,97
2024-03-03 02:00:00,15.7,96,0.0,12.8,2.5,100
2024-03-03 03:00:00,15.4,97,0.0,5.2,7.6,100
2024-03-03 04:00:00,16.0,93,0.0,7.1,0.2,89
2024-03-03 05:00:00,15.6,93,0.0,3.8,0.1,29
2024-03-03 06:00:00,15.5,91,0.0,7.2,0.0,11
2024-03-03 07:00:00,15.5,82,24.0,10.3,0.0,8
2024-03-03 08:00:00,16.0,64,183.0,13.8,0.0,0
2024-03-03 09:00:00,17.2,50,366.0,11.2,0.0,13
2024-03-03 10:00:00,18.6,51,488.0,10.5,0.0,22
2024-03-03 11:00:00,20.0,55,685.0,7.2,0.0,3
2024-03-03 12:00:00,21.1,53,776.0,3.6,0.0,0
2024-03-03 13:00:00,22.2,47,802.0,4.7,0.0,0
2024-03-03 14:00:00,22.7,41,730.0,8.5,0.0,0
2024-03-03 15:00:00,22.5,37,610.0,11.9,0.0,0
2024-03-03 16:00:00,21.6,35,425.0,13.5,0.0,0
2024-03-03 17:00:00,20.2,40,215.0,11.8,0.0,0
2024-03-03 18:00:00,18.5,50,36.0,8.6,0.0,4
2024-03-03 19:00:00,17.1,58,0.0,10.7,0.0,1
2024-03-03 20:00:00,15.7,73,0.0,11.3,0.0,2
2024-03-03 21:00:00,14.7,95,0.0,8.9,0.0,0
2024-03-03 22:00:00,14.0,98,0.0,7.0,0.0,0
2024-03-03 23:00:00,13.4,99,0.0,6.8,0.0,0
2024-03-04 00:00:00,12.2,100,0.0,7.1,0.0,0
2024-03-04 01:00:00,11.7,100,0.0,7.9,0.0,98
2024-03-04 02:00:00,11.8,100,0.0,6.2,0.0,98
2024-03-04 03:00:00,11.9,100,0.0,5.8,0.0,100
2024-03-04 04:00:00,12.2,99,0.0,5.4,0.0,100
2024-03-04 05:00:00,12.4,96,0.0,6.3,0.0,100
2024-03-04 06:00:00,11.1,98,0.0,6.8,0.0,1
2024-03-04 07:00:00,12.0,98,29.0,9.4,0.0,26
2024-03-04 08:00:00,13.9,91,187.0,8.0,0.0,88
2024-03-04 09:00:00,17.0,71,404.0,9.8,0.0,94
2024-03-04 10:00:00,19.8,32,599.0,12.4,0.0,89
2024-03-04 11:00:00,20.9,24,747.0,10.4,0.0,80
2024-03-04 12:00:00,21.5,23,827.0,12.0,0.0,51
2024-03-04 13:00:00,21.7,24,827.0,14.0,0.0,34
2024-03-04 14:00:00,21.6,25,762.0,14.7,0.0,17
2024-03-04 15:00:00,21.3,27,624.0,14.1,0.0,0
2024-03-04 16:00:00,20.7,29,434.0,13.5,0.0,0
2024-03-04 17:00:00,19.5,35,218.0,12.5,0.0,44
2024-03-04 18:00:00,17.3,46,40.0,10.7,0.0,0
2024-03-04 19:00:00,15.7,51,0.0,11.2,0.0,0
2024-03-04 20:00:00,14.5,53,0.0,11.8,0.0,0
2024-03-04 21:00:00,13.8,53,0.0,12.3,0.0,0
2024-03-04 22:00:00,12.8,56,0.0,12.0,0.0,17
2024-03-04 23:00:00,12.1,59,0.0,11.3,0.0,0
2024-03-05 00:00:00,11.3,62,0.0,9.2,0.0,100
2024-03-05 01:00:00,10.6,65,0.0,8.2,0.0,98
2024-03-05 02:00:00,10.3,66,0.0,9.7,0.0,0
2024-03-05 03:00:00,9.9,67,0.0,10.6,0.0,0
2024-03-05 04:00:00,9.5,67,0.0,10.7,0.0,0
2024-03-05 05:00:00,8.9,67,0.0,9.7,0.0,0
2024-03-05 06:00:00,9.2,73,0.0,8.4,0.0,0
2024-03-05 07:00:00,10.0,70,31.0,11.9,0.0,11
2024-03-05 08:00:00,12.4,63,199.0,11.3,0.0,10
2024-03-05 09:00:00,15.0,56,413.0,12.2,0.0,0
2024-03-05 10:00:00,17.3,48,610.0,13.9,0.0,0
2024-03-05 11:00:00,18.8,41,753.0,14.1,0.0,0
2024-03-05 12:00:00,19.9,37,830.0,14.4,0.0,0
2024-03-05 13:00:00,20.7,34,833.0,15.1,0.0,74
2024-03-05 14:00:00,20.9,34,740.0,15.3,0.0,3
2024-03-05 15:00:00,20.9,33,623.0,15.2,0.0,95
2024-03-05 16:00:00,20.3,35,410.0,15.6,0.0,21
2024-03-05 17:00:00,19.2,40,219.0,12.9,0.0,49
2024-03-05 18:00:00,16.3,49,40.0,8.5,0.0,48
2024-03-05 19:00:00,15.4,54,0.0,9.8,0.0,100
2024-03-05 20:00:00,15.7,54,0.0,11.2,0.0,100
2024-03-05 21:00:00,14.4,59,0.0,9.6,0.0,43
2024-03-05 22:00:00,13.0,63,0.0,10.0,0.0,99
2024-03-05 23:00:00,12.5,65,0.0,9.8,0.0,100
2024-03-06 00:00:00,12.8,64,0.0,11.0,0.0,99
2024-03-06 01:00:00,12.2,65,0.0,10.9,0.0,99
2024-03-06 02:00:00,11.8,65,0.0,10.8,0.0,32
2024-03-06 03:00:00,11.0,67,0.0,9.8,0.0,34
2024-03-06 04:00:00,10.0,71,0.0,10.3,0.0,86
2024-03-06 05:00:00,9.9,69,0.0,10.1,0.0,12
2024-03-06 06:00:00,9.2,70,0.0,9.0,0.0,15
2024-03-06 07:00:00,9.9,67,32.0,12.0,0.0,75
2024-03-06 08:00:00,12.6,61,190.0,9.9,0.0,86
2024-03-06 09:00:00,15.5,51,393.0,10.0,0.0,88
2024-03-06 10:00:00,17.8,41,573.0,13.0,0.0,34
2024-03-06 11:00:00,19.2,37,738.0,15.3,0.0,100
2024-03-06 12:00:00,19.4,37,550.0,13.5,0.0,100
2024-03-06 13:00:00,19.1,40,333.0,12.4,0.0,95
2024-03-06 14:00:00,20.2,38,543.0,12.4,0.0,0
2024-03-06 15:00:00,21.1,38,622.0,11.6,0.0,61
2024-03-06 16:00:00,20.8,38,414.0,11.5,0.0,98
2024-03-06 17:00:00,20.0,42,149.0,8.2,0.0,93
2024-03-06 18:00:00,18.0,53,17.0,6.2,0.0,0
2024-03-06 19:00:00,16.5,57,0.0,6.6,0.0,44
2024-03-06 20:00:00,14.7,67,0.0,7.6,0.0,80
2024-03-06 21:00:00,14.4,69,0.0,6.4,0.0,31
2024-03-06 22:00:00,12.7,75,0.0,9.9,0.0,75
2024-03-06 23:00:00,14.1,66,0.0,7.6,0.0,1
2024-03-07 00:00:00,15.0,60,0.0,6.1,0.0,2
2024-03-07 01:00:00,11.7,74,0.0,9.4,0.0,8
2024-03-07 02:00:00,11.3,76,0.0,7.2,0.0,0
2024-03-07 03:00:00,10.3,81,0.0,8.7,0.0,0
2024-03-07 04:00:00,10.2,81,0.0,6.6,0.0,0
2024-03-07 05:00:00,10.1,81,0.0,7.5,0.0,0
2024-03-07 06:00:00,10.1,84,0.0,8.2,0.0,0
2024-03-07 07:00:00,12.0,75,33.0,6.0,0.0,0
2024-03-07 08:00:00,15.1,66,200.0,6.5,0.0,0
2024-03-07 09:00:00,18.0,53,409.0,7.1,0.0,2
2024-03-07 10:00:00,20.2,45,596.0,8.6,0.0,1
2024-03-07 11:00:00,21.7,40,736.0,10.0,0.0,0
2024-03-07 12:00:00,22.9,36,810.0,11.2,0.0,1
2024-03-07 13:00:00,23.9,32,812.0,12.9,0.0,0
2024-03-07 14:00:00,24.2,31,743.0,14.3,0.0,23
2024-03-07 15:00:00,24.0,32,583.0,15.0,0.0,21
2024-03-07 16:00:00,23.4,35,367.0,15.1,0.0,0
2024-03-07 17:00:00,22.4,40,207.0,12.6,0.0,0
2024-03-07 18:00:00,19.3,54,40.0,6.8,0.0,1
2024-03-07 19:00:00,18.2,58,0.0,9.8,0.0,2
2024-03-07 20:00:00,17.9,51,0.0,14.9,0.0,2
2024-03-07 21:00:00,17.6,49,0.0,14.8,0.0,0
2024-03-07 22:00:00,16.5,53,0.0,11.2,0.0,0
2024-03-07 23:00:00,15.3,58,0.0,8.6,0.0,0
2024-03-08 00:00:00,13.3,67,0.0,10.9,0.0,0
2024-03-08 01:00:00,12.9,67,0.0,10.4,0.0,0
2024-03-08 02:00:00,12.1,70,0.0,10.5,0.0,0
2024-03-08 03:00:00,12.2,69,0.0,6.1,0.0,0
2024-03-08 04:00:00,11.6,72,0.0,7.8,0.0,0
2024-03-08 05:00:00,11.3,73,0.0,7.8,0.0,0
2024-03-08 06:00:00,11.8,75,0.0,7.7,0.0,0
2024-03-08 07:00:00,13.0,71,36.0,10.7,0.0,0
2024-03-08 08:00:00,15.9,63,205.0,9.2,0.0,0
2024-03-08 09:00:00,18.7,55,417.0,10.5,0.0,0
2024-03-08 10:00:00,21.4,47,607.0,11.5,0.0,0
2024-03-08 11:00:00,23.6,37,749.0,14.5,0.0,0
2024-03-08 12:00:00,24.8,30,825.0,16.8,0.0,0
2024-03-08 13:00:00,25.2,31,827.0,16.2,0.0,0
2024-03-08 14:00:00,25.4,30,757.0,15.5,0.0,0
2024-03-08 15:00:00,25.1,30,620.0,16.6,0.0,0
2024-03-08 16:00:00,24.4,32,433.0,16.2,0.0,0
2024-03-08 17:00:00,23.2,36,221.0,12.9,0.0,0
2024-03-08 18:00:00,20.5,44,44.0,9.3,0.0,0
2024-03-08 19:00:00,18.6,51,0.0,10.5,0.0,0
2024-03-08 20:00:00,17.5,53,0.0,13.1,0.0,0
2024-03-08 21:00:00,16.6,52,0.0,12.9,0.0,0
2024-03-08 22:00:00,15.8,53,0.0,13.0,0.0,0
2024-03-08 23:00:00,15.1,54,0.0,11.2,0.0,0
2024-03-09 00:00:00,14.6,55,0.0,11.6,0.0,0
2024-03-09 01:00:00,14.1,55,0.0,10.6,0.0,0
2024-03-09 02:00:00,13.5,56,0.0,10.2,0.0,0
2024-03-09 03:00:00,12.9,58,0.0,10.5,0.0,0
2024-03-09 04:00:00,12.3,62,0.0,10.2,0.0,0
2024-03-09 05:00:00,11.8,66,0.0,10.5,0.0,0
2024-03-09 06:00:00,12.1,72,0.0,11.0,0.0,0
2024-03-09 07:00:00,12.8,70,39.0,13.4,0.0,0
2024-03-09 08:00:00,15.6,61,216.0,13.0,0.0,0
2024-03-09 09:00:00,18.4,52,433.0,13.8,0.0,77
2024-03-09 10:00:00,20.8,44,622.0,14.6,0.0,19
2024-03-09 11:00:00,22.6,38,768.0,15.4,0.0,0
2024-03-09 12:00:00,23.9,36,841.0,16.4,0.0,0
2024-03-09 13:00:00,24.8,32,841.0,17.1,0.0,0
2024-03-09 14:00:00,25.2,29,768.0,17.4,0.0,52
2024-03-09 15:00:00,25.1,28,630.0,16.1,0.0,100
2024-03-09 16:00:00,24.6,29,436.0,15.1,0.0,88
2024-03-09 17:00:00,23.3,34,222.0,11.8,0.0,99
2024-03-09 18:00:00,19.2,43,47.0,8.1,0.0,100
2024-03-09 19:00:00,18.3,50,0.0,7.2,0.0,100
2024-03-09 20:00:00,17.5,53,0.0,7.4,0.0,100
2024-03-09 21:00:00,16.3,56,0.0,6.9,0.0,100
2024-03-09 22:00:00,15.1,60,0.0,6.9,0.0,100
2024-03-09 23:00:00,14.6,63,0.0,7.9,0.0,100
2024-03-10 00:00:00,13.6,68,0.0,9.9,0.0,98
2024-03-10 01:00:00,12.9,72,0.0,7.9,0.0,100
2024-03-10 02:00:00,13.3,71,0.0,8.6,0.0,100
2024-03-10 03:00:00,13.1,71,0.0,8.2,0.0,100
2024-03-10 04:00:00,13.1,69,0.0,8.7,0.0,100
2024-03-10 05:00:00,12.8,69,0.0,9.2,0.0,99
2024-03-10 06:00:00,12.0,73,0.0,8.2,0.0,5
2024-03-10 07:00:00,13.0,70,41.0,10.9,0.0,9
2024-03-10 08:00:00,16.3,60,219.0,9.0,0.0,3
2024-03-10 09:00:00,19.8,50,438.0,9.5,0.0,53
2024-03-10 10:00:00,22.6,39,605.0,11.6,0.0,32
2024-03-10 11:00:00,24.3,33,748.0,11.0,0.0,36
2024-03-10 12:00:00,25.5,30,837.0,10.5,0.0,58
2024-03-10 13:00:00,26.2,29,821.0,9.3,0.0,96
2024-03-10 14:00:00,26.6,28,754.0,9.9,0.0,100
2024-03-10 15:00:00,26.3,27,569.0,9.3,0.0,100
2024-03-10 16:00:00,25.9,28,371.0,7.4,0.0,100
2024-03-10 17:00:00,24.6,34,181.0,7.2,0.0,93
2024-03-10 18:00:00,20.8,47,41.0,10.0,0.0,100
2024-03-10 19:00:00,21.1,48,0.0,7.0,0.0,97
2024-03-10 20:00:00,20.3,50,0.0,7.9,0.0,99
2024-03-10 21:00:00,19.8,50,0.0,8.5,0.0,97
2024-03-10 22:00:00,19.3,52,0.0,9.3,0.0,100
2024-03-10 23:00:00,18.6,57,0.0,8.1,0.0,100
2024-03-11 00:00:00,18.5,56,0.0,6.1,0.0,97
2024-03-11 01:00:00,17.3,62,0.0,7.2,0.0,100
2024-03-11 02:00:00,17.6,61,0.0,3.8,0.0,99
2024-03-11 03:00:00,17.4,61,0.0,4.9,0.0,100
2024-03-11 04:00:00,17.5,62,0.0,8.0,0.0,100
2024-03-11 05:00:00,16.8,66,0.0,5.8,0.0,1
2024-03-11 06:00:00,14.8,83,0.0,9.1,0.0,0
2024-03-11 07:00:00,17.0,73,40.0,6.3,0.0,0
2024-03-11 08:00:00,20.1,64,212.0,4.0,0.0,0
2024-03-11 09:00:00,23.3,54,422.0,2.5,0.0,0
2024-03-11 10:00:00,26.0,42,609.0,4.8,0.0,0
2024-03-11 11:00:00,27.6,33,746.0,5.8,0.0,0
2024-03-11 12:00:00,28.6,29,819.0,5.0,0.0,0
2024-03-11 13:00:00,29.2,28,819.0,6.6,0.0,0
2024-03-11 14:00:00,29.5,27,749.0,8.6,0.0,1
2024-03-11 15:00:00,29.4,28,610.0,10.9,0.0,12
2024-03-11 16:00:00,28.5,31,392.0,13.8,0.0,14
2024-03-11 17:00:00,27.2,35,207.0,13.6,0.0,18
2024-03-11 18:00:00,25.3,29,46.0,12.4,0.0,5
2024-03-11 19:00:00,23.1,33,0.0,9.2,0.0,9
2024-03-11 20:00:00,21.9,34,0.0,11.0,0.0,1
2024-03-11 21:00:00,20.5,37,0.0,9.7,0.0,0
2024-03-11 22:00:00,19.4,42,0.0,9.6,0.0,0
2024-03-11 23:00:00,18.5,49,0.0,8.5,0.0,3
2024-03-12 00:00:00,17.7,53,0.0,7.9,0.0,5
2024-03-12 01:00:00,16.7,57,0.0,7.7,0.0,20
2024-03-12 02:00:00,16.2,59,0.0,7.6,0.0,19
2024-03-12 03:00:00,16.0,60,0.0,8.0,0.0,13
2024-03-12 04:00:00,14.8,66,0.0,9.4,0.0,0
2024-03-12 05:00:00,13.9,70,0.0,9.2,0.0,0
2024-03-12 06:00:00,15.4,74,0.0,5.3,0.0,3
2024-03-12 07:00:00,16.3,70,43.0,8.0,0.0,0
2024-03-12 08:00:00,19.4,57,217.0,6.5,0.0,0
2024-03-12 09:00:00,22.6,49,428.0,9.7,0.0,0
2024-03-12 10:00:00,25.6,42,616.0,12.9,0.0,0
2024-03-12 11:00:00,27.4,35,754.0,14.0,0.0,0
2024-03-12 12:00:00,28.5,29,828.0,14.2,0.0,0
2024-03-12 13:00:00,29.0,28,833.0,13.8,0.0,0
2024-03-12 14:00:00,29.1,29,750.0,13.6,0.0,0
2024-03-12 15:00:00,29.0,28,614.0,13.8,0.0,1
2024-03-12 16:00:00,28.5,28,437.0,14.1,0.0,1
2024-03-12 17:00:00,27.3,32,225.0,12.9,0.0,1
2024-03-12 18:00:00,25.4,31,49.0,15.3,0.0,0
2024-03-12 19:00:00,23.6,37,0.0,16.0,0.0,0
2024-03-12 20:00:00,22.4,40,0.0,15.0,0.0,0
2024-03-12 21:00:00,21.3,45,0.0,16.0,0.0,0
2024-03-12 22:00:00,20.8,48,0.0,16.9,0.0,0
2024-03-12 23:00:00,20.1,50,0.0,14.4,0.0,0
2024-03-13 00:00:00,19.2,52,0.0,12.6,0.0,0
2024-03-13 01:00:00,17.5,59,0.0,7.6,0.0,0
2024-03-13 02:00:00,18.8,54,0.0,4.7,0.0,0
2024-03-13 03:00:00,15.4,67,0.0,5.8,0.0,0
2024-03-13 04:00:00,14.4,72,0.0,6.6,0.0,0
2024-03-13 05:00:00,13.9,77,0.0,5.8,0.0,0
2024-03-13 06:00:00,14.3,81,0.0,5.8,0.0,0
2024-03-13 07:00:00,15.7,76,46.0,7.6,0.0,0
2024-03-13 08:00:00,19.3,63,225.0,5.2,0.0,0
2024-03-13 09:00:00,22.7,52,437.0,4.3,0.0,0
2024-03-13 10:00:00,25.4,42,625.0,4.0,0.0,0
2024-03-13 11:00:00,27.4,34,759.0,5.4,0.0,0
2024-03-13 12:00:00,28.8,29,828.0,9.5,0.0,21
2024-03-13 13:00:00,29.4,25,781.0,10.9,0.0,12
2024-03-13 14:00:00,29.3,27,643.0,12.4,0.0,40
2024-03-13 15:00:00,26.7,38,506.0,11.7,0.2,36
2024-03-13 16:00:00,27.1,34,343.0,1.9,0.0,49
2024-03-13 17:00:00,26.6,35,204.0,4.7,0.0,12
2024-03-13 18:00:00,23.4,43,42.0,18.2,0.0,9
2024-03-13 19:00:00,22.3,44,0.0,15.9,0.0,1
2024-03-13 20:00:00,20.8,52,0.0,10.8,0.0,1
2024-03-13 21:00:00,19.3,62,0.0,11.7,0.0,0
2024-03-13 22:00:00,18.3,67,0.0,9.7,0.0,0
2024-03-13 23:00:00,17.4,70,0.0,8.0,0.0,11
2024-03-14 00:00:00,16.9,74,0.0,7.9,0.0,19
2024-03-14 01:00:00,16.3,77,0.0,6.7,0.0,2
2024-03-14 02:00:00,15.5,81,0.0,6.8,0.0,0
2024-03-14 03:00:00,15.0,83,0.0,6.5,0.0,30
2024-03-14 04:00:00,14.7,84,0.0,5.8,0.0,25
2024-03-14 05:00:00,14.1,86,0.0,5.8,0.0,0
2024-03-14 06:00:00,15.2,86,0.0,9.2,0.0,0
2024-03-14 07:00:00,16.4,81,48.0,10.1,0.0,0
2024-03-14 08:00:00,19.4,67,224.0,7.4,0.0,0
2024-03-14 09:00:00,22.7,51,435.0,7.6,0.0,0
2024-03-14 10:00:00,25.6,40,622.0,9.8,0.0,0
2024-03-14 11:00:00,27.5,33,759.0,14.4,0.0,0
2024-03-14 12:00:00,28.6,28,836.0,15.8,0.0,1
2024-03-14 13:00:00,29.2,26,843.0,12.4,0.0,13
2024-03-14 14:00:00,29.1,26,709.0,13.4,0.0,4
2024-03-14 15:00:00,28.7,26,619.0,14.8,0.0,5
2024-03-14 16:00:00,28.0,27,436.0,14.5,0.0,1
2024-03-14 17:00:00,27.0,30,231.0,13.2,0.0,0
2024-03-14 18:00:00,25.0,33,51.0,13.2,0.0,1
2024-03-14 19:00:00,23.3,38,0.0,12.0,0.0,0
2024-03-14 20:00:00,21.5,46,0.0,9.8,0.0,0
2024-03-14 21:00:00,20.2,49,0.0,10.1,0.0,0
2024-03-14 22:00:00,19.3,48,0.0,9.5,0.0,0
2024-03-14 23:00:00,18.8,45,0.0,11.4,0.0,0
2024-03-15 00:00:00,18.4,44,0.0,13.9,0.0,0
2024-03-15 01:00:00,17.5,48,0.0,13.0,0.0,0
2024-03-15 02:00:00,16.5,53,0.0,11.1,0.0,0
2024-03-15 03:00:00,15.6,57,0.0,11.7,0.0,0
2024-03-15 04:00:00,14.9,58,0.0,11.2,0.0,0
2024-03-15 05:00:00,14.3,58,0.0,10.6,0.0,0
2024-03-15 06:00:00,14.9,65,0.0,10.5,0.0,0
2024-03-15 07:00:00,15.9,62,53.0,13.1,0.0,0
2024-03-15 08:00:00,18.3,55,241.0,12.6,0.0,0
2024-03-15 09:00:00,21.0,48,461.0,12.9,0.0,0
2024-03-15 10:00:00,23.7,40,655.0,14.3,0.0,33
2024-03-15 11:00:00,25.6,31,792.0,16.4,0.0,51
2024-03-15 12:00:00,26.6,25,864.0,16.9,0.0,84
2024-03-15 13:00:00,27.1,23,858.0,16.8,0.0,46
2024-03-15 14:00:00,27.2,23,786.0,16.6,0.0,79
2024-03-15 15:00:00,27.0,24,642.0,16.3,0.0,10
2024-03-15 16:00:00,26.6,25,461.0,15.8,0.0,0
2024-03-15 17:00:00,25.4,28,243.0,13.5,0.0,0
2024-03-15 18:00:00,22.7,32,55.0,11.7,0.0,0
2024-03-15 19:00:00,20.4,39,0.0,10.6,0.0,0
2024-03-15 20:00:00,18.9,42,0.0,9.5,0.0,0
2024-03-15 21:00:00,17.6,45,0.0,8.0,0.0,0
2024-03-15 22:00:00,16.2,49,0.0,6.7,0.0,0
2024-03-15 23:00:00,15.2,55,0.0,6.6,0.0,0
2024-03-16 00:00:00,14.0,60,0.0,9.3,0.0,0
2024-03-16 01:00:00,13.6,61,0.0,10.2,0.0,0
2024-03-16 02:00:00,13.5,60,0.0,10.2,0.0,0
2024-03-16 03:00:00,12.8,63,0.0,9.4,0.0,0
2024-03-16 04:00:00,12.7,64,0.0,8.2,0.0,86
2024-03-16 05:00:00,13.0,59,0.0,12.1,0.0,100
2024-03-16 06:00:00,12.7,73,0.0,7.4,0.0,100
2024-03-16 07:00:00,14.3,67,54.0,8.7,0.0,14
2024-03-16 08:00:00,17.5,57,250.0,5.0,0.0,100
2024-03-16 09:00:00,20.9,47,458.0,5.0,0.0,90
2024-03-16 10:00:00,23.9,36,642.0,7.4,0.0,82
2024-03-16 11:00:00,25.6,28,776.0,5.1,0.0,100
2024-03-16 12:00:00,26.5,25,801.0,4.7,0.0,100
2024-03-16 13:00:00,27.1,25,807.0,6.1,0.0,91
2024-03-16 14:00:00,27.6,25,776.0,8.4,0.0,67
2024-03-16 15:00:00,27.5,25,657.0,10.8,0.0,0
2024-03-16 16:00:00,26.9,24,467.0,12.9,0.0,0
2024-03-16 17:00:00,25.7,26,246.0,12.8,0.0,0
2024-03-16 18:00:00,23.2,26,57.0,8.9,0.0,0
2024-03-16 19:00:00,20.7,35,0.0,8.2,0.0,0
2024-03-16 20:00:00,19.8,42,0.0,10.0,0.0,0
2024-03-16 21:00:00,18.6,44,0.0,8.2,0.0,0
2024-03-16 22:00:00,17.4,47,0.0,8.0,0.0,0
2024-03-16 23:00:00,16.6,50,0.0,8.4,0.0,0
2024-03-17 00:00:00,15.6,53,0.0,8.2,0.0,0
2024-03-17 01:00:00,14.8,55,0.0,9.7,0.0,0
2024-03-17 02:00:00,13.8,60,0.0,11.4,0.0,4
2024-03-17 03:00:00,14.1,58,0.0,9.2,0.0,94
2024-03-17 04:00:00,13.4,60,0.0,7.1,0.0,100
2024-03-17 05:00:00,11.8,68,0.0,7.9,0.0,100
2024-03-17 06:00:00,13.4,73,0.0,7.9,0.0,100
2024-03-17 07:00:00,15.0,68,56.0,11.5,0.0,100
2024-03-17 08:00:00,18.6,57,234.0,10.2,0.0,100
2024-03-17 09:00:00,21.9,47,435.0,10.2,0.0,100
2024-03-17 10:00:00,24.6,38,588.0,9.7,0.0,98
2024-03-17 11:00:00,26.6,29,759.0,8.0,0.0,100
2024-03-17 12:00:00,27.7,25,826.0,8.4,0.0,95
2024-03-17 13:00:00,28.4,24,807.0,8.4,0.0,88
2024-03-17 14:00:00,28.8,23,766.0,8.6,0.0,34
2024-03-17 15:00:00,28.8,24,653.0,10.0,0.0,0
2024-03-17 16:00:00,28.3,24,466.0,10.8,0.0,0
2024-03-17 17:00:00,27.1,26,247.0,10.8,0.0,5
2024-03-17 18:00:00,23.0,38,56.0,7.1,0.0,7
2024-03-17 19:00:00,21.3,46,0.0,7.3,0.0,73
2024-03-17 20:00:00,20.5,52,0.0,9.7,0.0,0
2024-03-17 21:00:00,19.6,51,0.0,9.4,0.0,0
2024-03-17 22:00:00,18.7,51,0.0,8.9,0.0,0
2024-03-17 23:00:00,17.7,55,0.0,8.9,0.0,0
2024-03-18 00:00:00,16.8,59,0.0,7.9,0.0,0
2024-03-18 01:00:00,15.7,63,0.0,7.4,0.0,0
2024-03-18 02:00:00,14.4,69,0.0,7.3,0.0,20
2024-03-18 03:00:00,13.8,72,0.0,6.5,0.0,49
2024-03-18 04:00:00,13.8,73,0.0,7.6,0.0,50
2024-03-18 05:00:00,13.5,74,0.0,7.6,0.0,35
2024-03-18 06:00:00,13.0,79,0.0,5.8,0.0,0
2024-03-18 07:00:00,14.8,72,61.0,7.3,0.0,0
2024-03-18 08:00:00,18.5,58,254.0,6.3,0.0,0
2024-03-18 09:00:00,21.8,47,473.0,8.6,0.0,0
2024-03-18 10:00:00,24.5,37,664.0,9.3,0.0,0
2024-03-18 11:00:00,26.4,29,803.0,8.9,0.0,0
2024-03-18 12:00:00,27.5,26,875.0,9.5,0.0,0
2024-03-18 13:00:00,28.2,25,873.0,10.2,0.0,0
2024-03-18 14:00:00,28.5,25,797.0,11.4,0.0,0
2024-03-18 15:00:00,28.3,25,655.0,12.9,0.0,0
2024-03-18 16:00:00,27.8,27,462.0,13.0,0.0,0
2024-03-18 17:00:00,26.8,29,245.0,11.9,0.0,3
2024-03-18 18:00:00,23.0,39,57.0,7.7,0.0,0
2024-03-18 19:00:00,21.4,46,0.0,7.3,0.0,52
2024-03-18 20:00:00,20.7,48,0.0,7.9,0.0,57
2024-03-18 21:00:00,19.9,45,0.0,9.4,0.0,22
2024-03-18 22:00:00,19.1,45,0.0,8.9,0.0,0
2024-03-18 23:00:00,17.7,50,0.0,8.2,0.0,0
2024-03-19 00:00:00,16.7,56,0.0,7.3,0.0,1
2024-03-19 01:00:00,15.3,63,0.0,10.5,0.0,13
2024-03-19 02:00:00,15.2,64,0.0,8.8,0.0,9
2024-03-19 03:00:00,14.4,66,0.0,7.2,0.0,0
2024-03-19 04:00:00,14.1,67,0.0,5.2,0.0,0
2024-03-19 05:00:00,13.6,70,0.0,6.3,0.0,0
2024-03-19 06:00:00,14.3,73,0.0,6.2,0.0,0
2024-03-19 07:00:00,16.5,65,61.0,7.6,0.0,0
2024-03-19 08:00:00,19.6,56,248.0,4.3,0.0,0
2024-03-19 09:00:00,22.9,47,462.0,4.4,0.0,0
2024-03-19 10:00:00,25.8,38,651.0,4.7,0.0,0
2024-03-19 11:00:00,27.7,29,788.0,5.2,0.0,0
2024-03-19 12:00:00,28.8,24,859.0,6.9,0.0,0
2024-03-19 13:00:00,29.6,21,859.0,9.9,0.0,0
2024-03-19 14:00:00,29.8,20,803.0,16.3,0.0,32
2024-03-19 15:00:00,29.3,21,624.0,15.6,0.0,12
2024-03-19 16:00:00,28.8,22,458.0,13.4,0.0,0
2024-03-19 17:00:00,27.8,24,244.0,12.8,0.0,0
2024-03-19 18:00:00,24.6,29,57.0,7.6,0.0,0
2024-03-19 19:00:00,23.4,33,0.0,10.6,0.0,0
2024-03-19 20:00:00,22.3,39,0.0,11.6,0.0,0
2024-03-19 21:00:00,19.9,48,0.0,8.4,0.0,0
2024-03-19 22:00:00,18.3,55,0.0,10.7,0.0,0
2024-03-19 23:00:00,18.4,55,0.0,7.6,0.0,0
2024-03-20 00:00:00,20.5,47,0.0,3.5,0.0,0
2024-03-20 01:00:00,18.2,55,0.0,4.4,0.0,0
2024-03-20 02:00:00,15.4,68,0.0,7.1,0.0,0
2024-03-20 03:00:00,15.9,66,0.0,5.4,0.0,0
2024-03-20 04:00:00,14.3,74,0.0,7.4,0.0,0
2024-03-20 05:00:00,14.2,75,0.0,6.6,0.0,0
2024-03-20 06:00:00,15.0,79,0.0,6.1,0.0,0
2024-03-20 07:00:00,17.2,70,63.0,8.1,0.0,0
2024-03-20 08:00:00,21.0,58,252.0,6.0,0.0,0
2024-03-20 09:00:00,24.8,46,466.0,6.1,0.0,0
2024-03-20 10:00:00,28.0,34,658.0,8.6,0.0,0
2024-03-20 11:00:00,30.0,25,799.0,11.3,0.0,0
2024-03-20 12:00:00,31.0,22,870.0,10.7,0.0,0
2024-03-20 13:00:00,31.6,20,869.0,8.8,0.0,0
2024-03-20 14:00:00,32.0,19,794.0,7.8,0.0,0
2024-03-20 15:00:00,32.0,18,654.0,6.5,0.0,0
2024-03-20 16:00:00,31.7,17,464.0,9.0,0.0,0
2024-03-20 17:00:00,30.2,19,248.0,11.0,0.0,0
2024-03-20 18:00:00,25.9,29,60.0,8.6,0.0,0
2024-03-20 19:00:00,25.0,34,0.0,11.1,0.0,0
2024-03-20 20:00:00,23.5,36,0.0,10.1,0.0,13
2024-03-20 21:00:00,21.8,42,0.0,8.1,0.0,0
2024-03-20 22:00:00,20.4,49,0.0,7.7,0.0,1
2024-03-20 23:00:00,18.8,57,0.0,11.6,0.0,89
2024-03-21 00:00:00,18.6,57,0.0,9.4,0.0,100
2024-03-21 01:00:00,18.6,57,0.0,7.6,0.0,100
2024-03-21 02:00:00,18.7,57,0.0,12.2,0.0,100
2024-03-21 03:00:00,18.6,56,0.0,15.2,0.0,48
2024-03-21 04:00:00,18.0,55,0.0,18.7,0.0,100
2024-03-21 05:00:00,17.5,64,0.0,15.8,0.0,99
2024-03-21 06:00:00,16.9,86,0.0,15.3,0.0,100
2024-03-21 07:00:00,17.8,82,53.0,14.4,0.0,31
2024-03-21 08:00:00,19.7,71,246.0,18.4,0.0,23
2024-03-21 09:00:00,21.8,61,456.0,17.7,0.0,95
2024-03-21 10:00:00,23.8,54,627.0,16.6,0.0,12
2024-03-21 11:00:00,25.7,48,776.0,15.6,0.0,0
2024-03-21 12:00:00,27.2,43,846.0,14.4,0.0,6
2024-03-21 13:00:00,28.3,40,844.0,13.6,0.0,7
2024-03-21 14:00:00,29.0,37,771.0,10.2,0.0,0
2024-03-21 15:00:00,29.2,36,636.0,7.7,0.0,0
2024-03-21 16:00:00,29.0,35,450.0,6.7,0.0,0
2024-03-21 17:00:00,28.3,36,240.0,7.0,0.0,0
2024-03-21 18:00:00,25.5,46,58.0,11.1,0.0,3
2024-03-21 19:00:00,23.8,54,0.0,10.6,0.0,8
2024-03-21 20:00:00,22.9,59,0.0,11.5,0.0,1
2024-03-21 21:00:00,22.1,62,0.0,9.9,0.0,99
2024-03-21 22:00:00,22.4,60,0.0,12.0,0.0,100
2024-03-21 23:00:00,22.1,59,0.0,12.3,0.0,1
2024-03-22 00:00:00,20.4,66,0.0,12.4,0.0,0
2024-03-22 01:00:00,19.8,68,0.0,13.3,0.0,0
2024-03-22 02:00:00,19.3,70,0.0,11.4,0.0,0
2024-03-22 03:00:00,18.7,72,0.0,12.0,0.0,0
2024-03-22 04:00:00,18.4,74,0.0,12.6,0.0,3
2024-03-22 05:00:00,18.0,75,0.0,13.1,0.0,6
2024-03-22 06:00:00,17.8,83,0.0,8.7,0.0,9
2024-03-22 07:00:00,19.2,77,66.0,11.1,0.0,26
2024-03-22 08:00:00,21.8,66,246.0,11.3,0.0,1
2024-03-22 09:00:00,24.5,56,458.0,12.7,0.0,9
2024-03-22 10:00:00,27.1,46,644.0,12.9,0.0,0
2024-03-22 11:00:00,29.2,39,779.0,12.2,0.0,0
2024-03-22 12:00:00,30.6,33,850.0,9.7,0.0,0
2024-03-22 13:00:00,31.5,30,849.0,6.4,0.0,0
2024-03-22 14:00:00,32.2,28,778.0,5.2,0.0,0
2024-03-22 15:00:00,32.4,27,643.0,5.4,0.0,0
2024-03-22 16:00:00,32.3,26,456.0,4.8,0.0,0
2024-03-22 17:00:00,31.6,27,241.0,5.0,0.0,1
2024-03-22 18:00:00,28.9,31,61.0,10.5,0.0,4
2024-03-22 19:00:00,25.3,44,0.0,9.4,0.0,1
2024-03-22 20:00:00,23.9,47,0.0,6.5,0.0,4
2024-03-22 21:00:00,26.9,39,0.0,1.6,0.0,0
2024-03-22 22:00:00,23.2,50,0.0,7.6,0.0,0
2024-03-22 23:00:00,21.9,55,0.0,9.2,0.0,0
2024-03-23 00:00:00,21.5,57,0.0,8.0,0.0,0
2024-03-23 01:00:00,20.5,62,0.0,7.9,0.0,0
2024-03-23 02:00:00,19.7,67,0.0,7.6,0.0,0
2024-03-23 03:00:00,18.8,70,0.0,7.6,0.0,0
2024-03-23 04:00:00,18.5,71,0.0,7.6,0.0,0
2024-03-23 05:00:00,18.1,75,0.0,7.1,0.0,0
2024-03-23 06:00:00,18.4,85,0.0,6.0,0.0,0
2024-03-23 07:00:00,20.6,76,72.0,9.0,0.0,0
2024-03-23 08:00:00,23.8,63,263.0,7.4,0.0,45
2024-03-23 09:00:00,26.8,52,473.0,8.6,0.0,9
2024-03-23 10:00:00,29.6,41,664.0,11.4,0.0,0
2024-03-23 11:00:00,31.6,31,800.0,14.3,0.0,23
2024-03-23 12:00:00,32.8,25,868.0,16.1,0.0,50
2024-03-23 13:00:00,33.6,22,862.0,18.1,0.0,26
2024-03-23 14:00:00,33.8,21,792.0,18.9,0.0,12
2024-03-23 15:00:00,33.6,21,655.0,19.5,0.0,0
2024-03-23 16:00:00,33.0,22,464.0,19.6,0.0,0
2024-03-23 17:00:00,31.8,24,249.0,16.6,0.0,0
2024-03-23 18:00:00,28.6,26,63.0,7.5,0.0,0
2024-03-23 19:00:00,26.3,34,0.0,8.4,0.0,0
2024-03-23 20:00:00,25.5,34,0.0,9.3,0.0,0
2024-03-23 21:00:00,24.1,36,0.0,8.4,0.0,0
2024-03-23 22:00:00,23.4,38,0.0,9.8,0.0,0
2024-03-23 23:00:00,22.9,40,0.0,10.7,0.0,0
2024-03-24 00:00:00,23.0,41,0.0,14.4,0.0,68
2024-03-24 01:00:00,22.4,44,0.0,13.7,0.0,41
2024-03-24 02:00:00,21.6,48,0.0,11.3,0.0,30
2024-03-24 03:00:00,19.7,56,0.0,2.5,0.0,99
2024-03-24 04:00:00,18.9,57,0.0,5.4,0.0,100
2024-03-24 05:00:00,18.8,56,0.0,8.0,0.0,97
2024-03-24 06:00:00,18.6,63,0.0,6.7,0.0,97
2024-03-24 07:00:00,20.2,58,65.0,9.4,0.0,97
2024-03-24 08:00:00,23.9,48,232.0,8.8,0.0,100
2024-03-24 09:00:00,27.0,40,399.0,11.6,0.0,92
2024-03-24 10:00:00,29.7,34,565.0,14.8,0.0,94
2024-03-24 11:00:00,30.5,30,680.0,23.4,0.0,100
2024-03-24 12:00:00,29.6,33,488.0,21.7,0.0,100
2024-03-24 13:00:00,31.0,26,556.0,24.6,0.0,100
2024-03-24 14:00:00,30.6,25,562.0,30.8,0.0,97
2024-03-24 15:00:00,29.4,23,538.0,35.3,0.0,90
2024-03-24 16:00:00,27.7,31,411.0,21.4,0.0,100
2024-03-24 17:00:00,26.4,37,186.0,12.0,0.0,53
2024-03-24 18:00:00,26.2,42,50.0,12.0,0.1,91
2024-03-24 19:00:00,24.6,48,0.0,8.7,0.0,74
2024-03-24 20:00:00,22.6,56,0.0,6.7,0.0,36
2024-03-24 21:00:00,23.6,51,0.0,2.5,0.0,2
2024-03-24 22:00:00,20.4,63,0.0,5.8,0.0,0
2024-03-24 23:00:00,20.0,64,0.0,5.4,0.0,0
2024-03-25 00:00:00,19.5,67,0.0,6.2,0.0,71
2024-03-25 01:00:00,19.1,69,0.0,6.5,0.0,0
2024-03-25 02:00:00,18.5,71,0.0,6.8,0.0,0
2024-03-25 03:00:00,17.9,74,0.0,6.1,0.0,0
2024-03-25 04:00:00,17.0,78,0.0,6.4,0.0,0
2024-03-25 05:00:00,16.6,80,0.0,6.6,0.0,0
2024-03-25 06:00:00,17.3,78,1.0,7.9,0.0,0
2024-03-25 07:00:00,19.5,68,75.0,9.7,0.0,0
2024-03-25 08:00:00,23.0,56,264.0,8.0,0.0,0
2024-03-25 09:00:00,26.6,46,475.0,8.3,0.0,0
2024-03-25 10:00:00,29.2,40,660.0,12.3,0.0,0
2024-03-25 11:00:00,30.6,34,795.0,14.5,0.0,0
2024-03-25 12:00:00,31.7,31,867.0,14.8,0.0,0
2024-03-25 13:00:00,32.4,29,866.0,16.9,0.0,0
2024-03-25 14:00:00,32.8,27,791.0,19.2,0.0,0
2024-03-25 15:00:00,32.7,26,652.0,21.1,0.0,0
2024-03-25 16:00:00,32.1,27,462.0,21.2,0.0,0
2024-03-25 17:00:00,31.1,27,249.0,20.6,0.0,0
2024-03-25 18:00:00,29.1,24,64.0,12.0,0.0,0
2024-03-25 19:00:00,27.6,28,0.0,14.6,0.0,0
2024-03-25 20:00:00,26.1,31,0.0,11.6,0.0,0
2024-03-25 21:00:00,24.7,36,0.0,11.5,0.0,0
2024-03-25 22:00:00,23.5,41,0.0,11.2,0.0,0
2024-03-25 23:00:00,22.5,45,0.0,10.7,0.0,0
2024-03-26 00:00:00,21.6,48,0.0,9.5,0.0,0
2024-03-26 01:00:00,20.9,49,0.0,9.2,0.0,0
2024-03-26 02:00:00,20.3,51,0.0,8.9,0.0,0
2024-03-26 03:00:00,19.7,54,0.0,8.4,0.0,26
2024-03-26 04:00:00,19.2,57,0.0,9.7,0.0,94
2024-03-26 05:00:00,18.5,60,0.0,9.8,0.0,100
2024-03-26 06:00:00,19.2,67,1.0,10.1,0.0,100
2024-03-26 07:00:00,20.7,63,73.0,11.5,0.0,100
2024-03-26 08:00:00,23.5,55,214.0,8.0,0.0,100
2024-03-26 09:00:00,26.1,47,329.0,7.7,0.0,100
2024-03-26 10:00:00,28.4,40,427.0,8.9,0.0,100
2024-03-26 11:00:00,30.6,32,567.0,9.7,0.0,100
2024-03-26 12:00:00,32.3,25,714.0,10.7,0.0,100
2024-03-26 13:00:00,33.4,21,795.0,12.1,0.0,100
2024-03-26 14:00:00,33.6,21,695.0,13.5,0.0,100
2024-03-26 15:00:00,33.5,22,603.0,13.8,0.0,96
2024-03-26 16:00:00,32.9,24,442.0,14.2,0.0,93
2024-03-26 17:00:00,31.8,27,225.0,13.4,0.0,58
2024-03-26 18:00:00,29.8,29,58.0,7.1,0.0,99
2024-03-26 19:00:00,28.2,35,0.0,8.3,0.0,100
2024-03-26 20:00:00,27.3,37,0.0,9.0,0.0,100
2024-03-26 21:00:00,25.4,42,0.0,7.6,0.0,93
2024-03-26 22:00:00,24.4,49,0.0,8.4,0.0,5
2024-03-26 23:00:00,23.6,56,0.0,7.4,0.0,65
2024-03-27 00:00:00,23.4,52,0.0,13.7,0.0,26
2024-03-27 01:00:00,22.1,55,0.0,8.4,0.0,10
2024-03-27 02:00:00,21.6,55,0.0,8.3,0.0,3
2024-03-27 03:00:00,21.6,55,0.0,7.3,0.0,30
2024-03-27 04:00:00,21.8,56,0.0,7.2,0.0,54
2024-03-27 05:00:00,21.7,56,0.0,5.1,0.0,87
2024-03-27 06:00:00,22.4,60,0.0,13.5,0.0,100
2024-03-27 07:00:00,23.4,58,58.0,7.7,0.0,100
2024-03-27 08:00:00,24.2,56,75.0,5.4,0.0,70
2024-03-27 09:00:00,28.6,39,462.0,1.9,0.0,38
2024-03-27 10:00:00,31.6,29,605.0,2.6,0.0,61
2024-03-27 11:00:00,33.6,24,667.0,1.5,0.0,88
2024-03-27 12:00:00,35.3,22,817.0,1.8,0.0,29
2024-03-27 13:00:00,36.1,21,796.0,6.6,0.0,6
2024-03-27 14:00:00,36.4,21,741.0,9.0,0.0,1
2024-03-27 15:00:00,36.4,21,628.0,12.5,0.0,0
2024-03-27 16:00:00,35.4,23,439.0,13.7,0.0,10
2024-03-27 17:00:00,34.2,26,237.0,12.6,0.0,19
2024-03-27 18:00:00,32.5,28,54.0,6.7,0.0,17
2024-03-27 19:00:00,31.0,31,0.0,9.0,0.0,7
2024-03-27 20:00:00,30.2,38,0.0,20.4,0.0,31
2024-03-27 21:00:00,28.1,46,0.0,13.5,0.0,15
2024-03-27 22:00:00,26.7,49,0.0,9.7,0.0,9
2024-03-27 23:00:00,24.7,55,0.0,10.5,0.0,6
2024-03-28 00:00:00,27.1,44,0.0,1.3,0.0,48
2024-03-28 01:00:00,23.6,55,0.0,5.2,0.0,99
2024-03-28 02:00:00,23.2,57,0.0,6.2,0.0,100
2024-03-28 03:00:00,23.0,57,0.0,7.9,0.0,100
2024-03-28 04:00:00,22.2,60,0.0,9.0,0.0,100
2024-03-28 05:00:00,21.9,60,0.0,8.6,0.0,99
2024-03-28 06:00:00,22.4,58,1.0,9.4,0.0,85
2024-03-28 07:00:00,23.4,57,79.0,12.6,0.0,47
2024-03-28 08:00:00,25.6,52,257.0,9.2,0.0,99
2024-03-28 09:00:00,28.0,45,429.0,6.8,0.0,100
2024-03-28 10:00:00,30.6,38,605.0,5.2,0.0,97
2024-03-28 11:00:00,33.1,32,756.0,3.7,0.0,78
2024-03-28 12:00:00,35.2,28,844.0,4.2,0.0,98
2024-03-28 13:00:00,36.5,24,836.0,6.2,0.0,99
2024-03-28 14:00:00,37.0,22,765.0,8.9,0.0,99
2024-03-28 15:00:00,36.8,22,597.0,12.1,0.0,100
2024-03-28 16:00:00,35.7,25,386.0,14.3,0.0,100
2024-03-28 17:00:00,34.8,27,232.0,11.6,0.0,100
2024-03-28 18:00:00,33.3,27,55.0,10.2,0.0,100
2024-03-28 19:00:00,31.9,31,0.0,15.2,0.0,100
2024-03-28 20:00:00,30.5,32,0.0,16.3,0.0,97
2024-03-28 21:00:00,28.9,38,0.0,14.4,0.0,93
2024-03-28 22:00:00,27.2,43,0.0,8.6,0.0,100
2024-03-28 23:00:00,25.3,49,0.0,6.8,0.0,100
2024-03-29 00:00:00,24.5,53,0.0,8.3,0.0,100
2024-03-29 01:00:00,23.9,55,0.0,8.4,0.0,98
2024-03-29 02:00:00,23.4,57,0.0,7.2,0.0,100
2024-03-29 03:00:00,22.9,59,0.0,6.9,0.0,100
2024-03-29 04:00:00,23.6,56,0.0,4.9,0.0,100
2024-03-29 05:00:00,22.4,61,0.0,4.4,0.0,100
2024-03-29 06:00:00,20.9,71,1.0,6.4,0.0,98
2024-03-29 07:00:00,22.9,61,83.0,4.5,0.0,87
2024-03-29 08:00:00,25.5,52,272.0,4.7,0.0,100
2024-03-29 09:00:00,28.3,45,461.0,8.7,0.0,100
2024-03-29 10:00:00,30.8,38,581.0,8.9,0.0,95
2024-03-29 11:00:00,33.1,33,717.0,8.4,0.0,99
2024-03-29 12:00:00,34.7,30,790.0,7.3,0.0,100
2024-03-29 13:00:00,35.9,28,811.0,8.0,0.0,97
2024-03-29 14:00:00,36.5,26,746.0,8.0,0.0,95
2024-03-29 15:00:00,35.1,29,601.0,15.6,0.0,81
2024-03-29 16:00:00,34.6,29,342.0,6.3,0.0,93
2024-03-29 17:00:00,30.9,40,170.0,19.4,0.0,93
2024-03-29 18:00:00,30.3,40,38.0,4.6,0.0,99
2024-03-29 19:00:00,28.6,45,0.0,3.0,0.0,98
2024-03-29 20:00:00,27.5,47,0.0,7.3,0.0,91
2024-03-29 21:00:00,27.3,45,0.0,15.5,0.0,93
2024-03-29 22:00:00,26.8,47,0.0,14.2,0.0,77
2024-03-29 23:00:00,26.4,48,0.0,14.8,0.0,89
2024-03-30 00:00:00,26.3,48,0.0,13.4,0.0,98
2024-03-30 01:00:00,26.1,48,0.0,13.8,0.0,100
2024-03-30 02:00:00,26.1,47,0.0,13.0,0.0,5
2024-03-30 03:00:00,25.0,50,0.0,10.7,0.0,0
2024-03-30 04:00:00,24.3,53,0.0,10.8,0.0,38
2024-03-30 05:00:00,23.6,57,0.0,10.8,0.0,86
2024-03-30 06:00:00,23.6,57,2.0,19.2,0.0,64
2024-03-30 07:00:00,22.8,64,85.0,18.3,0.0,0
2024-03-30 08:00:00,25.6,55,278.0,13.4,0.0,0
2024-03-30 09:00:00,28.4,47,489.0,18.4,0.0,0
2024-03-30 10:00:00,30.5,40,672.0,16.1,0.0,0
2024-03-30 11:00:00,32.4,34,801.0,8.2,0.0,0
2024-03-30 12:00:00,33.6,30,868.0,3.8,0.0,0
2024-03-30 13:00:00,34.6,27,861.0,5.4,0.0,2
2024-03-30 14:00:00,35.2,25,788.0,10.4,0.0,94
2024-03-30 15:00:00,33.7,25,436.0,18.7,0.0,91
2024-03-30 16:00:00,33.1,25,380.0,15.0,0.0,99
2024-03-30 17:00:00,32.6,25,216.0,12.0,0.0,94
2024-03-30 18:00:00,31.9,21,60.0,14.4,0.0,4
2024-03-30 19:00:00,29.8,24,0.0,11.7,0.0,0
2024-03-30 20:00:00,28.1,29,0.0,12.4,0.0,0
2024-03-30 21:00:00,26.7,31,0.0,10.8,0.0,0
2024-03-30 22:00:00,25.4,34,0.0,8.6,0.0,0
2024-03-30 23:00:00,23.8,40,0.0,9.1,0.0,0
2024-03-31 00:00:00,23.6,41,0.0,8.6,0.0,0
2024-03-31 01:00:00,23.1,44,0.0,8.3,0.0,0
2024-03-31 02:00:00,25.0,39,0.0,6.1,0.0,0
2024-03-31 03:00:00,22.9,45,0.0,8.7,0.0,0
2024-03-31 04:00:00,24.0,42,0.0,5.8,0.0,0
2024-03-31 05:00:00,20.0,55,0.0,6.5,0.0,0
2024-03-31 06:00:00,21.9,64,2.0,10.6,0.0,6
2024-03-31 07:00:00,22.9,64,85.0,10.2,0.0,0
2024-03-31 08:00:00,25.4,56,277.0,10.2,0.0,0
2024-03-31 09:00:00,28.0,48,494.0,10.9,0.0,0
2024-03-31 10:00:00,30.2,42,677.0,8.9,0.0,0
2024-03-31 11:00:00,31.8,37,808.0,9.7,0.0,0
2024-03-31 12:00:00,33.4,28,866.0,11.8,0.0,18
2024-03-31 13:00:00,34.0,21,800.0,16.0,0.0,6
2024-03-31 14:00:00,34.4,19,770.0,17.3,0.0,5
2024-03-31 15:00:00,34.2,18,634.0,19.7,0.0,8
2024-03-31 16:00:00,33.2,19,449.0,21.4,0.0,8
2024-03-31 17:00:00,32.2,21,248.0,18.9,0.0,3
2024-03-31 18:00:00,29.7,18,72.0,10.7,0.0,0
2024-03-31 19:00:00,27.4,24,0.0,11.3,0.0,0
2024-03-31 20:00:00,26.4,26,0.0,14.1,0.0,0
2024-03-31 21:00:00,25.6,29,0.0,15.7,0.0,0
2024-03-31 22:00:00,24.9,33,0.0,16.2,0.0,0
2024-03-31 23:00:00,23.6,39,0.0,12.7,0.0,0
2024-04-01 00:00:00,22.6,43,0.0,11.2,0.0,0
2024-04-01 01:00:00,21.6,47,0.0,10.1,0.0,0
2024-04-01 02:00:00,20.8,50,0.0,9.7,0.0,11
2024-04-01 03:00:00,20.0,53,0.0,8.7,0.0,39
2024-04-01 04:00:00,19.2,56,0.0,9.5,0.0,32
2024-04-01 05:00:00,18.7,58,0.0,11.2,0.0,17
2024-04-01 06:00:00,19.2,71,3.0,10.9,0.0,88
2024-04-01 07:00:00,20.7,67,94.0,12.2,0.0,100
2024-04-01 08:00:00,22.8,59,248.0,13.8,0.0,83
2024-04-01 09:00:00,25.5,50,461.0,14.7,0.0,99
2024-04-01 10:00:00,27.5,40,558.0,15.2,0.0,100
2024-04-01 11:00:00,29.6,29,749.0,16.5,0.0,100
2024-04-01 12:00:00,30.8,23,865.0,17.7,0.0,100
2024-04-01 13:00:00,31.0,22,756.0,19.0,0.0,99
2024-04-01 14:00:00,31.2,20,645.0,20.3,0.0,48
2024-04-01 15:00:00,31.3,20,668.0,20.8,0.0,56
2024-04-01 16:00:00,30.7,20,467.0,20.3,0.0,28
2024-04-01 17:00:00,29.8,21,250.0,19.2,0.0,21
2024-04-01 18:00:00,27.6,21,67.0,12.2,0.0,96
2024-04-01 19:00:00,25.7,25,0.0,12.5,0.0,89
2024-04-01 20:00:00,24.0,29,0.0,11.5,0.0,100
2024-04-01 21:00:00,22.9,32,0.0,11.8,0.0,100
2024-04-01 22:00:00,22.3,31,0.0,11.8,0.0,100
2024-04-01 23:00:00,21.5,33,0.0,10.1,0.0,100
2024-04-02 00:00:00,20.6,37,0.0,10.7,0.0,94
2024-04-02 01:00:00,19.7,41,0.0,9.3,0.0,26
2024-04-02 02:00:00,18.5,45,0.0,7.6,0.0,8
2024-04-02 03:00:00,18.1,48,0.0,7.7,0.0,0
2024-04-02 04:00:00,17.7,51,0.0,7.2,0.0,0
2024-04-02 05:00:00,17.1,54,0.0,6.2,0.0,1
2024-04-02 06:00:00,18.5,60,3.0,9.5,0.0,7
2024-04-02 07:00:00,20.3,56,97.0,10.1,0.0,6
2024-04-02 08:00:00,23.2,48,295.0,9.1,0.0,26
2024-04-02 09:00:00,26.2,40,509.0,9.9,0.0,0
2024-04-02 10:00:00,28.8,31,695.0,12.8,0.0,0
2024-04-02 11:00:00,30.7,26,826.0,16.5,0.0,51
2024-04-02 12:00:00,31.9,22,868.0,19.5,0.0,83
2024-04-02 13:00:00,32.7,19,860.0,20.6,0.0,60
2024-04-02 14:00:00,32.9,18,796.0,21.4,0.0,42
2024-04-02 15:00:00,32.9,17,665.0,21.4,0.0,100
2024-04-02 16:00:00,32.3,17,445.0,19.8,0.0,100
2024-04-02 17:00:00,31.3,18,218.0,16.9,0.0,100
2024-04-02 18:00:00,29.3,16,69.0,12.3,0.0,100
2024-04-02 19:00:00,27.2,22,0.0,13.3,0.0,99
2024-04-02 20:00:00,26.2,23,0.0,14.0,0.0,100
2024-04-02 21:00:00,25.5,24,0.0,11.5,0.0,100
2024-04-02 22:00:00,24.3,28,0.0,7.0,0.0,100
2024-04-02 23:00:00,23.2,34,0.0,9.3,0.0,100
2024-04-03 00:00:00,23.2,32,0.0,6.8,0.0,100
2024-04-03 01:00:00,23.1,32,0.0,7.7,0.0,81
2024-04-03 02:00:00,23.5,31,0.0,3.8,0.0,98
2024-04-03 03:00:00,21.8,35,0.0,4.3,0.0,100
2024-04-03 04:00:00,23.0,32,0.0,2.6,0.0,92
2024-04-03 05:00:00,22.6,33,0.0,1.3,0.0,6
2024-04-03 06:00:00,21.9,39,3.0,1.5,0.0,18
2024-04-03 07:00:00,22.7,39,99.0,4.5,0.0,66
2024-04-03 08:00:00,25.9,34,289.0,6.0,0.0,58
2024-04-03 09:00:00,29.1,28,439.0,8.9,0.0,69
2024-04-03 10:00:00,32.3,19,666.0,7.2,0.0,99
2024-04-03 11:00:00,33.7,15,726.0,3.1,0.0,99
2024-04-03 12:00:00,34.4,14,704.0,2.7,0.0,40
2024-04-03 13:00:00,35.3,13,810.0,4.7,0.0,35
2024-04-03 14:00:00,35.9,12,797.0,6.5,0.0,30
2024-04-03 15:00:00,35.9,12,639.0,8.3,0.0,46
2024-04-03 16:00:00,35.6,13,474.0,9.7,0.0,77
2024-04-03 17:00:00,33.8,14,236.0,13.1,0.0,70
2024-04-03 18:00:00,30.6,16,69.0,18.8,0.0,100
2024-04-03 19:00:00,28.9,18,0.0,16.8,0.0,100
2024-04-03 20:00:00,28.4,20,0.0,13.3,0.0,100
2024-04-03 21:00:00,27.4,24,0.0,13.3,0.0,100
2024-04-03 22:00:00,26.8,26,0.0,11.4,0.0,99
2024-04-03 23:00:00,24.9,32,0.0,9.2,0.0,93
2024-04-04 00:00:00,23.3,37,0.0,8.8,0.0,100
2024-04-04 01:00:00,22.6,38,0.0,7.6,0.0,96
2024-04-04 02:00:00,22.7,38,0.0,8.3,0.0,48
2024-04-04 03:00:00,20.5,45,0.0,10.5,0.0,12
2024-04-04 04:00:00,20.9,43,0.0,8.4,0.0,39
2024-04-04 05:00:00,22.1,40,0.0,5.5,0.0,9
2024-04-04 06:00:00,24.0,45,3.0,9.2,0.0,93
2024-04-04 07:00:00,26.2,38,94.0,10.4,0.0,85
2024-04-04 08:00:00,29.2,32,292.0,6.9,0.0,31
2024-04-04 09:00:00,31.9,25,505.0,9.2,0.0,62
2024-04-04 10:00:00,34.1,18,682.0,12.1,0.0,91
2024-04-04 11:00:00,35.2,16,814.0,10.3,0.0,64
2024-04-04 12:00:00,36.0,14,881.0,10.6,0.0,65
2024-04-04 13:00:00,36.4,13,850.0,13.4,0.0,91
2024-04-04 14:00:00,36.4,13,792.0,14.4,0.0,84
2024-04-04 15:00:00,36.1,13,642.0,14.0,0.0,100
2024-04-04 16:00:00,35.8,14,453.0,12.9,0.0,100
2024-04-04 17:00:00,35.2,13,216.0,12.1,0.0,73
2024-04-04 18:00:00,32.5,14,68.0,15.9,0.0,32
2024-04-04 19:00:00,30.5,16,1.0,18.0,0.0,62
2024-04-04 20:00:00,28.8,19,0.0,12.3,0.0,97
2024-04-04 21:00:00,27.3,23,0.0,10.1,0.0,100
2024-04-04 22:00:00,27.0,24,0.0,12.3,0.0,32
2024-04-04 23:00:00,25.7,27,0.0,9.0,0.0,100
2024-04-05 00:00:00,24.1,29,0.0,9.2,0.0,100
2024-04-05 01:00:00,23.0,32,0.0,11.3,0.0,100
2024-04-05 02:00:00,24.3,29,0.0,8.6,0.0,100
2024-04-05 03:00:00,22.4,33,0.0,9.4,0.0,100
2024-04-05 04:00:00,21.8,35,0.0,6.9,0.0,99
2024-04-05 05:00:00,21.2,37,0.0,5.8,0.0,99
2024-04-05 06:00:00,23.7,34,3.0,13.0,0.0,99
2024-04-05 07:00:00,25.1,32,77.0,13.2,0.0,100
2024-04-05 08:00:00,27.0,30,287.0,11.5,0.0,100
2024-04-05 09:00:00,30.3,26,492.0,10.0,0.0,100
2024-04-05 10:00:00,33.6,17,640.0,19.7,0.0,99
2024-04-05 11:00:00,34.5,15,708.0,20.1,0.0,99
2024-04-05 12:00:00,35.5,14,816.0,19.9,0.0,97
2024-04-05 13:00:00,35.6,14,842.0,27.9,0.0,94
2024-04-05 14:00:00,34.4,15,368.0,24.0,0.0,100
2024-04-05 15:00:00,34.4,15,425.0,26.4,0.0,93
2024-04-05 16:00:00,32.3,18,243.0,28.2,0.0,66
2024-04-05 17:00:00,31.6,19,189.0,23.1,0.0,79
2024-04-05 18:00:00,30.5,21,62.0,16.9,0.0,7
2024-04-05 19:00:00,29.0,22,1.0,13.9,0.0,17
2024-04-05 20:00:00,27.2,26,0.0,13.5,0.0,47
2024-04-05 21:00:00,27.0,23,0.0,10.8,0.0,85
2024-04-05 22:00:00,25.6,24,0.0,8.0,0.0,41
2024-04-05 23:00:00,24.4,25,0.0,8.6,0.0,4
2024-04-06 00:00:00,23.5,25,0.0,8.4,0.0,3
2024-04-06 01:00:00,22.6,26,0.0,8.8,0.0,1
2024-04-06 02:00:00,21.9,28,0.0,8.7,0.0,5
2024-04-06 03:00:00,21.3,29,0.0,9.0,0.0,0
2024-04-06 04:00:00,20.7,31,0.0,8.4,0.0,0
2024-04-06 05:00:00,19.6,33,0.0,7.7,0.0,0
2024-04-06 06:00:00,19.9,36,5.0,7.8,0.0,0
2024-04-06 07:00:00,22.3,32,111.0,10.0,0.0,0
2024-04-06 08:00:00,25.8,26,313.0,10.1,0.0,0
2024-04-06 09:00:00,28.7,21,527.0,10.5,0.0,0
2024-04-06 10:00:00,31.1,18,710.0,12.0,0.0,0
2024-04-06 11:00:00,33.2,13,840.0,14.1,0.0,0
2024-04-06 12:00:00,34.4,11,906.0,17.1,0.0,0
2024-04-06 13:00:00,34.7,12,898.0,19.1,0.0,0
2024-04-06 14:00:00,35.0,12,819.0,19.1,0.0,0
2024-04-06 15:00:00,34.6,12,677.0,20.9,0.0,0
2024-04-06 16:00:00,33.9,11,487.0,21.3,0.0,0
2024-04-06 17:00:00,32.8,12,271.0,18.5,0.0,0
2024-04-06 18:00:00,30.8,16,77.0,12.5,0.0,0
2024-04-06 19:00:00,27.9,21,1.0,8.5,0.0,0
2024-04-06 20:00:00,26.8,21,0.0,10.5,0.0,0
2024-04-06 21:00:00,25.4,21,0.0,8.4,0.0,0
2024-04-06 22:00:00,24.5,21,0.0,9.0,0.0,0
2024-04-06 23:00:00,24.0,21,0.0,8.9,0.0,0
2024-04-07 00:00:00,22.3,24,0.0,10.3,0.0,0
2024-04-07 01:00:00,21.2,26,0.0,11.4,0.0,0
2024-04-07 02:00:00,20.4,27,0.0,7.0,0.0,0
2024-04-07 03:00:00,19.8,30,0.0,6.6,0.0,0
2024-04-07 04:00:00,18.5,34,0.0,6.9,0.0,0
2024-04-07 05:00:00,17.5,39,0.0,6.6,0.0,0
2024-04-07 06:00:00,19.6,35,6.0,6.5,0.0,0
2024-04-07 07:00:00,22.4,31,118.0,10.8,0.0,0
2024-04-07 08:00:00,26.0,25,326.0,7.9,0.0,0
2024-04-07 09:00:00,29.4,20,543.0,8.7,0.0,0
2024-04-07 10:00:00,32.0,15,728.0,11.8,0.0,0
2024-04-07 11:00:00,33.8,11,860.0,18.6,0.0,0
2024-04-07 12:00:00,34.5,11,925.0,19.1,0.0,0
2024-04-07 13:00:00,35.3,9,915.0,17.3,0.0,0
2024-04-07 14:00:00,35.4,9,834.0,18.3,0.0,0
2024-04-07 15:00:00,35.2,9,689.0,19.3,0.0,0
2024-04-07 16:00:00,34.4,9,495.0,20.3,0.0,0
2024-04-07 17:00:00,33.4,10,275.0,21.1,0.0,0
2024-04-07 18:00:00,29.5,14,80.0,9.1,0.0,0
2024-04-07 19:00:00,26.8,18,1.0,8.8,0.0,0
2024-04-07 20:00:00,25.4,23,0.0,8.2,0.0,0
2024-04-07 21:00:00,25.6,21,0.0,9.4,0.0,0
2024-04-07 22:00:00,24.4,20,0.0,9.1,0.0,0
2024-04-07 23:00:00,22.7,24,0.0,8.6,0.0,0
2024-04-08 00:00:00,21.4,27,0.0,9.7,0.0,0
2024-04-08 01:00:00,20.7,29,0.0,9.4,0.0,0
2024-04-08 02:00:00,20.4,29,0.0,6.8,0.0,0
2024-04-08 03:00:00,20.2,30,0.0,6.7,0.0,0
2024-04-08 04:00:00,19.7,31,0.0,7.2,0.0,0
2024-04-08 05:00:00,19.0,33,0.0,7.2,0.0,0
2024-04-08 06:00:00,19.9,36,6.0,6.1,0.0,0
2024-04-08 07:00:00,22.8,31,117.0,7.4,0.0,0
2024-04-08 08:00:00,27.1,25,323.0,3.4,0.0,0
2024-04-08 09:00:00,31.0,19,539.0,2.9,0.0,0
2024-04-08 10:00:00,33.7,14,723.0,4.2,0.0,0
2024-04-08 11:00:00,35.2,12,851.0,7.4,0.0,0
2024-04-08 12:00:00,36.1,10,913.0,11.8,0.0,0
2024-04-08 13:00:00,36.6,10,904.0,14.3,0.0,2
2024-04-08 14:00:00,36.8,10,809.0,16.4,0.0,3
2024-04-08 15:00:00,36.2,10,657.0,20.0,0.0,11
2024-04-08 16:00:00,35.7,10,480.0,19.2,0.0,29
2024-04-08 17:00:00,34.9,11,263.0,15.5,0.0,16
2024-04-08 18:00:00,31.7,10,81.0,9.2,0.0,1
2024-04-08 19:00:00,30.0,12,1.0,13.6,0.0,0
2024-04-08 20:00:00,28.4,13,0.0,12.4,0.0,0
2024-04-08 21:00:00,26.5,16,0.0,9.4,0.0,0
2024-04-08 22:00:00,24.7,21,0.0,8.3,0.0,0
2024-04-08 23:00:00,23.4,25,0.0,11.8,0.0,0
2024-04-09 00:00:00,25.1,21,0.0,5.4,0.0,0
2024-04-09 01:00:00,22.0,26,0.0,5.2,0.0,0
2024-04-09 02:00:00,21.6,25,0.0,5.9,0.0,0
2024-04-09 03:00:00,20.2,28,0.0,8.7,0.0,0
2024-04-09 04:00:00,21.4,26,0.0,4.6,0.0,0
2024-04-09 05:00:00,19.9,29,0.0,5.1,0.0,0
2024-04-09 06:00:00,20.2,39,7.0,7.1,0.0,100
2024-04-09 07:00:00,23.7,30,108.0,2.6,0.0,99
2024-04-09 08:00:00,27.6,24,279.0,1.9,0.0,100
2024-04-09 09:00:00,30.9,19,469.0,2.1,0.0,100
2024-04-09 10:00:00,33.2,15,621.0,2.5,0.0,100
2024-04-09 11:00:00,35.2,13,787.0,1.1,0.0,100
2024-04-09 12:00:00,36.6,11,865.0,4.6,0.0,100
2024-04-09 13:00:00,37.5,9,866.0,10.4,0.0,38
2024-04-09 14:00:00,37.8,8,827.0,16.4,0.0,10
2024-04-09 15:00:00,37.3,8,671.0,16.6,0.0,3
2024-04-09 16:00:00,37.1,7,479.0,13.9,0.0,4
2024-04-09 17:00:00,36.1,7,277.0,14.3,0.0,9
2024-04-09 18:00:00,33.4,8,78.0,15.1,0.0,98
2024-04-09 19:00:00,30.9,12,1.0,14.8,0.0,69
2024-04-09 20:00:00,28.9,13,0.0,8.3,0.0,87
2024-04-09 21:00:00,27.5,16,0.0,9.2,0.0,100
2024-04-09 22:00:00,26.3,19,0.0,10.0,0.0,49
2024-04-09 23:00:00,25.1,20,0.0,10.8,0.0,43
2024-04-10 00:00:00,24.1,20,0.0,10.3,0.0,0
2024-04-10 01:00:00,22.2,23,0.0,8.2,0.0,0
2024-04-10 02:00:00,21.3,25,0.0,9.4,0.0,0
2024-04-10 03:00:00,21.6,24,0.0,3.8,0.0,0
2024-04-10 04:00:00,19.9,28,0.0,6.5,0.0,0
2024-04-10 05:00:00,19.8,28,0.0,5.4,0.0,0
2024-04-10 06:00:00,21.4,45,8.0,7.6,0.0,0
2024-04-10 07:00:00,24.6,36,118.0,5.4,0.0,0
2024-04-10 08:00:00,28.3,31,317.0,7.0,0.0,1
2024-04-10 09:00:00,31.9,26,526.0,9.2,0.0,0
2024-04-10 10:00:00,34.5,22,708.0,7.9,0.0,0
2024-04-10 11:00:00,36.1,18,836.0,3.3,0.0,3
2024-04-10 12:00:00,37.4,13,893.0,5.1,0.0,14
2024-04-10 13:00:00,38.6,11,890.0,12.0,0.0,34
2024-04-10 14:00:00,37.4,11,675.0,13.4,0.0,80
2024-04-10 15:00:00,37.2,10,576.0,7.4,0.0,58
2024-04-10 16:00:00,37.2,10,462.0,4.8,0.0,35
2024-04-10 17:00:00,36.3,11,265.0,10.7,0.0,12
2024-04-10 18:00:00,32.1,12,73.0,9.4,0.0,74
2024-04-10 19:00:00,29.1,14,1.0,9.4,0.0,18
2024-04-10 20:00:00,29.2,15,0.0,8.2,0.0,2
2024-04-10 21:00:00,25.8,22,0.0,8.5,0.0,0
2024-04-10 22:00:00,24.3,24,0.0,10.8,0.0,0
2024-04-10 23:00:00,24.0,25,0.0,8.4,0.0,0
2024-04-11 00:00:00,23.3,27,0.0,7.6,0.0,0
2024-04-11 01:00:00,24.2,25,0.0,7.2,0.0,0
2024-04-11 02:00:00,24.5,25,0.0,8.1,0.0,0
2024-04-11 03:00:00,23.5,28,0.0,7.6,0.0,0
2024-04-11 04:00:00,22.7,30,0.0,8.0,0.0,0
2024-04-11 05:00:00,22.2,31,0.0,9.1,0.0,0
2024-04-11 06:00:00,22.6,36,8.0,6.1,0.0,40
2024-04-11 07:00:00,24.9,33,109.0,12.0,0.0,27
2024-04-11 08:00:00,28.6,26,309.0,10.6,0.0,59
2024-04-11 09:00:00,31.8,21,459.0,10.4,0.0,3
2024-04-11 10:00:00,34.2,17,685.0,10.8,0.0,0
2024-04-11 11:00:00,35.9,12,833.0,12.7,0.0,0
2024-04-11 12:00:00,36.8,12,904.0,14.2,0.0,0
2024-04-11 13:00:00,37.7,11,897.0,7.6,0.0,0
2024-04-11 14:00:00,38.0,10,818.0,2.8,0.0,1
2024-04-11 15:00:00,38.0,10,670.0,1.5,0.0,2
2024-04-11 16:00:00,37.7,10,445.0,1.9,0.0,36
2024-04-11 17:00:00,36.9,11,250.0,8.3,0.0,28
2024-04-11 18:00:00,32.8,16,77.0,7.2,0.0,61
2024-04-11 19:00:00,31.4,20,1.0,8.0,0.0,10
2024-04-11 20:00:00,31.3,21,0.0,2.5,0.0,5
2024-04-11 21:00:00,27.5,25,0.0,7.2,0.0,42
2024-04-11 22:00:00,27.2,25,0.0,7.6,0.0,2
2024-04-11 23:00:00,25.9,28,0.0,8.0,0.0,49
2024-04-12 00:00:00,24.6,30,0.0,11.3,0.0,95
2024-04-12 01:00:00,26.2,27,0.0,8.4,0.0,72
2024-04-12 02:00:00,23.5,32,0.0,11.2,0.0,2
2024-04-12 03:00:00,22.9,33,0.0,10.0,0.0,2
2024-04-12 04:00:00,24.0,31,0.0,7.8,0.0,65
2024-04-12 05:00:00,21.8,36,0.0,9.7,0.0,96
2024-04-12 06:00:00,22.9,36,8.0,5.0,0.0,99
2024-04-12 07:00:00,25.6,31,117.0,7.6,0.0,52
2024-04-12 08:00:00,29.3,25,315.0,5.0,0.0,35
2024-04-12 09:00:00,32.7,21,520.0,3.8,0.0,96
2024-04-12 10:00:00,35.5,16,701.0,5.5,0.0,99
2024-04-12 11:00:00,37.1,12,811.0,8.6,0.0,6
2024-04-12 12:00:00,37.8,11,854.0,9.1,0.0,1
2024-04-12 13:00:00,38.5,11,868.0,8.6,0.0,31
2024-04-12 14:00:00,38.8,11,779.0,7.6,0.0,23
2024-04-12 15:00:00,38.7,11,660.0,7.2,0.0,32
2024-04-12 16:00:00,38.1,11,464.0,3.2,0.0,68
2024-04-12 17:00:00,37.0,12,259.0,10.4,0.0,25
2024-04-12 18:00:00,33.8,14,79.0,6.8,0.0,94
2024-04-12 19:00:00,30.6,16,1.0,7.3,0.0,100
2024-04-12 20:00:00,29.7,17,0.0,9.6,0.0,98
2024-04-12 21:00:00,28.6,18,0.0,10.3,0.0,100
2024-04-12 22:00:00,27.6,20,0.0,7.9,0.0,100
2024-04-12 23:00:00,27.5,20,0.0,9.2,0.0,99
2024-04-13 00:00:00,27.1,21,0.0,16.0,0.0,100
2024-04-13 01:00:00,27.3,20,0.0,15.1,0.0,100
2024-04-13 02:00:00,26.9,20,0.0,14.6,0.0,100
2024-04-13 03:00:00,26.2,25,0.0,11.7,0.0,97
2024-04-13 04:00:00,25.6,29,0.0,11.4,0.0,99
2024-04-13 05:00:00,25.3,31,0.0,9.0,0.0,21
2024-04-13 06:00:00,25.4,38,10.0,14.3,0.0,21
2024-04-13 07:00:00,27.1,37,125.0,10.5,0.0,38
2024-04-13 08:00:00,29.9,34,323.0,9.0,0.0,13
2024-04-13 09:00:00,32.9,29,533.0,7.2,0.0,28
2024-04-13 10:00:00,35.8,22,710.0,5.8,0.0,81
2024-04-13 11:00:00,38.0,13,821.0,11.2,0.0,55
2024-04-13 12:00:00,38.4,12,773.0,15.9,0.0,62
2024-04-13 13:00:00,38.4,12,757.0,15.9,0.0,100
2024-04-13 14:00:00,38.5,11,645.0,13.7,0.0,100
2024-04-13 15:00:00,38.3,11,545.0,13.0,0.0,85
2024-04-13 16:00:00,37.8,12,463.0,14.2,0.0,100
2024-04-13 17:00:00,36.9,13,225.0,14.6,0.0,100
2024-04-13 18:00:00,28.2,43,13.0,13.9,0.6,100
2024-04-13 19:00:00,26.9,50,0.0,10.3,0.6,84
2024-04-13 20:00:00,26.5,50,0.0,6.1,0.0,100
2024-04-13 21:00:00,27.5,43,0.0,12.0,0.0,100
2024-04-13 22:00:00,27.8,37,0.0,9.3,0.0,29
2024-04-13 23:00:00,28.1,34,0.0,6.4,0.0,42
2024-04-14 00:00:00,27.8,33,0.0,4.1,0.0,88
2024-04-14 01:00:00,24.8,44,0.0,15.5,0.0,95
2024-04-14 02:00:00,23.8,46,0.0,9.0,0.0,27
2024-04-14 03:00:00,22.8,53,0.0,8.7,0.0,98
2024-04-14 04:00:00,23.1,54,0.0,7.6,0.0,99
2024-04-14 05:00:00,22.8,57,0.0,9.1,0.0,100
2024-04-14 06:00:00,24.9,62,2.0,4.0,0.3,100
2024-04-14 07:00:00,24.6,59,34.0,15.1,0.1,100
2024-04-14 08:00:00,25.8,52,94.0,12.6,0.0,100
2024-04-14 09:00:00,26.5,50,142.0,13.2,0.0,100
2024-04-14 10:00:00,27.7,45,194.0,12.1,0.0,100
2024-04-14 11:00:00,29.9,37,396.0,13.8,0.0,100
2024-04-14 12:00:00,31.2,36,634.0,12.7,0.0,100
2024-04-14 13:00:00,31.2,35,465.0,9.2,0.0,1
2024-04-14 14:00:00,33.0,31,754.0,9.4,0.1,96
2024-04-14 15:00:00,33.7,28,641.0,7.6,0.0,90
2024-04-14 16:00:00,33.8,27,428.0,5.7,0.0,100
2024-04-14 17:00:00,33.2,27,151.0,5.9,0.0,96
2024-04-14 18:00:00,28.7,41,73.0,12.3,0.0,100
2024-04-14 19:00:00,27.8,47,1.0,10.4,0.0,100
2024-04-14 20:00:00,27.1,50,0.0,14.1,0.0,100
2024-04-14 21:00:00,26.2,53,0.0,13.3,0.0,100
2024-04-14 22:00:00,25.6,55,0.0,8.4,0.0,100
2024-04-14 23:00:00,25.1,56,0.0,5.0,0.0,100
2024-04-15 00:00:00,24.7,57,0.0,5.0,0.0,100
2024-04-15 01:00:00,24.2,58,0.0,5.5,0.0,84
2024-04-15 02:00:00,23.4,61,0.0,6.1,0.0,60
2024-04-15 03:00:00,22.8,63,0.0,6.0,0.0,84
2024-04-15 04:00:00,22.3,65,0.0,7.6,0.0,100
2024-04-15 05:00:00,23.0,61,0.0,6.4,0.0,100
2024-04-15 06:00:00,22.6,76,4.0,14.8,1.0,100
2024-04-15 07:00:00,24.4,75,45.0,7.8,0.3,100
2024-04-15 08:00:00,26.4,67,115.0,4.3,0.0,97
2024-04-15 09:00:00,30.1,45,466.0,5.5,0.0,100
2024-04-15 10:00:00,31.7,39,489.0,4.0,0.0,95
2024-04-15 11:00:00,34.1,32,800.0,3.3,0.0,100
2024-04-15 12:00:00,35.5,28,818.0,7.1,0.0,100
2024-04-15 13:00:00,35.6,25,622.0,12.2,0.0,88
2024-04-15 14:00:00,36.3,23,768.0,12.4,0.0,99
2024-04-15 15:00:00,36.3,23,565.0,13.1,0.0,96
2024-04-15 16:00:00,36.2,22,407.0,15.1,0.0,90
2024-04-15 17:00:00,34.6,24,195.0,20.9,0.0,100
2024-04-15 18:00:00,30.6,42,76.0,10.9,0.0,100
2024-04-15 19:00:00,29.1,46,1.0,6.6,0.0,100
2024-04-15 20:00:00,27.6,51,0.0,7.6,0.0,98
2024-04-15 21:00:00,26.4,55,0.0,8.0,0.0,100
2024-04-15 22:00:00,27.8,50,0.0,5.7,0.0,99
2024-04-15 23:00:00,25.9,56,0.0,7.1,0.0,100
2024-04-16 00:00:00,25.7,56,0.0,5.2,0.0,99
2024-04-16 01:00:00,25.2,57,0.0,10.1,0.0,100
2024-04-16 02:00:00,25.0,58,0.0,10.7,0.0,100
2024-04-16 03:00:00,24.8,60,0.0,8.8,0.0,88
2024-04-16 04:00:00,24.2,62,0.0,10.8,0.0,99
2024-04-16 05:00:00,23.5,63,0.0,11.2,0.0,100
2024-04-16 06:00:00,25.2,50,12.0,14.4,0.0,51
2024-04-16 07:00:00,26.9,44,124.0,13.2,0.0,31
2024-04-16 08:00:00,30.1,38,320.0,13.5,0.0,81
2024-04-16 09:00:00,32.1,32,529.0,20.2,0.0,100
2024-04-16 10:00:00,33.0,28,641.0,18.6,0.0,70
2024-04-16 11:00:00,34.1,26,812.0,19.4,0.0,0
2024-04-16 12:00:00,35.0,23,896.0,18.9,0.0,0
2024-04-16 13:00:00,35.6,22,888.0,19.0,0.0,7
2024-04-16 14:00:00,35.7,21,810.0,20.1,0.0,50
2024-04-16 15:00:00,35.6,20,669.0,20.9,0.0,4
2024-04-16 16:00:00,35.1,20,478.0,20.9,0.0,1
2024-04-16 17:00:00,34.2,20,271.0,21.6,0.0,3
2024-04-16 18:00:00,32.9,22,83.0,18.8,0.0,97
2024-04-16 19:00:00,30.9,25,2.0,14.4,0.0,98
2024-04-16 20:00:00,29.6,26,0.0,14.5,0.0,88
2024-04-16 21:00:00,28.8,27,0.0,14.3,0.0,90
2024-04-16 22:00:00,27.3,30,0.0,13.7,0.0,61
2024-04-16 23:00:00,26.3,32,0.0,14.8,0.0,0
2024-04-17 00:00:00,25.5,34,0.0,15.8,0.0,0
2024-04-17 01:00:00,25.0,37,0.0,17.4,0.0,16
2024-04-17 02:00:00,24.4,40,0.0,16.4,0.0,0
2024-04-17 03:00:00,23.6,44,0.0,16.4,0.0,0
2024-04-17 04:00:00,22.9,47,0.0,15.8,0.0,97
2024-04-17 05:00:00,22.2,50,0.0,14.0,0.0,84
2024-04-17 06:00:00,23.0,48,13.0,13.8,0.0,0
2024-04-17 07:00:00,24.8,44,139.0,14.3,0.0,13
2024-04-17 08:00:00,27.1,39,344.0,15.3,0.0,2
2024-04-17 09:00:00,29.7,31,555.0,17.7,0.0,25
2024-04-17 10:00:00,31.7,23,733.0,21.0,0.0,1
2024-04-17 11:00:00,33.2,19,860.0,20.8,0.0,0
2024-04-17 12:00:00,34.4,17,917.0,20.1,0.0,0
2024-04-17 13:00:00,35.1,15,903.0,22.4,0.0,17
2024-04-17 14:00:00,35.3,15,819.0,25.2,0.0,1
2024-04-17 15:00:00,35.1,15,674.0,28.3,0.0,38
2024-04-17 16:00:00,34.7,14,485.0,29.1,0.0,12
2024-04-17 17:00:00,33.8,14,279.0,29.3,0.0,98
2024-04-17 18:00:00,32.5,13,67.0,24.1,0.0,92
2024-04-17 19:00:00,31.2,14,2.0,23.2,0.0,100
2024-04-17 20:00:00,31.1,14,0.0,19.7,0.0,100
2024-04-17 21:00:00,29.9,16,0.0,14.8,0.0,100
2024-04-17 22:00:00,28.8,18,0.0,14.5,0.0,96
2024-04-17 23:00:00,28.0,20,0.0,16.1,0.0,100
2024-04-18 00:00:00,27.0,23,0.0,14.8,0.0,3
2024-04-18 01:00:00,25.8,25,0.0,13.1,0.0,48
2024-04-18 02:00:00,25.3,27,0.0,11.5,0.0,0
2024-04-18 03:00:00,24.8,29,0.0,11.5,0.0,4
2024-04-18 04:00:00,24.3,30,0.0,10.1,0.0,2
2024-04-18 05:00:00,23.7,32,0.0,9.4,0.0,55
2024-04-18 06:00:00,24.4,34,14.0,9.2,0.0,26
2024-04-18 07:00:00,26.6,30,133.0,9.8,0.0,42
2024-04-18 08:00:00,29.5,26,326.0,11.0,0.0,79
2024-04-18 09:00:00,31.9,22,491.0,13.0,0.0,85
2024-04-18 10:00:00,34.1,19,706.0,13.6,0.0,44
2024-04-18 11:00:00,35.7,18,829.0,13.2,0.0,89
2024-04-18 12:00:00,36.8,18,874.0,12.4,0.0,71
2024-04-18 13:00:00,37.5,17,878.0,13.8,0.0,43
2024-04-18 14:00:00,37.8,17,801.0,16.0,0.0,24
2024-04-18 15:00:00,37.6,17,660.0,17.3,0.0,69
2024-04-18 16:00:00,36.9,18,454.0,15.6,0.0,100
2024-04-18 17:00:00,36.2,18,207.0,10.0,0.0,100
2024-04-18 18:00:00,35.0,19,51.0,7.6,0.0,100
2024-04-18 19:00:00,33.1,22,2.0,11.3,0.0,97
2024-04-18 20:00:00,31.1,25,0.0,6.2,0.0,95
2024-04-18 21:00:00,29.8,29,0.0,5.3,0.0,95
2024-04-18 22:00:00,29.0,30,0.0,6.3,0.0,98
2024-04-18 23:00:00,28.6,31,0.0,5.8,0.0,99
2024-04-19 00:00:00,29.4,33,0.0,16.7,0.0,96
2024-04-19 01:00:00,27.9,38,0.0,11.6,0.0,35
2024-04-19 02:00:00,26.7,42,0.0,11.5,0.0,15
2024-04-19 03:00:00,25.9,44,0.0,10.2,0.0,4
2024-04-19 04:00:00,25.5,45,0.0,10.3,0.0,0
2024-04-19 05:00:00,24.6,47,0.0,9.5,0.0,0
2024-04-19 06:00:00,26.7,40,14.0,9.5,0.0,4
2024-04-19 07:00:00,28.6,36,126.0,8.9,0.0,48
2024-04-19 08:00:00,31.1,31,302.0,11.5,0.0,15
2024-04-19 09:00:00,33.4,29,496.0,13.8,0.0,5
2024-04-19 10:00:00,35.1,26,706.0,13.9,0.0,3
2024-04-19 11:00:00,36.2,24,824.0,15.2,0.0,17
2024-04-19 12:00:00,36.8,22,826.0,14.6,0.0,10
2024-04-19 13:00:00,37.2,20,788.0,13.6,0.0,27
2024-04-19 14:00:00,37.7,21,749.0,13.2,0.0,24
2024-04-19 15:00:00,38.3,18,576.0,14.8,0.0,37
2024-04-19 16:00:00,38.0,17,432.0,18.9,0.0,26
2024-04-19 17:00:00,37.8,15,241.0,15.5,0.0,37
2024-04-19 18:00:00,33.9,20,79.0,7.5,0.0,18
2024-04-19 19:00:00,32.6,22,2.0,11.2,0.0,0
2024-04-19 20:00:00,29.8,27,0.0,8.0,0.0,1
2024-04-19 21:00:00,31.3,25,0.0,4.1,0.0,1
2024-04-19 22:00:00,28.2,30,0.0,5.5,0.0,0
2024-04-19 23:00:00,27.5,34,0.0,13.0,0.0,0
2024-04-20 00:00:00,27.3,33,0.0,13.8,0.0,1
2024-04-20 01:00:00,25.9,32,0.0,9.9,0.0,0
2024-04-20 02:00:00,25.0,32,0.0,9.0,0.0,0
2024-04-20 03:00:00,23.7,33,0.0,7.5,0.0,0
2024-04-20 04:00:00,23.0,34,0.0,10.1,0.0,0
2024-04-20 05:00:00,22.3,34,0.0,10.8,0.0,0
2024-04-20 06:00:00,24.0,50,16.0,11.9,0.0,0
2024-04-20 07:00:00,25.8,47,143.0,13.1,0.0,0
2024-04-20 08:00:00,28.0,41,344.0,17.7,0.0,0
2024-04-20 09:00:00,30.5,34,547.0,16.3,0.0,0
2024-04-20 10:00:00,32.8,25,720.0,17.2,0.0,0
2024-04-20 11:00:00,35.0,21,846.0,15.0,0.0,4
2024-04-20 12:00:00,36.0,19,875.0,13.2,0.0,39
2024-04-20 13:00:00,36.7,19,826.0,19.3,0.0,47
2024-04-20 14:00:00,36.1,19,639.0,20.1,0.0,72
2024-04-20 15:00:00,35.9,19,513.0,21.1,0.0,73
2024-04-20 16:00:00,35.2,19,383.0,18.7,0.0,97
2024-04-20 17:00:00,34.5,19,237.0,19.4,0.0,97
2024-04-20 18:00:00,34.0,20,63.0,13.0,0.0,97
2024-04-20 19:00:00,31.9,23,3.0,15.5,0.0,2
2024-04-20 20:00:00,31.0,24,0.0,20.2,0.0,5
2024-04-20 21:00:00,30.3,23,0.0,16.5,0.0,32
2024-04-20 22:00:00,28.8,25,0.0,13.2,0.0,68
2024-04-20 23:00:00,27.7,27,0.0,11.5,0.0,3
2024-04-21 00:00:00,26.9,29,0.0,10.7,0.0,84
2024-04-21 01:00:00,26.3,31,0.0,11.3,0.0,100
2024-04-21 02:00:00,25.7,33,0.0,10.8,0.0,63
2024-04-21 03:00:00,24.8,35,0.0,10.0,0.0,83
2024-04-21 04:00:00,24.1,37,0.0,9.5,0.0,86
2024-04-21 05:00:00,23.6,38,0.0,8.9,0.0,95
2024-04-21 06:00:00,24.8,42,16.0,11.5,0.0,31
2024-04-21 07:00:00,26.7,39,141.0,11.7,0.0,86
2024-04-21 08:00:00,29.0,35,334.0,12.8,0.0,38
2024-04-21 09:00:00,31.5,31,531.0,12.5,0.0,99
2024-04-21 10:00:00,33.7,23,695.0,14.5,0.0,100
2024-04-21 11:00:00,35.0,18,746.0,15.9,0.0,100
2024-04-21 12:00:00,36.0,17,805.0,14.8,0.0,79
2024-04-21 13:00:00,36.6,16,823.0,15.1,0.0,100
2024-04-21 14:00:00,35.7,17,400.0,14.6,0.0,100
2024-04-21 15:00:00,35.7,17,378.0,16.9,0.0,100
2024-04-21 16:00:00,35.4,17,308.0,17.6,0.0,46
2024-04-21 17:00:00,34.8,18,226.0,17.3,0.0,63
2024-04-21 18:00:00,33.4,20,86.0,9.4,0.0,14
2024-04-21 19:00:00,31.4,22,3.0,12.0,0.0,10
2024-04-21 20:00:00,30.3,24,0.0,8.5,0.0,3
2024-04-21 21:00:00,28.1,28,0.0,7.9,0.0,2
2024-04-21 22:00:00,26.9,31,0.0,9.0,0.0,14
2024-04-21 23:00:00,27.7,29,0.0,6.9,0.0,43
2024-04-22 00:00:00,27.2,28,0.0,10.5,0.0,21
2024-04-22 01:00:00,27.0,30,0.0,17.7,0.0,11
2024-04-22 02:00:00,26.4,34,0.0,14.9,0.0,9
2024-04-22 03:00:00,26.7,33,0.0,13.0,0.0,4
2024-04-22 04:00:00,26.2,34,0.0,11.5,0.0,10
2024-04-22 05:00:00,24.5,37,0.0,6.9,0.0,17
2024-04-22 06:00:00,24.8,46,15.0,25.5,0.0,43
2024-04-22 07:00:00,26.6,42,108.0,18.9,0.0,49
2024-04-22 08:00:00,30.7,31,286.0,12.5,0.0,31
2024-04-22 09:00:00,33.6,23,457.0,8.9,0.0,43
2024-04-22 10:00:00,35.1,19,616.0,11.0,0.0,19
2024-04-22 11:00:00,36.0,17,745.0,13.7,0.0,20
2024-04-22 12:00:00,36.7,17,813.0,16.9,0.0,16
2024-04-22 13:00:00,37.0,17,853.0,17.6,0.0,10
2024-04-22 14:00:00,36.9,15,788.0,18.4,0.0,14
2024-04-22 15:00:00,36.9,15,649.0,17.7,0.0,22
2024-04-22 16:00:00,36.3,15,436.0,17.3,0.0,67
2024-04-22 17:00:00,35.3,16,217.0,15.2,0.0,43
2024-04-22 18:00:00,34.0,14,85.0,8.5,0.0,36
2024-04-22 19:00:00,31.9,16,3.0,9.2,0.0,50
2024-04-22 20:00:00,30.9,19,0.0,12.0,0.0,91
2024-04-22 21:00:00,30.5,20,0.0,9.0,0.0,57
2024-04-22 22:00:00,28.5,24,0.0,6.2,0.0,29
2024-04-22 23:00:00,27.2,27,0.0,6.5,0.0,18
2024-04-23 00:00:00,25.2,32,0.0,7.6,0.0,3
2024-04-23 01:00:00,25.3,32,0.0,1.8,0.0,0
2024-04-23 02:00:00,26.3,29,0.0,1.3,0.0,0
2024-04-23 03:00:00,23.4,36,0.0,6.6,0.0,2
2024-04-23 04:00:00,23.1,39,0.0,8.0,0.0,15
2024-04-23 05:00:00,22.6,40,0.0,3.0,0.0,16
2024-04-23 06:00:00,24.2,36,16.0,11.2,0.0,27
2024-04-23 07:00:00,26.4,32,131.0,6.6,0.0,13
2024-04-23 08:00:00,30.0,26,339.0,7.2,0.0,1
2024-04-23 09:00:00,33.0,22,542.0,9.2,0.0,2
2024-04-23 10:00:00,35.4,17,701.0,9.0,0.0,8
2024-04-23 11:00:00,36.6,14,819.0,7.9,0.0,8
2024-04-23 12:00:00,37.6,13,894.0,9.9,0.0,6
2024-04-23 13:00:00,38.0,11,878.0,14.0,0.0,12
2024-04-23 14:00:00,37.9,11,782.0,17.3,0.0,27
2024-04-23 15:00:00,37.1,12,631.0,22.2,0.0,7
2024-04-23 16:00:00,36.1,13,465.0,23.2,0.0,9
2024-04-23 17:00:00,35.4,14,262.0,16.5,0.0,24
2024-04-23 18:00:00,31.6,24,73.0,16.0,0.0,10
2024-04-23 19:00:00,29.7,27,3.0,8.9,0.0,1
2024-04-23 20:00:00,27.7,32,0.0,7.2,0.0,1
2024-04-23 21:00:00,27.0,34,0.0,7.1,0.0,2
2024-04-23 22:00:00,26.0,35,0.0,6.7,0.0,0
2024-04-23 23:00:00,24.8,38,0.0,7.1,0.0,0
2024-04-24 00:00:00,23.5,43,0.0,9.6,0.0,0
2024-04-24 01:00:00,25.3,37,0.0,6.6,0.0,0
2024-04-24 02:00:00,25.2,37,0.0,3.7,0.0,0
2024-04-24 03:00:00,22.7,45,0.0,7.3,0.0,0
2024-04-24 04:00:00,21.2,50,0.0,5.2,0.0,0
2024-04-24 05:00:00,21.0,49,0.0,6.2,0.0,0
2024-04-24 06:00:00,21.8,53,19.0,8.4,0.0,0
2024-04-24 07:00:00,24.5,45,149.0,6.5,0.0,0
2024-04-24 08:00:00,28.5,36,346.0,3.9,0.0,0
2024-04-24 09:00:00,31.7,28,550.0,3.3,0.0,0
2024-04-24 10:00:00,33.8,23,724.0,4.8,0.0,0
2024-04-24 11:00:00,35.5,18,842.0,11.3,0.0,5
2024-04-24 12:00:00,36.1,16,879.0,15.6,0.0,1
2024-04-24 13:00:00,36.8,15,883.0,17.1,0.0,1
2024-04-24 14:00:00,36.9,15,811.0,20.9,0.0,2
2024-04-24 15:00:00,36.8,15,668.0,20.3,0.0,2
2024-04-24 16:00:00,36.1,15,482.0,21.7,0.0,2
2024-04-24 17:00:00,35.2,16,275.0,21.9,0.0,0
2024-04-24 18:00:00,34.0,16,89.0,14.3,0.0,0
2024-04-24 19:00:00,31.6,19,4.0,11.8,0.0,0
2024-04-24 20:00:00,30.5,18,0.0,13.3,0.0,0
2024-04-24 21:00:00,29.8,18,0.0,13.3,0.0,0
2024-04-24 22:00:00,29.6,18,0.0,18.1,0.0,0
2024-04-24 23:00:00,28.2,21,0.0,17.0,0.0,0
2024-04-25 00:00:00,26.4,24,0.0,10.0,0.0,0
2024-04-25 01:00:00,24.8,27,0.0,7.6,0.0,0
2024-04-25 02:00:00,22.9,33,0.0,9.7,0.0,0
2024-04-25 03:00:00,22.1,36,0.0,10.2,0.0,0
2024-04-25 04:00:00,21.5,38,0.0,9.3,0.0,0
2024-04-25 05:00:00,21.5,38,0.0,5.2,0.0,0
2024-04-25 06:00:00,22.2,39,20.0,7.8,0.0,0
2024-04-25 07:00:00,25.2,34,153.0,6.6,0.0,0
2024-04-25 08:00:00,28.5,28,352.0,5.0,0.0,12
2024-04-25 09:00:00,31.7,24,555.0,7.0,0.0,14
2024-04-25 10:00:00,34.0,20,728.0,9.7,0.0,13
2024-04-25 11:00:00,35.9,17,852.0,13.5,0.0,0
2024-04-25 12:00:00,37.1,14,911.0,17.8,0.0,0
2024-04-25 13:00:00,37.8,13,902.0,20.4,0.0,3
2024-04-25 14:00:00,38.3,11,821.0,22.1,0.0,1
2024-04-25 15:00:00,37.9,12,678.0,23.7,0.0,1
2024-04-25 16:00:00,37.4,12,488.0,21.2,0.0,7
2024-04-25 17:00:00,36.6,12,278.0,17.6,0.0,53
2024-04-25 18:00:00,33.8,18,91.0,6.6,0.0,0
2024-04-25 19:00:00,32.3,21,4.0,8.8,0.0,0
2024-04-25 20:00:00,29.3,26,0.0,8.7,0.0,0
2024-04-25 21:00:00,27.8,31,0.0,11.2,0.0,0
2024-04-25 22:00:00,28.1,29,0.0,9.8,0.0,0
2024-04-25 23:00:00,26.9,29,0.0,8.4,0.0,0
2024-04-26 00:00:00,25.7,32,0.0,10.3,0.0,0
2024-04-26 01:00:00,28.5,25,0.0,7.2,0.0,0
2024-04-26 02:00:00,28.4,25,0.0,7.3,0.0,0
2024-04-26 03:00:00,26.9,28,0.0,7.7,0.0,0
2024-04-26 04:00:00,27.2,27,0.0,2.3,0.0,0
2024-04-26 05:00:00,23.4,35,0.0,5.9,0.0,0
2024-04-26 06:00:00,26.4,28,21.0,2.5,0.0,0
2024-04-26 07:00:00,27.7,29,152.0,10.4,0.0,4
2024-04-26 08:00:00,31.2,23,344.0,10.3,0.0,2
2024-04-26 09:00:00,34.6,18,541.0,7.6,0.0,3
2024-04-26 10:00:00,36.9,16,719.0,8.7,0.0,8
2024-04-26 11:00:00,38.1,15,832.0,9.0,0.0,5
2024-04-26 12:00:00,38.9,13,861.0,9.2,0.0,2
2024-04-26 13:00:00,39.2,13,789.0,12.8,0.0,25
2024-04-26 14:00:00,39.2,13,728.0,14.1,0.0,26
2024-04-26 15:00:00,39.1,13,643.0,14.3,0.0,71
2024-04-26 16:00:00,38.2,14,391.0,14.4,0.0,38
2024-04-26 17:00:00,37.3,15,241.0,13.6,0.0,13
2024-04-26 18:00:00,32.5,27,63.0,32.9,0.0,36
2024-04-26 19:00:00,31.6,26,3.0,8.8,0.0,56
2024-04-26 20:00:00,31.9,24,0.0,4.7,0.0,14
2024-04-26 21:00:00,30.2,27,0.0,8.8,0.0,17
2024-04-26 22:00:00,30.1,28,0.0,15.3,0.0,100
2024-04-26 23:00:00,30.4,29,0.0,16.1,0.0,95
2024-04-27 00:00:00,29.6,31,0.0,16.4,0.0,100
2024-04-27 01:00:00,29.6,32,0.0,18.1,0.0,99
2024-04-27 02:00:00,28.7,36,0.0,15.5,0.0,100
2024-04-27 03:00:00,28.0,39,0.0,14.2,0.0,100
2024-04-27 04:00:00,27.8,40,0.0,15.9,0.0,100
2024-04-27 05:00:00,27.6,40,0.0,15.7,0.0,86
2024-04-27 06:00:00,26.0,47,19.0,2.7,0.0,100
2024-04-27 07:00:00,28.5,42,121.0,6.8,0.0,99
2024-04-27 08:00:00,30.7,35,301.0,12.7,0.0,93
2024-04-27 09:00:00,32.9,28,493.0,14.9,0.0,21
2024-04-27 10:00:00,34.5,24,668.0,14.0,0.0,10
2024-04-27 11:00:00,36.7,19,818.0,15.7,0.0,3
2024-04-27 12:00:00,37.5,16,852.0,21.3,0.0,5
2024-04-27 13:00:00,37.7,15,861.0,20.0,0.0,1
2024-04-27 14:00:00,37.9,15,802.0,17.7,0.0,2
2024-04-27 15:00:00,37.8,14,650.0,17.1,0.0,2
2024-04-27 16:00:00,37.2,14,469.0,18.4,0.0,21
2024-04-27 17:00:00,36.2,15,247.0,16.0,0.0,42
2024-04-27 18:00:00,34.6,15,94.0,16.3,0.0,0
2024-04-27 19:00:00,32.5,18,4.0,14.0,0.0,0
2024-04-27 20:00:00,31.0,21,0.0,21.3,0.0,0
2024-04-27 21:00:00,29.8,28,0.0,19.8,0.0,0
2024-04-27 22:00:00,28.6,31,0.0,13.4,0.0,0
2024-04-27 23:00:00,27.5,34,0.0,14.4,0.0,0
2024-04-28 00:00:00,26.7,36,0.0,11.6,0.0,0
2024-04-28 01:00:00,25.8,39,0.0,8.2,0.0,0
2024-04-28 02:00:00,24.8,41,0.0,6.9,0.0,0
2024-04-28 03:00:00,23.7,45,0.0,8.0,0.0,0
2024-04-28 04:00:00,23.3,46,0.0,7.9,0.0,27
2024-04-28 05:00:00,22.7,49,0.0,9.0,0.0,94
2024-04-28 06:00:00,24.2,45,19.0,4.0,0.0,100
2024-04-28 07:00:00,26.0,40,137.0,9.3,0.0,100
2024-04-28 08:00:00,28.5,34,319.0,7.4,0.0,100
2024-04-28 09:00:00,31.4,27,491.0,6.2,0.0,100
2024-04-28 10:00:00,34.2,21,649.0,6.2,0.0,93
2024-04-28 11:00:00,35.9,18,801.0,8.3,0.0,75
2024-04-28 12:00:00,37.0,16,877.0,9.1,0.0,78
2024-04-28 13:00:00,37.5,16,808.0,14.7,0.0,47
2024-04-28 14:00:00,37.5,15,769.0,17.0,0.0,5
2024-04-28 15:00:00,37.4,15,654.0,14.8,0.0,52
2024-04-28 16:00:00,37.0,15,467.0,12.4,0.0,89
2024-04-28 17:00:00,35.8,16,262.0,15.4,0.0,92
2024-04-28 18:00:00,34.4,17,90.0,11.1,0.0,100
2024-04-28 19:00:00,32.7,18,4.0,12.2,0.0,100
2024-04-28 20:00:00,31.5,20,0.0,8.4,0.0,100
2024-04-28 21:00:00,30.6,23,0.0,7.6,0.0,49
2024-04-28 22:00:00,28.6,27,0.0,9.0,0.0,28
2024-04-28 23:00:00,27.0,31,0.0,11.3,0.0,93
2024-04-29 00:00:00,26.9,31,0.0,7.1,0.0,6
2024-04-29 01:00:00,25.8,31,0.0,7.0,0.0,56
2024-04-29 02:00:00,24.6,33,0.0,9.4,0.0,43
2024-04-29 03:00:00,24.3,34,0.0,8.7,0.0,14
2024-04-29 04:00:00,23.7,36,0.0,8.5,0.0,0
2024-04-29 05:00:00,23.6,37,0.0,6.3,0.0,10
2024-04-29 06:00:00,25.2,33,23.0,6.8,0.0,32
2024-04-29 07:00:00,27.8,29,152.0,3.5,0.0,15
2024-04-29 08:00:00,30.0,26,349.0,7.1,0.0,15
2024-04-29 09:00:00,32.1,23,549.0,6.5,0.0,30
2024-04-29 10:00:00,34.3,20,715.0,3.3,0.0,11
2024-04-29 11:00:00,36.0,19,835.0,5.0,0.0,3
2024-04-29 12:00:00,37.3,17,894.0,8.5,0.0,19
2024-04-29 13:00:00,37.9,15,863.0,11.4,0.0,17
2024-04-29 14:00:00,38.1,14,725.0,16.7,0.0,51
2024-04-29 15:00:00,37.6,15,543.0,17.3,0.0,21
2024-04-29 16:00:00,37.1,15,455.0,18.2,0.0,20
2024-04-29 17:00:00,35.9,18,264.0,19.8,0.0,4
2024-04-29 18:00:00,34.2,20,93.0,16.0,0.0,73
2024-04-29 19:00:00,32.5,24,5.0,18.2,0.0,76
2024-04-29 20:00:00,30.2,31,0.0,23.7,0.0,78
2024-04-29 21:00:00,29.2,33,0.0,21.8,0.0,65
2024-04-29 22:00:00,28.5,34,0.0,17.3,0.0,15
2024-04-29 23:00:00,27.5,35,0.0,13.3,0.0,0
2024-04-30 00:00:00,26.6,37,0.0,12.1,0.0,0
2024-04-30 01:00:00,25.8,38,0.0,13.7,0.0,0
2024-04-30 02:00:00,25.2,38,0.0,14.0,0.0,0
2024-04-30 03:00:00,24.9,37,0.0,13.0,0.0,0
2024-04-30 04:00:00,24.0,40,0.0,10.9,0.0,0
2024-04-30 05:00:00,23.3,42,0.0,10.1,0.0,0
2024-04-30 06:00:00,24.0,50,25.0,11.4,0.0,0
2024-04-30 07:00:00,26.0,46,160.0,10.2,0.0,0
2024-04-30 08:00:00,29.1,39,362.0,11.9,0.0,0
2024-04-30 09:00:00,31.3,31,570.0,16.3,0.0,0
2024-04-30 10:00:00,32.9,20,744.0,15.1,0.0,0
2024-04-30 11:00:00,34.2,16,865.0,13.7,0.0,0
2024-04-30 12:00:00,35.3,14,923.0,13.5,0.0,0
2024-04-30 13:00:00,36.1,12,910.0,14.7,0.0,0
2024-04-30 14:00:00,36.2,11,828.0,16.9,0.0,0
2024-04-30 15:00:00,36.0,10,684.0,17.8,0.0,0
2024-04-30 16:00:00,35.3,10,496.0,18.7,0.0,0
2024-04-30 17:00:00,34.2,11,287.0,19.0,0.0,0
2024-04-30 18:00:00,32.5,14,100.0,13.2,0.0,0
2024-04-30 19:00:00,30.2,15,5.0,9.7,0.0,0
2024-04-30 20:00:00,28.4,17,0.0,9.1,0.0,0
2024-04-30 21:00:00,26.3,20,0.0,9.2,0.0,0
2024-04-30 22:00:00,28.6,17,0.0,7.2,0.0,0
2024-04-30 23:00:00,27.8,18,0.0,6.5,0.0,0
2024-05-01 00:00:00,24.7,22,0.0,8.5,0.0,0
2024-05-01 01:00:00,23.8,23,0.0,10.6,0.0,0
2024-05-01 02:00:00,22.7,25,0.0,11.8,0.0,0
2024-05-01 03:00:00,21.9,27,0.0,14.4,0.0,0
2024-05-01 04:00:00,21.2,31,0.0,13.5,0.0,0
2024-05-01 05:00:00,20.5,34,0.0,10.7,0.0,0
2024-05-01 06:00:00,21.5,42,26.0,15.8,0.0,0
2024-05-01 07:00:00,23.3,38,162.0,14.8,0.0,0
2024-05-01 08:00:00,25.7,33,360.0,17.6,0.0,0
2024-05-01 09:00:00,28.0,25,566.0,20.4,0.0,0
2024-05-01 10:00:00,30.1,17,744.0,22.7,0.0,0
2024-05-01 11:00:00,31.5,13,869.0,23.5,0.0,0
2024-05-01 12:00:00,32.3,12,928.0,22.8,0.0,0
2024-05-01 13:00:00,32.6,12,912.0,22.7,0.0,0
2024-05-01 14:00:00,32.7,12,826.0,22.6,0.0,0
2024-05-01 15:00:00,32.5,12,681.0,23.1,0.0,0
2024-05-01 16:00:00,31.7,13,493.0,23.6,0.0,0
2024-05-01 17:00:00,30.7,14,284.0,22.4,0.0,0
2024-05-01 18:00:00,29.8,14,100.0,17.1,0.0,0
2024-05-01 19:00:00,28.0,17,6.0,13.3,0.0,0
2024-05-01 20:00:00,26.8,20,0.0,12.1,0.0,0
2024-05-01 21:00:00,26.1,23,0.0,15.5,0.0,0
2024-05-01 22:00:00,24.6,27,0.0,9.6,0.0,0
2024-05-01 23:00:00,23.2,30,0.0,7.2,0.0,0
2024-05-02 00:00:00,22.5,32,0.0,9.7,0.0,0
2024-05-02 01:00:00,21.5,35,0.0,8.2,0.0,0
2024-05-02 02:00:00,20.7,37,0.0,7.8,0.0,0
2024-05-02 03:00:00,20.3,37,0.0,9.5,0.0,0
2024-05-02 04:00:00,19.8,38,0.0,9.2,0.0,0
2024-05-02 05:00:00,19.3,38,0.0,10.2,0.0,0
2024-05-02 06:00:00,20.6,41,27.0,11.6,0.0,0
2024-05-02 07:00:00,22.9,37,165.0,12.3,0.0,0
2024-05-02 08:00:00,26.0,32,366.0,13.2,0.0,55
2024-05-02 09:00:00,28.9,25,572.0,18.7,0.0,78
2024-05-02 10:00:00,30.8,20,742.0,17.4,0.0,96
2024-05-02 11:00:00,32.4,18,862.0,17.9,0.0,100
2024-05-02 12:00:00,33.7,15,905.0,18.4,0.0,97
2024-05-02 13:00:00,34.6,15,888.0,18.8,0.0,53
2024-05-02 14:00:00,34.9,16,820.0,19.5,0.0,11
2024-05-02 15:00:00,35.0,15,675.0,19.1,0.0,0
2024-05-02 16:00:00,34.6,16,487.0,18.8,0.0,0
2024-05-02 17:00:00,33.8,17,282.0,17.1,0.0,0
2024-05-02 18:00:00,32.4,19,99.0,12.3,0.0,0
2024-05-02 19:00:00,30.4,21,6.0,12.6,0.0,0
2024-05-02 20:00:00,29.3,22,0.0,9.9,0.0,0
2024-05-02 21:00:00,27.7,24,0.0,8.6,0.0,0
2024-05-02 22:00:00,26.4,27,0.0,10.2,0.0,0
2024-05-02 23:00:00,25.1,30,0.0,8.7,0.0,0
2024-05-03 00:00:00,23.7,32,0.0,7.2,0.0,0
2024-05-03 01:00:00,22.9,34,0.0,7.5,0.0,0
2024-05-03 02:00:00,22.2,34,0.0,7.4,0.0,62
2024-05-03 03:00:00,21.7,34,0.0,7.9,0.0,96
2024-05-03 04:00:00,21.2,35,0.0,8.4,0.0,7
2024-05-03 05:00:00,20.7,36,0.0,8.1,0.0,13
2024-05-03 06:00:00,22.6,36,28.0,9.2,0.0,75
2024-05-03 07:00:00,25.3,32,165.0,9.2,0.0,22
2024-05-03 08:00:00,28.6,27,365.0,10.8,0.0,4
2024-05-03 09:00:00,31.8,22,568.0,13.0,0.0,97
2024-05-03 10:00:00,34.4,17,736.0,16.4,0.0,45
2024-05-03 11:00:00,36.1,14,851.0,20.4,0.0,49
2024-05-03 12:00:00,37.2,12,913.0,23.3,0.0,100
2024-05-03 13:00:00,37.9,11,880.0,23.9,0.0,99
2024-05-03 14:00:00,38.1,11,795.0,22.6,0.0,100
2024-05-03 15:00:00,37.9,11,617.0,20.6,0.0,100
2024-05-03 16:00:00,37.5,12,465.0,19.3,0.0,100
2024-05-03 17:00:00,36.6,12,242.0,18.2,0.0,100
2024-05-03 18:00:00,34.7,15,33.0,13.4,0.0,100
2024-05-03 19:00:00,33.4,16,2.0,15.7,0.0,100
2024-05-03 20:00:00,31.7,17,0.0,12.2,0.0,100
2024-05-03 21:00:00,30.1,20,0.0,11.2,0.0,100
2024-05-03 22:00:00,29.4,20,0.0,11.8,0.0,100
2024-05-03 23:00:00,28.7,22,0.0,9.3,0.0,100
2024-05-04 00:00:00,28.5,23,0.0,9.2,0.0,100
2024-05-04 01:00:00,27.8,24,0.0,8.2,0.0,100
2024-05-04 02:00:00,27.7,25,0.0,7.2,0.0,100
2024-05-04 03:00:00,27.3,26,0.0,6.0,0.0,100
2024-05-04 04:00:00,26.5,30,0.0,9.2,0.0,100
2024-05-04 05:00:00,27.0,27,0.0,10.3,0.0,100
2024-05-04 06:00:00,26.6,30,20.0,11.2,0.0,100
2024-05-04 07:00:00,28.7,27,100.0,12.8,0.0,91
2024-05-04 08:00:00,31.2,23,277.0,15.1,0.0,45
2024-05-04 09:00:00,33.5,20,443.0,13.5,0.0,36
2024-05-04 10:00:00,37.3,14,726.0,14.5,0.0,5
2024-05-04 11:00:00,39.0,11,808.0,13.0,0.0,17
2024-05-04 12:00:00,40.0,10,876.0,11.3,0.0,0
2024-05-04 13:00:00,40.5,10,890.0,15.9,0.0,0
2024-05-04 14:00:00,40.6,10,803.0,16.2,0.0,20
2024-05-04 15:00:00,40.5,9,660.0,16.4,0.0,9
2024-05-04 16:00:00,39.8,10,461.0,16.2,0.0,32
2024-05-04 17:00:00,38.6,11,241.0,14.3,0.0,38
2024-05-04 18:00:00,36.0,13,98.0,7.3,0.0,42
2024-05-04 19:00:00,33.3,16,6.0,8.7,0.0,1
2024-05-04 20:00:00,31.6,19,0.0,8.9,0.0,0
2024-05-04 21:00:00,30.9,20,0.0,8.5,0.0,0
2024-05-04 22:00:00,30.3,20,0.0,8.6,0.0,1
2024-05-04 23:00:00,28.8,23,0.0,7.9,0.0,8
2024-05-05 00:00:00,27.7,25,0.0,7.4,0.0,66
2024-05-05 01:00:00,26.9,26,0.0,9.4,0.0,27
2024-05-05 02:00:00,26.4,28,0.0,8.9,0.0,2
2024-05-05 03:00:00,25.5,29,0.0,5.2,0.0,10
2024-05-05 04:00:00,25.9,28,0.0,10.0,0.0,1
2024-05-05 05:00:00,25.0,30,0.0,9.0,0.0,0
2024-05-05 06:00:00,26.5,30,29.0,11.9,0.0,0
2024-05-05 07:00:00,28.6,29,162.0,12.2,0.0,0
2024-05-05 08:00:00,31.4,24,355.0,12.2,0.0,0
2024-05-05 09:00:00,35.1,18,553.0,12.6,0.0,0
2024-05-05 10:00:00,38.0,13,723.0,13.2,0.0,0
2024-05-05 11:00:00,39.6,12,840.0,13.7,0.0,0
2024-05-05 12:00:00,40.4,12,893.0,15.5,0.0,0
2024-05-05 13:00:00,40.8,12,878.0,15.5,0.0,0
2024-05-05 14:00:00,40.9,12,798.0,16.2,0.0,0
2024-05-05 15:00:00,40.7,12,658.0,18.6,0.0,0
2024-05-05 16:00:00,40.0,12,476.0,19.2,0.0,0
2024-05-05 17:00:00,39.4,12,276.0,17.9,0.0,0
2024-05-05 18:00:00,37.8,14,98.0,11.6,0.0,0
2024-05-05 19:00:00,35.2,18,7.0,13.2,0.0,0
2024-05-05 20:00:00,33.6,20,0.0,11.5,0.0,0
2024-05-05 21:00:00,32.5,20,0.0,10.2,0.0,0
2024-05-05 22:00:00,30.9,21,0.0,9.3,0.0,0
2024-05-05 23:00:00,29.9,22,0.0,9.7,0.0,0
2024-05-06 00:00:00,29.6,23,0.0,11.5,0.0,0
2024-05-06 01:00:00,28.8,25,0.0,10.3,0.0,0
2024-05-06 02:00:00,28.4,27,0.0,10.9,0.0,0
2024-05-06 03:00:00,27.9,28,0.0,10.7,0.0,0
2024-05-06 04:00:00,26.9,31,0.0,8.4,0.0,0
2024-05-06 05:00:00,26.0,33,0.0,7.7,0.0,0
2024-05-06 06:00:00,27.9,32,29.0,7.6,0.0,0
2024-05-06 07:00:00,30.1,30,162.0,8.8,0.0,0
2024-05-06 08:00:00,32.8,26,353.0,9.6,0.0,0
2024-05-06 09:00:00,35.5,22,548.0,9.9,0.0,0
2024-05-06 10:00:00,37.6,19,713.0,11.2,0.0,0
2024-05-06 11:00:00,39.1,16,827.0,16.9,0.0,19
2024-05-06 12:00:00,39.8,15,836.0,18.2,0.0,5
2024-05-06 13:00:00,40.4,14,840.0,20.0,0.0,8
2024-05-06 14:00:00,40.6,14,776.0,22.8,0.0,12
2024-05-06 15:00:00,40.2,14,623.0,23.2,0.0,58
2024-05-06 16:00:00,39.6,14,425.0,20.6,0.0,36
2024-05-06 17:00:00,38.9,14,260.0,23.6,0.0,11
2024-05-06 18:00:00,37.5,15,94.0,16.6,0.0,5
2024-05-06 19:00:00,35.4,17,7.0,15.1,0.0,0
2024-05-06 20:00:00,34.0,19,0.0,11.1,0.0,0
2024-05-06 21:00:00,32.4,21,0.0,11.1,0.0,0
2024-05-06 22:00:00,31.6,23,0.0,9.7,0.0,0
2024-05-06 23:00:00,30.3,25,0.0,8.1,0.0,0
2024-05-07 00:00:00,28.7,28,0.0,9.0,0.0,0
2024-05-07 01:00:00,28.1,30,0.0,9.1,0.0,0
2024-05-07 02:00:00,26.8,32,0.0,7.9,0.0,0
2024-05-07 03:00:00,26.2,34,0.0,7.0,0.0,0
2024-05-07 04:00:00,29.0,27,0.0,4.8,0.0,1
2024-05-07 05:00:00,29.1,26,0.0,5.8,0.0,0
2024-05-07 06:00:00,27.9,36,29.0,4.5,0.0,5
2024-05-07 07:00:00,30.8,30,159.0,5.0,0.0,17
2024-05-07 08:00:00,33.7,26,319.0,1.5,0.0,27
2024-05-07 09:00:00,35.4,24,442.0,9.4,0.0,6
2024-05-07 10:00:00,37.3,21,651.0,9.2,0.0,3
2024-05-07 11:00:00,39.5,17,820.0,5.4,0.0,20
2024-05-07 12:00:00,40.6,14,819.0,3.6,0.0,23
2024-05-07 13:00:00,41.4,13,810.0,9.2,0.0,13
2024-05-07 14:00:00,41.3,13,730.0,12.6,0.0,4
2024-05-07 15:00:00,41.3,13,647.0,10.7,0.0,3
2024-05-07 16:00:00,41.1,12,468.0,12.5,0.0,2
2024-05-07 17:00:00,40.2,13,263.0,8.4,0.0,10
2024-05-07 18:00:00,37.9,16,92.0,10.6,0.0,8
2024-05-07 19:00:00,35.2,19,6.0,8.9,0.0,3
2024-05-07 20:00:00,33.2,29,0.0,18.1,0.0,0
2024-05-07 21:00:00,31.6,39,0.0,14.7,0.0,0
2024-05-07 22:00:00,30.9,40,0.0,13.4,0.0,0
2024-05-07 23:00:00,30.4,40,0.0,14.4,0.0,0
2024-05-08 00:00:00,28.8,45,0.0,6.2,0.0,0
2024-05-08 01:00:00,28.2,47,0.0,8.7,0.0,0
2024-05-08 02:00:00,27.8,49,0.0,9.4,0.0,0
2024-05-08 03:00:00,27.6,50,0.0,12.1,0.0,0
2024-05-08 04:00:00,27.5,50,0.0,15.6,0.0,0
2024-05-08 05:00:00,27.0,51,0.0,13.4,0.0,0
2024-05-08 06:00:00,27.9,64,30.0,18.2,0.0,0
2024-05-08 07:00:00,29.1,58,159.0,20.7,0.0,0
2024-05-08 08:00:00,30.7,54,345.0,21.1,0.0,0
2024-05-08 09:00:00,32.6,48,535.0,19.6,0.0,0
2024-05-08 10:00:00,34.7,42,697.0,17.8,0.0,0
2024-05-08 11:00:00,36.4,36,812.0,17.2,0.0,0
2024-05-08 12:00:00,37.8,32,864.0,14.7,0.0,18
2024-05-08 13:00:00,38.6,26,794.0,8.9,0.0,18
2024-05-08 14:00:00,39.2,22,697.0,5.2,0.0,27
2024-05-08 15:00:00,39.7,20,588.0,6.6,0.0,22
2024-05-08 16:00:00,39.1,18,346.0,10.6,0.0,95
2024-05-08 17:00:00,38.1,19,166.0,14.3,0.0,90
2024-05-08 18:00:00,35.8,26,85.0,7.9,0.0,81
2024-05-08 19:00:00,33.8,30,7.0,14.7,0.0,25
2024-05-08 20:00:00,32.1,36,0.0,15.4,0.0,11
2024-05-08 21:00:00,31.5,37,0.0,13.5,0.0,0
2024-05-08 22:00:00,30.9,38,0.0,13.5,0.0,0
2024-05-08 23:00:00,30.6,38,0.0,20.1,0.0,0
2024-05-09 00:00:00,29.9,39,0.0,19.1,0.0,0
2024-05-09 01:00:00,28.8,43,0.0,18.6,0.0,0
2024-05-09 02:00:00,28.0,47,0.0,17.6,0.0,0
2024-05-09 03:00:00,27.4,50,0.0,16.1,0.0,0
2024-05-09 04:00:00,26.8,52,0.0,15.8,0.0,0
2024-05-09 05:00:00,26.2,56,0.0,16.9,0.0,0
2024-05-09 06:00:00,27.6,56,31.0,15.6,0.0,0
2024-05-09 07:00:00,28.7,52,159.0,25.3,0.0,0
2024-05-09 08:00:00,30.4,47,343.0,20.9,0.0,0
2024-05-09 09:00:00,32.0,44,533.0,21.3,0.0,0
2024-05-09 10:00:00,33.8,40,694.0,18.3,0.0,0
2024-05-09 11:00:00,35.7,35,810.0,14.8,0.0,0
2024-05-09 12:00:00,37.1,32,862.0,11.0,0.0,0
2024-05-09 13:00:00,38.3,29,848.0,7.6,0.0,1
2024-05-09 14:00:00,39.1,25,766.0,4.8,0.0,22
2024-05-09 15:00:00,39.5,22,601.0,6.8,0.0,19
2024-05-09 16:00:00,39.6,19,424.0,8.4,0.0,15
2024-05-09 17:00:00,39.0,19,243.0,14.8,0.0,72
2024-05-09 18:00:00,35.1,24,99.0,4.2,0.0,1
2024-05-09 19:00:00,33.3,26,8.0,7.9,0.0,10
2024-05-09 20:00:00,32.4,28,0.0,10.7,0.0,0
2024-05-09 21:00:00,31.6,29,0.0,11.6,0.0,0
2024-05-09 22:00:00,30.5,32,0.0,12.9,0.0,0
2024-05-09 23:00:00,29.9,35,0.0,14.7,0.0,0
2024-05-10 00:00:00,29.2,37,0.0,14.7,0.0,0
2024-05-10 01:00:00,28.7,38,0.0,15.0,0.0,0
2024-05-10 02:00:00,28.0,40,0.0,15.0,0.0,0
2024-05-10 03:00:00,27.2,43,0.0,12.6,0.0,0
2024-05-10 04:00:00,26.5,46,0.0,10.2,0.0,0
2024-05-10 05:00:00,26.0,49,0.0,10.3,0.0,0
2024-05-10 06:00:00,27.5,59,31.0,20.4,0.0,2
2024-05-10 07:00:00,28.2,58,157.0,17.1,0.0,0
2024-05-10 08:00:00,30.8,52,339.0,19.1,0.0,0
2024-05-10 09:00:00,32.4,49,524.0,20.9,0.0,0
2024-05-10 10:00:00,34.2,44,687.0,20.2,0.0,0
2024-05-10 11:00:00,36.2,39,799.0,17.9,0.0,0
2024-05-10 12:00:00,37.9,33,854.0,13.8,0.0,0
2024-05-10 13:00:00,38.8,31,842.0,8.4,0.0,0
2024-05-10 14:00:00,39.5,28,764.0,4.3,0.0,10
2024-05-10 15:00:00,38.2,28,579.0,20.0,0.4,80
2024-05-10 16:00:00,36.5,29,307.0,5.7,0.3,95
2024-05-10 17:00:00,36.6,30,181.0,2.2,0.0,23
2024-05-10 18:00:00,33.3,44,89.0,8.4,0.4,0
2024-05-10 19:00:00,32.5,47,8.0,1.5,0.0,93
2024-05-10 20:00:00,31.5,51,0.0,2.9,0.0,100
2024-05-10 21:00:00,31.6,51,0.0,2.6,0.0,99
2024-05-10 22:00:00,30.7,54,0.0,3.3,0.0,34
2024-05-10 23:00:00,28.9,59,0.0,5.6,0.0,5
2024-05-11 00:00:00,28.8,58,0.0,6.9,0.0,0
2024-05-11 01:00:00,28.5,56,0.0,8.9,0.0,0
2024-05-11 02:00:00,28.0,56,0.0,8.5,0.0,0
2024-05-11 03:00:00,26.5,62,0.0,7.2,0.0,0
2024-05-11 04:00:00,26.3,61,0.0,5.6,0.0,0
2024-05-11 05:00:00,26.0,61,0.0,7.1,0.0,0
2024-05-11 06:00:00,27.4,61,31.0,11.2,0.0,96
2024-05-11 07:00:00,28.6,56,136.0,5.2,0.0,100
2024-05-11 08:00:00,30.0,51,207.0,6.9,0.0,100
2024-05-11 09:00:00,31.3,48,301.0,7.2,0.1,100
2024-05-11 10:00:00,32.7,42,463.0,4.0,0.0,76
2024-05-11 11:00:00,34.8,34,720.0,2.0,0.0,35
2024-05-11 12:00:00,37.0,28,863.0,5.2,0.0,9
2024-05-11 13:00:00,38.3,23,845.0,13.4,0.0,8
2024-05-11 14:00:00,38.8,22,769.0,17.1,0.0,28
2024-05-11 15:00:00,38.6,22,628.0,18.4,0.0,38
2024-05-11 16:00:00,38.0,23,415.0,18.5,0.0,16
2024-05-11 17:00:00,37.4,24,226.0,13.6,0.0,68
2024-05-11 18:00:00,35.4,27,86.0,13.8,0.0,7
2024-05-11 19:00:00,33.4,32,8.0,8.3,0.0,7
2024-05-11 20:00:00,31.4,37,0.0,6.1,0.0,3
2024-05-11 21:00:00,30.8,41,0.0,7.7,0.0,0
2024-05-11 22:00:00,29.1,45,0.0,7.9,0.0,0
2024-05-11 23:00:00,28.3,49,0.0,7.4,0.0,0
2024-05-12 00:00:00,28.9,46,0.0,5.8,0.0,0
2024-05-12 01:00:00,27.5,50,0.0,7.1,0.0,0
2024-05-12 02:00:00,27.5,49,0.0,5.7,0.0,0
2024-05-12 03:00:00,27.7,48,0.0,7.1,0.0,0
2024-05-12 04:00:00,27.8,48,0.0,10.5,0.0,0
2024-05-12 05:00:00,27.5,51,0.0,9.4,0.0,0
2024-05-12 06:00:00,28.6,56,24.0,12.2,0.0,100
2024-05-12 07:00:00,29.9,51,125.0,10.5,0.0,98
2024-05-12 08:00:00,31.9,43,299.0,11.3,0.0,49
2024-05-12 09:00:00,34.4,34,507.0,14.1,0.0,10
2024-05-12 10:00:00,36.1,30,685.0,15.3,0.0,0
2024-05-12 11:00:00,37.4,27,799.0,15.3,0.0,2
2024-05-12 12:00:00,36.2,29,832.0,14.7,0.0,10
2024-05-12 13:00:00,36.5,29,717.0,15.9,0.1,22
2024-05-12 14:00:00,37.2,26,635.0,4.8,0.0,39
2024-05-12 15:00:00,37.8,25,534.0,11.6,0.0,67
2024-05-12 16:00:00,37.0,25,362.0,12.7,0.0,55
2024-05-12 17:00:00,36.3,26,196.0,14.5,0.0,90
2024-05-12 18:00:00,35.9,26,89.0,10.6,0.0,41
2024-05-12 19:00:00,32.5,33,8.0,8.2,0.0,40
2024-05-12 20:00:00,32.3,33,0.0,6.1,0.0,1
2024-05-12 21:00:00,30.4,38,0.0,8.6,0.0,1
2024-05-12 22:00:00,29.3,40,0.0,8.4,0.0,0
2024-05-12 23:00:00,28.6,42,0.0,6.4,0.0,0
2024-05-13 00:00:00,27.8,43,0.0,7.1,0.0,0
2024-05-13 01:00:00,28.2,40,0.0,8.7,0.0,0
2024-05-13 02:00:00,27.9,42,0.0,7.9,0.0,30
2024-05-13 03:00:00,28.0,42,0.0,10.4,0.0,0
2024-05-13 04:00:00,27.7,44,0.0,7.7,0.0,0
2024-05-13 05:00:00,27.2,46,0.0,7.6,0.0,0
2024-05-13 06:00:00,29.4,50,32.0,4.6,0.0,10
2024-05-13 07:00:00,30.9,47,155.0,6.9,0.0,5
2024-05-13 08:00:00,33.3,43,343.0,8.1,0.0,0
2024-05-13 09:00:00,35.2,39,531.0,8.9,0.0,0
2024-05-13 10:00:00,37.1,32,690.0,6.4,0.0,17
2024-05-13 11:00:00,38.5,23,750.0,9.1,0.0,87
2024-05-13 12:00:00,38.7,20,639.0,12.0,0.0,100
2024-05-13 13:00:00,38.3,19,423.0,11.7,0.0,97
2024-05-13 14:00:00,39.9,15,718.0,10.1,0.0,100
2024-05-13 15:00:00,40.1,14,583.0,10.1,0.0,91
2024-05-13 16:00:00,40.3,13,440.0,8.2,0.0,93
2024-05-13 17:00:00,39.6,9,261.0,16.4,0.0,99
2024-05-13 18:00:00,36.1,12,104.0,6.8,0.0,18
2024-05-13 19:00:00,31.6,19,9.0,10.6,0.0,16
2024-05-13 20:00:00,31.3,20,0.0,7.9,0.0,1
2024-05-13 21:00:00,29.0,25,0.0,11.1,0.0,1
2024-05-13 22:00:00,28.9,24,0.0,7.4,0.0,3
2024-05-13 23:00:00,27.4,25,0.0,8.9,0.0,5
2024-05-14 00:00:00,26.8,25,0.0,9.4,0.0,2
2024-05-14 01:00:00,25.9,26,0.0,12.1,0.0,99
2024-05-14 02:00:00,26.2,26,0.0,11.2,0.0,21
2024-05-14 03:00:00,26.2,26,0.0,8.4,0.0,1
2024-05-14 04:00:00,25.0,28,0.0,8.2,0.0,0
2024-05-14 05:00:00,24.6,29,0.0,7.5,0.0,0
2024-05-14 06:00:00,26.7,37,35.0,4.6,0.0,4
2024-05-14 07:00:00,29.3,33,166.0,3.1,0.0,0
2024-05-14 08:00:00,32.1,28,351.0,2.9,0.0,0
2024-05-14 09:00:00,34.6,24,542.0,4.7,0.0,3
2024-05-14 10:00:00,37.0,19,704.0,5.5,0.0,15
2024-05-14 11:00:00,38.6,16,818.0,7.1,0.0,47
2024-05-14 12:00:00,39.7,14,868.0,12.7,0.0,48
2024-05-14 13:00:00,40.1,14,858.0,16.3,0.0,1
2024-05-14 14:00:00,40.7,12,783.0,16.1,0.0,2
2024-05-14 15:00:00,40.6,11,647.0,20.5,0.0,3
2024-05-14 16:00:00,40.0,10,470.0,19.3,0.0,3
2024-05-14 17:00:00,39.5,10,277.0,14.8,0.0,0
2024-05-14 18:00:00,37.7,9,108.0,14.3,0.0,0
2024-05-14 19:00:00,33.1,14,10.0,7.9,0.0,0
2024-05-14 20:00:00,30.1,20,0.0,10.5,0.0,0
2024-05-14 21:00:00,29.6,21,0.0,9.3,0.0,0
2024-05-14 22:00:00,31.2,20,0.0,13.3,0.0,0
2024-05-14 23:00:00,31.5,20,0.0,12.8,0.0,0
2024-05-15 00:00:00,29.9,22,0.0,11.3,0.0,0
2024-05-15 01:00:00,28.9,25,0.0,10.5,0.0,0
2024-05-15 02:00:00,27.5,28,0.0,8.6,0.0,0
2024-05-15 03:00:00,26.4,31,0.0,7.6,0.0,0
2024-05-15 04:00:00,25.9,33,0.0,7.9,0.0,0
2024-05-15 05:00:00,25.4,35,0.0,7.6,0.0,0
2024-05-15 06:00:00,27.6,36,35.0,8.0,0.0,0
2024-05-15 07:00:00,29.9,33,167.0,9.4,0.0,0
2024-05-15 08:00:00,33.3,28,353.0,7.7,0.0,0
2024-05-15 09:00:00,36.2,24,543.0,6.4,0.0,0
2024-05-15 10:00:00,38.8,16,707.0,4.3,0.0,0
2024-05-15 11:00:00,40.4,11,824.0,7.3,0.0,0
2024-05-15 12:00:00,41.5,9,882.0,12.5,0.0,0
2024-05-15 13:00:00,41.9,9,869.0,16.3,0.0,0
2024-05-15 14:00:00,42.0,9,789.0,15.3,0.0,0
2024-05-15 15:00:00,42.3,8,652.0,13.2,0.0,0
2024-05-15 16:00:00,41.8,8,474.0,17.3,0.0,0
2024-05-15 17:00:00,40.7,9,278.0,17.8,0.0,0
2024-05-15 18:00:00,37.9,12,106.0,13.5,0.0,0
2024-05-15 19:00:00,34.8,14,10.0,8.7,0.0,0
2024-05-15 20:00:00,32.8,16,0.0,7.9,0.0,0
2024-05-15 21:00:00,30.5,19,0.0,11.9,0.0,0
2024-05-15 22:00:00,31.5,17,0.0,7.6,0.0,0
2024-05-15 23:00:00,32.5,15,0.0,4.0,0.0,0
2024-05-16 00:00:00,28.3,20,0.0,9.7,0.0,0
2024-05-16 01:00:00,28.7,18,0.0,7.9,0.0,0
2024-05-16 02:00:00,28.5,18,0.0,9.4,0.0,0
2024-05-16 03:00:00,27.9,20,0.0,9.0,0.0,0
2024-05-16 04:00:00,27.0,22,0.0,8.0,0.0,0
2024-05-16 05:00:00,26.5,24,0.0,7.2,0.0,0
2024-05-16 06:00:00,27.2,31,37.0,4.8,0.0,0
2024-05-16 07:00:00,28.7,31,171.0,3.2,0.0,0
2024-05-16 08:00:00,32.1,25,358.0,1.9,0.0,0
2024-05-16 09:00:00,35.5,20,550.0,5.1,0.0,0
2024-05-16 10:00:00,38.0,18,713.0,9.1,0.0,0
2024-05-16 11:00:00,40.0,15,826.0,11.1,0.0,0
2024-05-16 12:00:00,41.6,11,877.0,10.5,0.0,0
2024-05-16 13:00:00,42.5,10,863.0,11.2,0.0,0
2024-05-16 14:00:00,42.7,10,784.0,16.4,0.0,0
2024-05-16 15:00:00,42.2,10,647.0,18.0,0.0,1
2024-05-16 16:00:00,42.2,11,469.0,11.8,0.0,1
2024-05-16 17:00:00,41.3,11,275.0,16.9,0.0,1
2024-05-16 18:00:00,37.6,20,106.0,9.0,0.0,0
2024-05-16 19:00:00,34.7,18,10.0,10.4,0.0,0
2024-05-16 20:00:00,34.5,18,0.0,7.7,0.0,0
2024-05-16 21:00:00,36.0,16,0.0,5.0,0.0,0
2024-05-16 22:00:00,33.4,19,0.0,7.1,0.0,0
2024-05-16 23:00:00,32.5,20,0.0,6.5,0.0,0
2024-05-17 00:00:00,30.1,23,0.0,9.8,0.0,0
2024-05-17 01:00:00,30.7,20,0.0,10.9,0.0,0
2024-05-17 02:00:00,30.7,20,0.0,11.9,0.0,0
2024-05-17 03:00:00,30.1,21,0.0,11.4,0.0,0
2024-05-17 04:00:00,29.3,22,0.0,10.5,0.0,0
2024-05-17 05:00:00,28.1,25,0.0,8.1,0.0,0
2024-05-17 06:00:00,28.9,32,37.0,10.7,0.0,0
2024-05-17 07:00:00,30.5,31,168.0,6.0,0.0,0
2024-05-17 08:00:00,34.5,26,352.0,4.0,0.0,0
2024-05-17 09:00:00,38.2,20,542.0,7.8,0.0,0
2024-05-17 10:00:00,40.9,16,704.0,10.8,0.0,0
2024-05-17 11:00:00,42.5,13,818.0,10.7,0.0,5
2024-05-17 12:00:00,43.6,10,852.0,14.3,0.0,5
2024-05-17 13:00:00,44.0,9,834.0,15.0,0.0,7
2024-05-17 14:00:00,43.8,10,756.0,15.0,0.0,2
2024-05-17 15:00:00,43.9,9,643.0,12.5,0.0,2
2024-05-17 16:00:00,43.6,9,467.0,14.0,0.0,2
2024-05-17 17:00:00,42.3,10,276.0,16.3,0.0,8
2024-05-17 18:00:00,40.5,11,93.0,8.9,0.0,67
2024-05-17 19:00:00,38.6,12,8.0,11.3,0.0,48
2024-05-17 20:00:00,35.8,16,0.0,8.4,0.0,56
2024-05-17 21:00:00,33.8,19,0.0,9.2,0.0,0
2024-05-17 22:00:00,36.4,16,0.0,5.2,0.0,0
2024-05-17 23:00:00,31.7,23,0.0,9.4,0.0,0
2024-05-18 00:00:00,31.4,24,0.0,10.1,0.0,2
2024-05-18 01:00:00,30.0,27,0.0,10.0,0.0,27
2024-05-18 02:00:00,30.3,27,0.0,8.7,0.0,0
2024-05-18 03:00:00,29.1,29,0.0,9.1,0.0,0
2024-05-18 04:00:00,28.1,31,0.0,7.2,0.0,0
2024-05-18 05:00:00,27.1,34,0.0,6.5,0.0,0
2024-05-18 06:00:00,30.9,37,35.0,2.9,0.0,0
2024-05-18 07:00:00,33.7,32,169.0,4.4,0.0,0
2024-05-18 08:00:00,37.0,26,352.0,2.3,0.0,0
2024-05-18 09:00:00,39.7,21,541.0,2.2,0.0,0
2024-05-18 10:00:00,42.0,13,703.0,4.1,0.0,0
2024-05-18 11:00:00,43.5,10,815.0,13.0,0.0,7
2024-05-18 12:00:00,43.7,10,820.0,18.9,0.0,43
2024-05-18 13:00:00,43.9,11,832.0,19.3,0.0,7
2024-05-18 14:00:00,44.0,11,762.0,19.8,0.0,9
2024-05-18 15:00:00,43.6,11,640.0,21.3,0.0,5
2024-05-18 16:00:00,43.5,11,467.0,19.2,0.0,3
2024-05-18 17:00:00,42.9,11,266.0,20.3,0.0,36
2024-05-18 18:00:00,40.6,12,83.0,26.6,0.0,5
2024-05-18 19:00:00,39.7,12,10.0,21.3,0.0,1
2024-05-18 20:00:00,37.7,14,0.0,15.3,0.0,0
2024-05-18 21:00:00,36.2,15,0.0,12.2,0.0,0
2024-05-18 22:00:00,35.0,16,0.0,13.7,0.0,0
2024-05-18 23:00:00,33.9,17,0.0,11.9,0.0,0
2024-05-19 00:00:00,32.4,18,0.0,8.6,0.0,0
2024-05-19 01:00:00,31.1,20,0.0,8.1,0.0,0
2024-05-19 02:00:00,31.0,21,0.0,9.9,0.0,0
2024-05-19 03:00:00,29.1,24,0.0,8.3,0.0,0
2024-05-19 04:00:00,28.9,24,0.0,6.9,0.0,0
2024-05-19 05:00:00,27.7,27,0.0,6.6,0.0,0
2024-05-19 06:00:00,30.8,26,38.0,5.1,0.0,0
2024-05-19 07:00:00,32.7,24,172.0,11.5,0.0,0
2024-05-19 08:00:00,35.5,21,357.0,10.9,0.0,0
2024-05-19 09:00:00,37.8,18,545.0,10.3,0.0,0
2024-05-19 10:00:00,39.8,17,699.0,10.5,0.0,0
2024-05-19 11:00:00,42.3,14,818.0,8.8,0.0,0
2024-05-19 12:00:00,44.0,10,873.0,12.6,0.0,4
2024-05-19 13:00:00,44.6,10,847.0,20.2,0.0,12
2024-05-19 14:00:00,44.9,9,759.0,20.4,0.0,4
2024-05-19 15:00:00,44.3,9,641.0,26.4,0.0,3
2024-05-19 16:00:00,43.6,10,468.0,24.4,0.0,3
2024-05-19 17:00:00,43.0,10,278.0,21.7,0.0,1
2024-05-19 18:00:00,41.4,10,105.0,20.4,0.0,42
2024-05-19 19:00:00,38.6,12,11.0,11.6,0.0,3
2024-05-19 20:00:00,36.4,16,0.0,11.0,0.0,0
2024-05-19 21:00:00,34.5,19,0.0,9.0,0.0,2
2024-05-19 22:00:00,33.6,19,0.0,8.9,0.0,0
2024-05-19 23:00:00,33.7,17,0.0,9.6,0.0,8
2024-05-20 00:00:00,32.9,19,0.0,8.1,0.0,59
2024-05-20 01:00:00,31.2,22,0.0,7.6,0.0,74
2024-05-20 02:00:00,30.6,24,0.0,9.2,0.0,92
2024-05-20 03:00:00,30.3,24,0.0,10.5,0.0,100
2024-05-20 04:00:00,29.8,26,0.0,9.7,0.0,60
2024-05-20 05:00:00,29.1,27,0.0,8.6,0.0,0
2024-05-20 06:00:00,30.8,27,38.0,11.3,0.0,82
2024-05-20 07:00:00,32.9,25,165.0,8.0,0.0,4
2024-05-20 08:00:00,35.5,21,350.0,8.6,0.0,8
2024-05-20 09:00:00,37.7,19,529.0,7.0,0.0,100
2024-05-20 10:00:00,39.5,17,655.0,6.5,0.0,100
2024-05-20 11:00:00,41.0,15,755.0,6.4,0.0,51
2024-05-20 12:00:00,42.5,14,837.0,9.6,0.0,4
2024-05-20 13:00:00,43.3,13,827.0,14.7,0.0,18
2024-05-20 14:00:00,43.6,12,744.0,18.7,0.0,2
2024-05-20 15:00:00,43.4,12,629.0,21.3,0.0,8
2024-05-20 16:00:00,43.3,11,467.0,23.5,0.0,2
2024-05-20 17:00:00,42.1,12,272.0,19.9,0.0,19
2024-05-20 18:00:00,41.4,10,104.0,28.3,0.0,0
2024-05-20 19:00:00,39.1,12,12.0,13.7,0.0,0
2024-05-20 20:00:00,35.6,16,0.0,7.3,0.0,0
2024-05-20 21:00:00,33.7,23,0.0,6.7,0.0,0
2024-05-20 22:00:00,32.3,26,0.0,7.6,0.0,0
2024-05-20 23:00:00,32.3,25,0.0,7.2,0.0,0
2024-05-21 00:00:00,31.6,26,0.0,9.0,0.0,0
2024-05-21 01:00:00,31.5,24,0.0,10.1,0.0,0
2024-05-21 02:00:00,30.5,24,0.0,7.6,0.0,0
2024-05-21 03:00:00,29.9,25,0.0,8.4,0.0,0
2024-05-21 04:00:00,30.0,25,0.0,10.5,0.0,0
2024-05-21 05:00:00,29.7,28,0.0,7.5,0.0,0
2024-05-21 06:00:00,29.1,42,39.0,13.7,0.0,0
2024-05-21 07:00:00,30.9,42,169.0,14.8,0.0,0
2024-05-21 08:00:00,32.9,39,351.0,13.5,0.0,0
2024-05-21 09:00:00,34.9,37,536.0,14.1,0.0,0
2024-05-21 10:00:00,36.8,33,693.0,12.8,0.0,0
2024-05-21 11:00:00,38.5,30,804.0,10.9,0.0,0
2024-05-21 12:00:00,40.1,26,856.0,9.0,0.0,0
2024-05-21 13:00:00,41.3,23,845.0,5.3,0.0,0
2024-05-21 14:00:00,42.2,19,754.0,6.8,0.0,7
2024-05-21 15:00:00,42.5,16,598.0,10.6,0.0,13
2024-05-21 16:00:00,42.6,14,423.0,13.8,0.0,11
2024-05-21 17:00:00,41.5,16,261.0,15.8,0.0,2
2024-05-21 18:00:00,38.3,32,100.0,6.1,0.0,16
2024-05-21 19:00:00,35.8,25,12.0,7.8,0.0,0
2024-05-21 20:00:00,34.6,27,0.0,8.4,0.0,0
2024-05-21 21:00:00,34.5,27,0.0,9.2,0.0,0
2024-05-21 22:00:00,33.3,30,0.0,7.9,0.0,0
2024-05-21 23:00:00,31.8,33,0.0,7.1,0.0,0
2024-05-22 00:00:00,31.8,32,0.0,8.2,0.0,4
2024-05-22 01:00:00,31.0,34,0.0,7.4,0.0,0
2024-05-22 02:00:00,30.6,38,0.0,10.4,0.0,0
2024-05-22 03:00:00,30.3,44,0.0,12.8,0.0,0
2024-05-22 04:00:00,30.0,46,0.0,12.8,0.0,0
2024-05-22 05:00:00,29.8,47,0.0,13.6,0.0,0
2024-05-22 06:00:00,31.5,45,31.0,12.9,0.0,2
2024-05-22 07:00:00,32.7,48,154.0,17.7,0.0,0
2024-05-22 08:00:00,34.4,45,341.0,17.0,0.0,3
2024-05-22 09:00:00,36.4,40,526.0,19.2,0.0,1
2024-05-22 10:00:00,37.5,38,680.0,24.4,0.0,0
2024-05-22 11:00:00,39.1,33,789.0,20.8,0.0,0
2024-05-22 12:00:00,40.8,28,843.0,17.8,0.0,0
2024-05-22 13:00:00,41.1,26,834.0,17.8,0.0,6
2024-05-22 14:00:00,37.7,32,576.0,12.6,0.3,80
2024-05-22 15:00:00,39.4,25,486.0,1.3,0.0,11
2024-05-22 16:00:00,39.9,22,437.0,6.4,0.0,2
2024-05-22 17:00:00,39.4,23,270.0,8.9,0.0,0
2024-05-22 18:00:00,38.2,27,93.0,23.1,0.0,8
2024-05-22 19:00:00,36.2,35,11.0,22.1,0.0,5
2024-05-22 20:00:00,35.0,38,0.0,19.7,0.0,0
2024-05-22 21:00:00,34.8,37,0.0,16.2,0.0,0
2024-05-22 22:00:00,34.3,39,0.0,19.4,0.0,0
2024-05-22 23:00:00,33.6,40,0.0,12.4,0.0,0
2024-05-23 00:00:00,32.8,41,0.0,13.3,0.0,0
2024-05-23 01:00:00,32.3,42,0.0,12.0,0.0,0
2024-05-23 02:00:00,31.6,45,0.0,11.5,0.0,0
2024-05-23 03:00:00,31.2,47,0.0,12.7,0.0,0
2024-05-23 04:00:00,30.9,48,0.0,15.8,0.0,0
2024-05-23 05:00:00,30.5,49,0.0,15.7,0.0,0
2024-05-23 06:00:00,31.5,50,38.0,17.9,0.0,19
2024-05-23 07:00:00,32.2,52,137.0,22.9,0.0,15
2024-05-23 08:00:00,34.0,47,333.0,21.1,0.0,2
2024-05-23 09:00:00,35.9,42,519.0,19.4,0.0,3
2024-05-23 10:00:00,37.6,37,628.0,20.7,0.0,9
2024-05-23 11:00:00,38.8,34,701.0,19.4,0.0,12
2024-05-23 12:00:00,40.1,30,765.0,15.8,0.0,10
2024-05-23 13:00:00,40.7,27,718.0,12.5,0.0,11
2024-05-23 14:00:00,41.1,24,674.0,7.6,0.0,24
2024-05-23 15:00:00,41.0,22,567.0,2.9,0.0,25
2024-05-23 16:00:00,40.8,21,417.0,2.2,0.0,19
2024-05-23 17:00:00,40.5,21,238.0,5.5,0.0,11
2024-05-23 18:00:00,38.8,19,107.0,17.2,0.0,4
2024-05-23 19:00:00,36.9,24,12.0,19.0,0.0,0
2024-05-23 20:00:00,35.7,29,0.0,15.3,0.0,0
2024-05-23 21:00:00,34.7,32,0.0,12.6,0.0,0
2024-05-23 22:00:00,34.0,35,0.0,12.2,0.0,0
2024-05-23 23:00:00,33.6,37,0.0,13.7,0.0,0
2024-05-24 00:00:00,33.1,40,0.0,16.3,0.0,0
2024-05-24 01:00:00,32.3,43,0.0,13.4,0.0,0
2024-05-24 02:00:00,31.6,46,0.0,12.7,0.0,0
2024-05-24 03:00:00,31.1,48,0.0,13.0,0.0,0
2024-05-24 04:00:00,30.8,50,0.0,15.3,0.0,0
2024-05-24 05:00:00,30.4,51,0.0,14.8,0.0,0
2024-05-24 06:00:00,31.6,50,39.0,13.3,0.0,0
2024-05-24 07:00:00,32.9,46,166.0,17.6,0.0,0
2024-05-24 08:00:00,34.4,43,340.0,19.2,0.0,0
2024-05-24 09:00:00,36.3,38,522.0,20.6,0.0,0
2024-05-24 10:00:00,37.8,34,677.0,19.9,0.0,3
2024-05-24 11:00:00,38.9,31,753.0,14.7,0.0,5
2024-05-24 12:00:00,39.8,29,782.0,10.7,0.0,10
2024-05-24 13:00:00,40.3,27,772.0,8.5,0.0,9
2024-05-24 14:00:00,40.6,26,705.0,8.2,0.0,12
2024-05-24 15:00:00,40.9,25,589.0,10.5,0.0,14
2024-05-24 16:00:00,40.3,25,437.0,13.2,0.0,10
2024-05-24 17:00:00,39.6,26,260.0,9.5,0.0,7
2024-05-24 18:00:00,39.2,22,112.0,9.8,0.0,0
2024-05-24 19:00:00,37.5,25,13.0,11.6,0.0,3
2024-05-24 20:00:00,36.2,27,0.0,7.4,0.0,1
2024-05-24 21:00:00,34.3,31,0.0,7.1,0.0,1
2024-05-24 22:00:00,33.1,34,0.0,7.7,0.0,0
2024-05-24 23:00:00,32.4,37,0.0,6.7,0.0,0
2024-05-25 00:00:00,32.1,38,0.0,6.0,0.0,0
2024-05-25 01:00:00,32.0,39,0.0,7.1,0.0,0
2024-05-25 02:00:00,31.9,41,0.0,9.3,0.0,0
2024-05-25 03:00:00,31.8,43,0.0,10.0,0.0,0
2024-05-25 04:00:00,31.3,45,0.0,9.3,0.0,0
2024-05-25 05:00:00,30.6,48,0.0,8.5,0.0,0
2024-05-25 06:00:00,32.9,44,38.0,7.2,0.0,31
2024-05-25 07:00:00,34.1,42,128.0,4.1,0.0,18
2024-05-25 08:00:00,36.1,38,323.0,4.0,0.0,24
2024-05-25 09:00:00,37.8,35,460.0,4.5,0.0,0
2024-05-25 10:00:00,39.8,30,667.0,7.9,0.0,3
2024-05-25 11:00:00,41.3,25,767.0,13.0,0.0,36
2024-05-25 12:00:00,42.2,21,737.0,12.8,0.0,8
2024-05-25 13:00:00,43.6,18,815.0,16.1,0.0,9
2024-05-25 14:00:00,44.2,16,736.0,19.0,0.0,3
2024-05-25 15:00:00,44.4,14,620.0,20.9,0.0,2
2024-05-25 16:00:00,43.8,13,461.0,24.8,0.0,0
2024-05-25 17:00:00,43.1,13,280.0,23.7,0.0,0
2024-05-25 18:00:00,42.5,12,112.0,27.4,0.0,3
2024-05-25 19:00:00,41.2,12,14.0,23.3,0.0,0
2024-05-25 20:00:00,39.0,13,0.0,14.4,0.0,0
2024-05-25 21:00:00,35.5,18,0.0,9.1,0.0,0
2024-05-25 22:00:00,34.2,19,0.0,8.3,0.0,0
2024-05-25 23:00:00,33.5,20,0.0,8.5,0.0,0
2024-05-26 00:00:00,31.9,23,0.0,11.1,0.0,0
2024-05-26 01:00:00,33.7,20,0.0,1.8,0.0,0
2024-05-26 02:00:00,30.7,25,0.0,6.2,0.0,0
2024-05-26 03:00:00,33.1,21,0.0,4.2,0.0,0
2024-05-26 04:00:00,30.2,26,0.0,7.1,0.0,0
2024-05-26 05:00:00,29.5,28,0.0,9.2,0.0,0
2024-05-26 06:00:00,31.1,27,43.0,10.4,0.0,0
2024-05-26 07:00:00,33.5,25,178.0,8.9,0.0,0
2024-05-26 08:00:00,36.4,22,363.0,9.7,0.0,0
2024-05-26 09:00:00,39.3,20,554.0,12.0,0.0,0
2024-05-26 10:00:00,42.0,15,718.0,14.9,0.0,0
2024-05-26 11:00:00,43.8,10,830.0,14.2,0.0,0
2024-05-26 12:00:00,44.6,9,881.0,14.7,0.0,0
2024-05-26 13:00:00,45.1,10,865.0,15.0,0.0,0
2024-05-26 14:00:00,45.4,10,786.0,14.6,0.0,0
2024-05-26 15:00:00,46.0,10,652.0,16.9,0.0,0
2024-05-26 16:00:00,44.9,11,476.0,25.9,0.0,0
2024-05-26 17:00:00,44.1,12,285.0,19.5,0.0,0
2024-05-26 18:00:00,42.4,11,117.0,16.8,0.0,0
2024-05-26 19:00:00,40.6,13,14.0,17.9,0.0,0
2024-05-26 20:00:00,38.7,15,0.0,9.0,0.0,0
2024-05-26 21:00:00,35.4,20,0.0,10.7,0.0,0
2024-05-26 22:00:00,36.7,17,0.0,14.2,0.0,0
2024-05-26 23:00:00,36.5,17,0.0,13.5,0.0,0
2024-05-27 00:00:00,33.7,21,0.0,9.6,0.0,0
2024-05-27 01:00:00,35.7,19,0.0,5.4,0.0,0
2024-05-27 02:00:00,35.3,19,0.0,1.3,0.0,0
2024-05-27 03:00:00,30.7,26,0.0,9.9,0.0,0
2024-05-27 04:00:00,33.2,21,0.0,2.2,0.0,0
2024-05-27 05:00:00,30.2,28,0.0,5.1,0.0,0
2024-05-27 06:00:00,32.0,34,41.0,9.0,0.0,44
2024-05-27 07:00:00,34.0,31,149.0,3.8,0.0,1
2024-05-27 08:00:00,36.3,30,349.0,5.8,0.0,0
2024-05-27 09:00:00,38.9,29,530.0,6.3,0.0,0
2024-05-27 10:00:00,41.8,22,706.0,8.0,0.0,0
2024-05-27 11:00:00,43.7,16,819.0,12.3,0.0,0
2024-05-27 12:00:00,44.8,12,873.0,16.1,0.0,0
2024-05-27 13:00:00,45.2,9,865.0,18.1,0.0,0
2024-05-27 14:00:00,45.7,8,796.0,18.4,0.0,0
2024-05-27 15:00:00,45.5,7,665.0,22.1,0.0,0
2024-05-27 16:00:00,44.9,7,490.0,21.9,0.0,0
2024-05-27 17:00:00,43.9,8,297.0,19.2,0.0,0
2024-05-27 18:00:00,42.5,8,121.0,16.9,0.0,0
2024-05-27 19:00:00,40.0,9,15.0,15.1,0.0,0
2024-05-27 20:00:00,36.7,12,0.0,10.5,0.0,0
2024-05-27 21:00:00,34.7,14,0.0,10.7,0.0,0
2024-05-27 22:00:00,34.2,14,0.0,10.5,0.0,0
2024-05-27 23:00:00,32.9,16,0.0,12.2,0.0,0
2024-05-28 00:00:00,33.7,16,0.0,8.8,0.0,0
2024-05-28 01:00:00,32.5,18,0.0,7.9,0.0,0
2024-05-28 02:00:00,33.9,16,0.0,5.0,0.0,0
2024-05-28 03:00:00,29.5,22,0.0,5.4,0.0,0
2024-05-28 04:00:00,29.5,21,0.0,6.0,0.0,0
2024-05-28 05:00:00,29.8,18,0.0,12.8,0.0,0
2024-05-28 06:00:00,28.9,26,45.0,6.1,0.0,0
2024-05-28 07:00:00,31.4,24,186.0,11.8,0.0,0
2024-05-28 08:00:00,34.9,21,376.0,12.1,0.0,0
2024-05-28 09:00:00,38.0,16,567.0,10.0,0.0,0
2024-05-28 10:00:00,40.6,11,728.0,6.6,0.0,0
2024-05-28 11:00:00,42.4,9,841.0,5.0,0.0,0
2024-05-28 12:00:00,43.7,9,895.0,7.1,0.0,0
2024-05-28 13:00:00,44.7,9,881.0,10.9,0.0,0
2024-05-28 14:00:00,45.4,8,803.0,14.9,0.0,0
2024-05-28 15:00:00,45.4,8,669.0,15.1,0.0,0
2024-05-28 16:00:00,45.8,7,491.0,12.4,0.0,0
2024-05-28 17:00:00,44.5,7,297.0,19.2,0.0,0
2024-05-28 18:00:00,41.0,9,125.0,7.9,0.0,0
2024-05-28 19:00:00,41.9,6,16.0,4.8,0.0,0
2024-05-28 20:00:00,36.1,10,0.0,6.9,0.0,0
2024-05-28 21:00:00,34.8,12,0.0,8.4,0.0,0
2024-05-28 22:00:00,33.8,12,0.0,5.9,0.0,0
2024-05-28 23:00:00,33.1,14,0.0,4.8,0.0,0
2024-05-29 00:00:00,32.5,16,0.0,5.9,0.0,0
2024-05-29 01:00:00,31.7,17,0.0,6.6,0.0,0
2024-05-29 02:00:00,31.1,17,0.0,9.0,0.0,0
2024-05-29 03:00:00,31.5,16,0.0,10.6,0.0,0
2024-05-29 04:00:00,33.3,18,0.0,13.6,0.0,0
2024-05-29 05:00:00,32.9,22,0.0,12.7,0.0,0
2024-05-29 06:00:00,34.5,29,42.0,11.2,0.0,0
2024-05-29 07:00:00,37.1,29,174.0,14.4,0.0,0
2024-05-29 08:00:00,38.1,30,358.0,15.3,0.0,0
2024-05-29 09:00:00,39.2,29,546.0,8.8,0.0,0
2024-05-29 10:00:00,41.1,25,705.0,9.6,0.0,0
2024-05-29 11:00:00,43.1,20,818.0,10.5,0.0,0
2024-05-29 12:00:00,44.6,16,872.0,11.3,0.0,23
2024-05-29 13:00:00,45.6,12,767.0,13.7,0.0,47
2024-05-29 14:00:00,45.7,10,635.0,16.2,0.0,18
2024-05-29 15:00:00,45.6,9,552.0,17.9,0.0,37
2024-05-29 16:00:00,45.7,9,430.0,12.4,0.0,19
2024-05-29 17:00:00,44.9,9,278.0,11.0,0.0,25
2024-05-29 18:00:00,41.6,21,20.0,2.6,0.0,92
2024-05-29 19:00:00,38.8,17,8.0,8.6,0.0,49
2024-05-29 20:00:00,38.2,16,0.0,11.7,0.0,40
2024-05-29 21:00:00,38.7,12,0.0,9.9,0.0,0
2024-05-29 22:00:00,36.8,13,0.0,8.4,0.0,1
2024-05-29 23:00:00,34.5,17,0.0,10.5,0.0,11
2024-05-30 00:00:00,35.3,16,0.0,9.0,0.0,29
2024-05-30 01:00:00,35.9,17,0.0,15.5,0.0,3
2024-05-30 02:00:00,35.9,17,0.0,20.2,0.0,16
2024-05-30 03:00:00,34.5,20,0.0,14.6,0.0,92
2024-05-30 04:00:00,33.6,24,0.0,12.8,0.0,14
2024-05-30 05:00:00,33.0,29,0.0,12.7,0.0,0
2024-05-30 06:00:00,33.5,33,43.0,17.6,0.0,0
2024-05-30 07:00:00,35.3,38,170.0,18.2,0.0,15
2024-05-30 08:00:00,37.0,35,354.0,25.2,0.0,19
2024-05-30 09:00:00,39.3,29,549.0,24.0,0.0,0
2024-05-30 10:00:00,41.0,24,705.0,21.7,0.0,0
2024-05-30 11:00:00,43.3,17,818.0,18.9,0.0,0
2024-05-30 12:00:00,45.0,11,872.0,17.1,0.0,3
2024-05-30 13:00:00,45.3,9,815.0,16.9,0.0,5
2024-05-30 14:00:00,45.6,8,775.0,16.9,0.0,1
2024-05-30 15:00:00,45.8,7,644.0,16.3,0.0,1
2024-05-30 16:00:00,45.5,6,492.0,18.1,0.0,0
2024-05-30 17:00:00,44.3,7,298.0,19.2,0.0,0
2024-05-30 18:00:00,42.5,5,125.0,11.9,0.0,0
2024-05-30 19:00:00,40.6,5,16.0,11.8,0.0,0
2024-05-30 20:00:00,38.6,6,0.0,13.8,0.0,0
2024-05-30 21:00:00,35.4,9,0.0,13.0,0.0,0
2024-05-30 22:00:00,36.6,7,0.0,8.7,0.0,0
2024-05-30 23:00:00,38.5,6,0.0,5.2,0.0,0
2024-05-31 00:00:00,36.1,7,0.0,5.9,0.0,0
2024-05-31 01:00:00,35.7,7,0.0,3.4,0.0,0
2024-05-31 02:00:00,30.6,11,0.0,10.6,0.0,0
2024-05-31 03:00:00,34.3,8,0.0,4.6,0.0,0
2024-05-31 04:00:00,29.5,12,0.0,6.5,0.0,0
2024-05-31 05:00:00,28.5,13,0.0,7.8,0.0,0
2024-05-31 06:00:00,29.6,21,45.0,13.4,0.0,0
2024-05-31 07:00:00,32.3,19,184.0,13.7,0.0,1
2024-05-31 08:00:00,35.2,19,366.0,12.2,0.0,16
2024-05-31 09:00:00,37.8,18,548.0,15.2,0.0,0
2024-05-31 10:00:00,40.3,15,714.0,17.6,0.0,0
2024-05-31 11:00:00,42.5,12,828.0,17.9,0.0,0
2024-05-31 12:00:00,43.9,11,883.0,18.1,0.0,0
2024-05-31 13:00:00,45.2,8,817.0,18.4,0.0,34
2024-05-31 14:00:00,45.9,6,779.0,18.4,0.0,6
2024-05-31 15:00:00,45.6,6,653.0,19.5,0.0,59
2024-05-31 16:00:00,44.9,7,479.0,21.1,0.0,10
2024-05-31 17:00:00,43.4,8,285.0,25.5,0.0,3
2024-05-31 18:00:00,42.1,9,123.0,14.5,0.0,0
2024-05-31 19:00:00,39.2,11,16.0,11.5,0.0,0
2024-05-31 20:00:00,36.9,13,0.0,8.2,0.0,0
2024-05-31 21:00:00,34.8,15,0.0,9.0,0.0,0
2024-05-31 22:00:00,34.5,15,0.0,8.5,0.0,0
2024-05-31 23:00:00,33.4,15,0.0,9.2,0.0,0
2024-06-01 00:00:00,32.4,16,0.0,10.6,0.0,0
2024-06-01 01:00:00,32.8,14,0.0,10.5,0.0,0
2024-06-01 02:00:00,32.7,14,0.0,13.0,0.0,0
2024-06-01 03:00:00,32.2,16,0.0,16.6,0.0,0
2024-06-01 04:00:00,32.3,17,0.0,12.6,0.0,0
2024-06-01 05:00:00,31.3,20,0.0,9.7,0.0,0
2024-06-01 06:00:00,35.9,15,29.0,22.7,0.0,99
2024-06-01 07:00:00,37.6,18,109.0,26.4,0.0,96
2024-06-01 08:00:00,38.4,19,274.0,19.2,0.0,24
2024-06-01 09:00:00,40.2,19,485.0,16.3,0.0,1
2024-06-01 10:00:00,42.4,17,707.0,16.5,0.0,12
2024-06-01 11:00:00,43.4,12,674.0,18.2,0.0,75
2024-06-01 12:00:00,43.3,10,539.0,15.1,0.0,72
2024-06-01 13:00:00,43.6,10,528.0,11.8,0.0,91
2024-06-01 14:00:00,44.0,10,464.0,14.4,0.0,81
2024-06-01 15:00:00,43.2,11,427.0,20.5,0.0,100
2024-06-01 16:00:00,42.5,11,236.0,20.5,0.0,99
2024-06-01 17:00:00,40.5,14,90.0,18.9,0.0,92
2024-06-01 18:00:00,36.7,20,46.0,26.3,0.0,100
2024-06-01 19:00:00,36.1,22,4.0,18.4,0.0,100
2024-06-01 20:00:00,35.4,23,0.0,14.3,0.0,100
2024-06-01 21:00:00,34.0,28,0.0,5.4,0.0,100
2024-06-01 22:00:00,33.9,26,0.0,5.2,0.0,100
2024-06-01 23:00:00,33.5,26,0.0,12.0,0.0,100
2024-06-02 00:00:00,33.0,28,0.0,20.7,0.0,97
2024-06-02 01:00:00,32.5,32,0.0,13.4,0.0,100
2024-06-02 02:00:00,32.1,34,0.0,4.1,0.0,100
2024-06-02 03:00:00,31.6,33,0.0,9.8,0.0,100
2024-06-02 04:00:00,31.4,32,0.0,9.1,0.0,98
2024-06-02 05:00:00,30.5,36,0.0,6.5,0.0,73
2024-06-02 06:00:00,32.1,39,29.0,3.1,0.0,95
2024-06-02 07:00:00,33.0,38,92.0,7.6,0.0,36
2024-06-02 08:00:00,35.1,31,322.0,5.2,0.0,4
2024-06-02 09:00:00,37.1,27,533.0,10.1,0.0,2
2024-06-02 10:00:00,38.7,23,683.0,5.6,0.0,3
2024-06-02 11:00:00,40.0,22,790.0,3.1,0.0,13
2024-06-02 12:00:00,41.4,20,848.0,2.8,0.0,61
2024-06-02 13:00:00,40.8,20,579.0,14.4,0.0,63
2024-06-02 14:00:00,40.9,19,602.0,16.1,0.0,23
2024-06-02 15:00:00,41.3,17,620.0,17.1,0.0,11
2024-06-02 16:00:00,40.6,18,441.0,17.4,0.0,6
2024-06-02 17:00:00,40.1,19,272.0,13.8,0.0,2
2024-06-02 18:00:00,41.0,9,125.0,12.5,0.0,0
2024-06-02 19:00:00,39.2,10,17.0,10.7,0.0,2
2024-06-02 20:00:00,38.4,11,0.0,13.9,0.0,0
2024-06-02 21:00:00,35.1,20,0.0,16.6,0.0,0
2024-06-02 22:00:00,34.0,29,0.0,18.2,0.0,1
2024-06-02 23:00:00,33.2,32,0.0,15.5,0.0,1
2024-06-03 00:00:00,32.4,34,0.0,15.6,0.0,13
2024-06-03 01:00:00,31.9,36,0.0,15.7,0.0,0
2024-06-03 02:00:00,31.3,37,0.0,15.5,0.0,0
2024-06-03 03:00:00,30.7,39,0.0,15.1,0.0,0
2024-06-03 04:00:00,30.1,42,0.0,16.3,0.0,0
2024-06-03 05:00:00,29.6,44,0.0,15.6,0.0,0
2024-06-03 06:00:00,30.1,46,45.0,14.0,0.0,0
2024-06-03 07:00:00,32.0,43,177.0,14.1,0.0,0
2024-06-03 08:00:00,34.3,39,356.0,14.7,0.0,0
2024-06-03 09:00:00,36.8,34,537.0,14.9,0.0,0
2024-06-03 10:00:00,39.5,27,694.0,16.9,0.0,0
2024-06-03 11:00:00,41.7,19,806.0,17.5,0.0,10
2024-06-03 12:00:00,42.9,13,751.0,17.3,0.0,22
2024-06-03 13:00:00,43.7,12,793.0,15.3,0.0,5
2024-06-03 14:00:00,44.2,11,751.0,13.0,0.0,2
2024-06-03 15:00:00,44.4,11,645.0,14.5,0.0,3
2024-06-03 16:00:00,43.8,11,432.0,18.0,0.0,22
2024-06-03 17:00:00,42.9,11,282.0,20.2,0.0,7
2024-06-03 18:00:00,42.1,12,124.0,9.5,0.0,0
2024-06-03 19:00:00,37.1,16,17.0,8.6,0.0,67
2024-06-03 20:00:00,37.8,13,0.0,9.2,0.0,16
2024-06-03 21:00:00,36.7,13,0.0,13.1,0.0,2
2024-06-03 22:00:00,35.8,14,0.0,10.7,0.0,0
2024-06-03 23:00:00,33.9,17,0.0,8.0,0.0,0
2024-06-04 00:00:00,31.7,20,0.0,7.1,0.0,0
2024-06-04 01:00:00,31.3,20,0.0,7.2,0.0,0
2024-06-04 02:00:00,30.9,20,0.0,7.4,0.0,0
2024-06-04 03:00:00,31.0,20,0.0,11.1,0.0,0
2024-06-04 04:00:00,31.1,20,0.0,14.5,0.0,0
2024-06-04 05:00:00,31.2,23,0.0,16.9,0.0,0
2024-06-04 06:00:00,31.4,29,43.0,8.2,0.0,11
2024-06-04 07:00:00,33.9,27,168.0,8.2,0.0,3
2024-06-04 08:00:00,36.8,22,354.0,10.7,0.0,0
2024-06-04 09:00:00,39.2,19,533.0,6.6,0.0,0
2024-06-04 10:00:00,40.8,16,694.0,3.1,0.0,0
2024-06-04 11:00:00,42.1,14,808.0,7.3,0.0,30
2024-06-04 12:00:00,42.7,14,787.0,15.9,0.0,28
2024-06-04 13:00:00,42.8,15,692.0,19.0,0.0,21
2024-06-04 14:00:00,43.1,16,706.0,19.5,0.0,19
2024-06-04 15:00:00,42.9,16,541.0,20.7,0.0,17
2024-06-04 16:00:00,42.6,16,428.0,24.1,0.0,31
2024-06-04 17:00:00,41.8,16,222.0,17.6,0.0,6
2024-06-04 18:00:00,41.0,14,118.0,13.4,0.0,17
2024-06-04 19:00:00,38.5,16,17.0,8.4,0.0,3
2024-06-04 20:00:00,37.6,17,0.0,10.4,0.0,0
2024-06-04 21:00:00,34.7,20,0.0,8.8,0.0,0
2024-06-04 22:00:00,33.3,22,0.0,8.8,0.0,0
2024-06-04 23:00:00,33.2,21,0.0,9.0,0.0,0
2024-06-05 00:00:00,33.3,20,0.0,8.6,0.0,0
2024-06-05 01:00:00,32.0,22,0.0,7.2,0.0,0
2024-06-05 02:00:00,30.2,25,0.0,8.1,0.0,0
2024-06-05 03:00:00,30.9,23,0.0,11.4,0.0,0
2024-06-05 04:00:00,31.5,21,0.0,12.7,0.0,0
2024-06-05 05:00:00,31.6,22,0.0,12.9,0.0,0
2024-06-05 06:00:00,33.5,27,43.0,18.0,0.0,0
2024-06-05 07:00:00,35.4,27,173.0,14.4,0.0,0
2024-06-05 08:00:00,36.6,27,350.0,18.2,0.0,0
2024-06-05 09:00:00,38.4,28,528.0,21.7,0.0,0
2024-06-05 10:00:00,39.7,27,614.0,22.2,0.0,4
2024-06-05 11:00:00,41.7,21,793.0,22.2,0.0,68
2024-06-05 12:00:00,39.3,27,623.0,24.9,0.0,20
2024-06-05 13:00:00,40.7,22,740.0,24.5,0.0,76
2024-06-05 14:00:00,40.3,20,481.0,14.8,0.0,34
2024-06-05 15:00:00,40.5,21,596.0,23.0,0.0,31
2024-06-05 16:00:00,40.3,22,414.0,19.2,0.0,19
2024-06-05 17:00:00,39.6,23,259.0,14.9,0.0,8
2024-06-05 18:00:00,41.3,12,120.0,25.4,0.0,27
2024-06-05 19:00:00,40.6,14,17.0,23.1,0.0,19
2024-06-05 20:00:00,38.3,15,0.0,10.5,0.0,54
2024-06-05 21:00:00,35.6,29,0.0,10.4,0.0,45
2024-06-05 22:00:00,34.7,33,0.0,8.7,0.0,34
2024-06-05 23:00:00,33.9,34,0.0,9.7,0.0,13
2024-06-06 00:00:00,33.6,34,0.0,10.5,0.0,2
2024-06-06 01:00:00,32.4,36,0.0,6.8,0.0,0
2024-06-06 02:00:00,32.4,32,0.0,8.4,0.0,0
2024-06-06 03:00:00,32.4,27,0.0,9.1,0.0,0
2024-06-06 04:00:00,31.6,27,0.0,10.4,0.0,0
2024-06-06 05:00:00,30.7,28,0.0,12.3,0.0,0
2024-06-06 06:00:00,28.2,51,39.0,12.0,0.0,10
2024-06-06 07:00:00,30.2,46,167.0,13.8,0.0,5
2024-06-06 08:00:00,32.0,40,338.0,11.7,0.0,2
2024-06-06 09:00:00,34.4,33,528.0,17.8,0.0,1
2024-06-06 10:00:00,35.8,27,681.0,10.7,0.0,0
2024-06-06 11:00:00,37.4,24,799.0,10.4,0.0,0
2024-06-06 12:00:00,38.3,24,848.0,10.5,0.0,0
2024-06-06 13:00:00,39.4,22,839.0,12.3,0.0,0
2024-06-06 14:00:00,40.5,20,774.0,12.7,0.0,12
2024-06-06 15:00:00,40.8,19,603.0,14.0,0.0,26
2024-06-06 16:00:00,40.6,19,433.0,17.2,0.0,22
2024-06-06 17:00:00,39.8,20,272.0,20.0,0.0,11
2024-06-06 18:00:00,38.3,16,126.0,15.7,0.0,1
2024-06-06 19:00:00,36.5,20,19.0,15.8,0.0,0
2024-06-06 20:00:00,35.1,24,0.0,15.4,0.0,0
2024-06-06 21:00:00,34.2,28,0.0,11.3,0.0,0
2024-06-06 22:00:00,33.1,31,0.0,8.1,0.0,0
2024-06-06 23:00:00,32.5,33,0.0,9.1,0.0,0
2024-06-07 00:00:00,31.7,35,0.0,8.0,0.0,0
2024-06-07 01:00:00,30.6,38,0.0,6.5,0.0,0
2024-06-07 02:00:00,30.2,39,0.0,7.2,0.0,0
2024-06-07 03:00:00,29.6,40,0.0,7.5,0.0,0
2024-06-07 04:00:00,29.2,41,0.0,8.3,0.0,0
2024-06-07 05:00:00,28.9,41,0.0,9.5,0.0,17
2024-06-07 06:00:00,30.6,46,40.0,11.1,0.0,5
2024-06-07 07:00:00,32.2,42,167.0,13.1,0.0,0
2024-06-07 08:00:00,34.0,38,349.0,13.9,0.0,0
2024-06-07 09:00:00,36.0,33,533.0,14.3,0.0,0
2024-06-07 10:00:00,37.9,27,690.0,16.3,0.0,0
2024-06-07 11:00:00,39.4,23,801.0,18.8,0.0,0
2024-06-07 12:00:00,40.7,21,852.0,20.0,0.0,8
2024-06-07 13:00:00,41.7,18,840.0,21.1,0.0,1
2024-06-07 14:00:00,42.2,17,766.0,21.4,0.0,21
2024-06-07 15:00:00,42.2,16,599.0,22.1,0.0,83
2024-06-07 16:00:00,41.5,16,374.0,21.3,0.0,30
2024-06-07 17:00:00,40.9,16,274.0,22.4,0.0,3
2024-06-07 18:00:00,35.9,29,100.0,21.8,0.0,5
2024-06-07 19:00:00,35.1,29,18.0,15.6,0.0,1
2024-06-07 20:00:00,34.6,28,0.0,18.0,0.0,1
2024-06-07 21:00:00,34.0,29,0.0,15.6,0.0,0
2024-06-07 22:00:00,33.4,30,0.0,13.6,0.0,0
2024-06-07 23:00:00,32.4,31,0.0,13.2,0.0,2
2024-06-08 00:00:00,31.7,32,0.0,12.1,0.0,0
2024-06-08 01:00:00,30.9,34,0.0,10.8,0.0,0
2024-06-08 02:00:00,30.2,35,0.0,11.2,0.0,0
2024-06-08 03:00:00,29.7,36,0.0,10.7,0.0,0
2024-06-08 04:00:00,29.1,37,0.0,9.6,0.0,2
2024-06-08 05:00:00,28.3,39,0.0,8.2,0.0,41
2024-06-08 06:00:00,29.6,42,42.0,11.2,0.0,10
2024-06-08 07:00:00,31.5,38,171.0,11.3,0.0,0
2024-06-08 08:00:00,34.2,33,352.0,15.6,0.0,0
2024-06-08 09:00:00,36.7,27,536.0,21.4,0.0,17
2024-06-08 10:00:00,38.7,20,693.0,24.1,0.0,3
2024-06-08 11:00:00,40.1,17,828.0,25.5,0.0,100
2024-06-08 12:00:00,39.4,18,635.0,25.6,0.0,23
2024-06-08 13:00:00,40.0,18,840.0,24.7,0.0,72
2024-06-08 14:00:00,40.2,18,757.0,24.2,0.0,76
2024-06-08 15:00:00,39.5,18,512.0,22.2,0.0,2
2024-06-08 16:00:00,39.6,18,471.0,19.3,0.0,5
2024-06-08 17:00:00,39.1,18,280.0,16.4,0.0,5
2024-06-08 18:00:00,38.1,21,120.0,12.6,0.0,0
2024-06-08 19:00:00,35.8,24,19.0,10.9,0.0,0
2024-06-08 20:00:00,34.2,26,0.0,8.0,0.0,0
2024-06-08 21:00:00,33.3,27,0.0,13.1,0.0,0
2024-06-08 22:00:00,32.5,30,0.0,11.3,0.0,0
2024-06-08 23:00:00,31.6,32,0.0,10.2,0.0,0
2024-06-09 00:00:00,30.8,34,0.0,9.7,0.0,0
2024-06-09 01:00:00,30.1,35,0.0,9.3,0.0,0
2024-06-09 02:00:00,29.7,36,0.0,10.5,0.0,0
2024-06-09 03:00:00,29.6,35,0.0,11.8,0.0,0
2024-06-09 04:00:00,29.0,36,0.0,11.1,0.0,0
2024-06-09 05:00:00,28.3,38,0.0,9.7,0.0,0
2024-06-09 06:00:00,29.0,41,44.0,13.0,0.0,0
2024-06-09 07:00:00,31.0,37,177.0,12.2,0.0,0
2024-06-09 08:00:00,33.6,31,357.0,14.0,0.0,0
2024-06-09 09:00:00,36.0,26,542.0,17.6,0.0,0
2024-06-09 10:00:00,37.9,21,702.0,19.4,0.0,0
2024-06-09 11:00:00,39.5,18,816.0,18.3,0.0,0
2024-06-09 12:00:00,40.9,15,870.0,18.2,0.0,0
2024-06-09 13:00:00,41.8,13,856.0,18.7,0.0,10
2024-06-09 14:00:00,42.2,12,757.0,19.2,0.0,3
2024-06-09 15:00:00,42.2,11,649.0,19.5,0.0,2
2024-06-09 16:00:00,41.7,11,484.0,19.8,0.0,1
2024-06-09 17:00:00,41.0,11,297.0,17.8,0.0,1
2024-06-09 18:00:00,39.4,9,131.0,11.4,0.0,0
2024-06-09 19:00:00,36.2,12,20.0,8.5,0.0,0
2024-06-09 20:00:00,34.9,13,0.0,8.4,0.0,0
2024-06-09 21:00:00,33.1,15,0.0,7.2,0.0,0
2024-06-09 22:00:00,31.9,17,0.0,7.9,0.0,0
2024-06-09 23:00:00,31.7,17,0.0,7.9,0.0,0
2024-06-10 00:00:00,31.3,17,0.0,10.2,0.0,0
2024-06-10 01:00:00,30.5,18,0.0,9.4,0.0,0
2024-06-10 02:00:00,29.8,20,0.0,8.0,0.0,0
2024-06-10 03:00:00,29.3,21,0.0,7.8,0.0,0
2024-06-10 04:00:00,28.7,23,0.0,7.4,0.0,0
2024-06-10 05:00:00,27.9,25,0.0,6.9,0.0,0
2024-06-10 06:00:00,29.2,29,44.0,9.1,0.0,1
2024-06-10 07:00:00,31.1,27,178.0,11.6,0.0,0
2024-06-10 08:00:00,33.8,24,355.0,10.1,0.0,1
2024-06-10 09:00:00,36.5,21,540.0,10.3,0.0,0
2024-06-10 10:00:00,38.8,18,691.0,11.6,0.0,2
2024-06-10 11:00:00,40.5,15,796.0,14.2,0.0,7
2024-06-10 12:00:00,41.8,13,843.0,16.0,0.0,0
2024-06-10 13:00:00,42.7,13,849.0,18.7,0.0,0
2024-06-10 14:00:00,43.0,13,777.0,21.1,0.0,2
2024-06-10 15:00:00,42.7,13,646.0,22.2,0.0,8
2024-06-10 16:00:00,42.2,13,472.0,21.7,0.0,4
2024-06-10 17:00:00,41.5,14,284.0,20.2,0.0,14
2024-06-10 18:00:00,40.4,14,111.0,18.2,0.0,12
2024-06-10 19:00:00,38.5,15,19.0,16.4,0.0,9
2024-06-10 20:00:00,37.0,16,0.0,13.1,0.0,47
2024-06-10 21:00:00,36.2,17,0.0,12.6,0.0,52
2024-06-10 22:00:00,35.5,18,0.0,13.4,0.0,77
2024-06-10 23:00:00,34.6,19,0.0,13.1,0.0,72
2024-06-11 00:00:00,33.7,19,0.0,10.3,0.0,2
2024-06-11 01:00:00,32.3,20,0.0,8.1,0.0,9
2024-06-11 02:00:00,31.5,21,0.0,8.0,0.0,0
2024-06-11 03:00:00,30.4,23,0.0,8.6,0.0,0
2024-06-11 04:00:00,29.4,25,0.0,6.8,0.0,0
2024-06-11 05:00:00,28.9,27,0.0,8.3,0.0,0
2024-06-11 06:00:00,29.9,33,43.0,10.4,0.0,1
2024-06-11 07:00:00,32.0,30,171.0,9.4,0.0,4
2024-06-11 08:00:00,34.7,26,334.0,11.2,0.0,0
2024-06-11 09:00:00,37.3,22,531.0,10.5,0.0,20
2024-06-11 10:00:00,39.2,20,677.0,10.7,0.0,39
2024-06-11 11:00:00,40.8,17,782.0,11.8,0.0,37
2024-06-11 12:00:00,42.1,15,844.0,13.0,0.0,20
2024-06-11 13:00:00,43.0,13,817.0,16.5,0.0,44
2024-06-11 14:00:00,43.2,12,719.0,17.9,0.0,41
2024-06-11 15:00:00,43.1,12,627.0,20.0,0.0,15
2024-06-11 16:00:00,42.6,11,480.0,19.5,0.0,3
2024-06-11 17:00:00,41.8,11,300.0,18.7,0.0,1
2024-06-11 18:00:00,40.5,13,123.0,10.4,0.0,15
2024-06-11 19:00:00,37.5,15,19.0,7.5,0.0,2
2024-06-11 20:00:00,36.5,16,0.0,8.8,0.0,0
2024-06-11 21:00:00,34.6,17,0.0,7.7,0.0,0
2024-06-11 22:00:00,34.1,18,0.0,8.3,0.0,0
2024-06-11 23:00:00,32.4,20,0.0,8.4,0.0,0
2024-06-12 00:00:00,31.6,21,0.0,8.1,0.0,0
2024-06-12 01:00:00,30.7,23,0.0,7.2,0.0,0
2024-06-12 02:00:00,30.3,23,0.0,6.1,0.0,0
2024-06-12 03:00:00,29.7,24,0.0,7.7,0.0,0
2024-06-12 04:00:00,29.1,25,0.0,7.7,0.0,0
2024-06-12 05:00:00,28.8,26,0.0,7.2,0.0,0
2024-06-12 06:00:00,30.7,29,43.0,11.5,0.0,0
2024-06-12 07:00:00,32.8,26,174.0,11.3,0.0,0
2024-06-12 08:00:00,36.0,22,353.0,13.7,0.0,0
2024-06-12 09:00:00,38.8,18,538.0,15.4,0.0,0
2024-06-12 10:00:00,40.6,16,699.0,16.2,0.0,0
2024-06-12 11:00:00,42.0,14,812.0,15.9,0.0,0
2024-06-12 12:00:00,43.2,12,867.0,16.0,0.0,0
2024-06-12 13:00:00,43.9,11,858.0,17.1,0.0,2
2024-06-12 14:00:00,44.1,10,779.0,16.4,0.0,7
2024-06-12 15:00:00,44.1,10,647.0,18.2,0.0,3
2024-06-12 16:00:00,44.0,10,483.0,16.7,0.0,1
2024-06-12 17:00:00,43.4,10,299.0,16.3,0.0,0
2024-06-12 18:00:00,41.0,13,130.0,5.6,0.0,2
2024-06-12 19:00:00,37.4,16,21.0,8.0,0.0,0
2024-06-12 20:00:00,36.9,15,0.0,8.8,0.0,1
2024-06-12 21:00:00,36.6,15,0.0,13.2,0.0,0
2024-06-12 22:00:00,36.0,15,0.0,12.8,0.0,0
2024-06-12 23:00:00,35.1,16,0.0,8.2,0.0,0
2024-06-13 00:00:00,33.4,18,0.0,12.2,0.0,0
2024-06-13 01:00:00,32.6,19,0.0,11.2,0.0,0
2024-06-13 02:00:00,31.6,21,0.0,10.9,0.0,0
2024-06-13 03:00:00,30.9,21,0.0,11.9,0.0,0
2024-06-13 04:00:00,30.5,21,0.0,13.7,0.0,0
2024-06-13 05:00:00,29.6,23,0.0,9.9,0.0,0
2024-06-13 06:00:00,32.6,38,43.0,16.7,0.0,0
2024-06-13 07:00:00,34.4,36,173.0,20.2,0.0,1
2024-06-13 08:00:00,36.3,31,346.0,26.6,0.0,1
2024-06-13 09:00:00,38.4,27,529.0,28.1,0.0,2
2024-06-13 10:00:00,40.3,22,687.0,26.1,0.0,0
2024-06-13 11:00:00,42.2,18,801.0,24.8,0.0,18
2024-06-13 12:00:00,43.8,15,851.0,22.3,0.0,2
2024-06-13 13:00:00,44.7,11,836.0,21.8,0.0,14
2024-06-13 14:00:00,44.9,11,740.0,20.7,0.0,10
2024-06-13 15:00:00,44.7,11,637.0,22.0,0.0,3
2024-06-13 16:00:00,44.0,11,485.0,23.4,0.0,1
2024-06-13 17:00:00,43.2,12,299.0,23.3,0.0,2
2024-06-13 18:00:00,41.4,13,127.0,13.7,0.0,30
2024-06-13 19:00:00,38.9,16,20.0,11.9,0.0,1
2024-06-13 20:00:00,37.7,17,0.0,14.6,0.0,0
2024-06-13 21:00:00,36.6,21,0.0,16.2,0.0,5
2024-06-13 22:00:00,35.7,24,0.0,15.1,0.0,1
2024-06-13 23:00:00,35.2,24,0.0,17.3,0.0,3
2024-06-14 00:00:00,35.0,26,0.0,18.1,0.0,4
2024-06-14 01:00:00,34.6,27,0.0,18.0,0.0,0
2024-06-14 02:00:00,34.1,27,0.0,20.8,0.0,0
2024-06-14 03:00:00,34.2,26,0.0,22.8,0.0,0
2024-06-14 04:00:00,33.6,27,0.0,22.0,0.0,0
2024-06-14 05:00:00,32.8,29,0.0,20.2,0.0,0
2024-06-14 06:00:00,33.7,30,40.0,20.7,0.0,4
2024-06-14 07:00:00,35.0,30,166.0,22.7,0.0,3
2024-06-14 08:00:00,36.6,31,338.0,26.7,0.0,0
2024-06-14 09:00:00,38.1,32,521.0,31.5,0.0,13
2024-06-14 10:00:00,39.7,29,680.0,31.4,0.0,36
2024-06-14 11:00:00,40.6,27,647.0,30.1,0.0,32
2024-06-14 12:00:00,42.0,24,782.0,29.7,0.0,3
2024-06-14 13:00:00,43.1,20,793.0,24.6,0.0,39
2024-06-14 14:00:00,43.3,18,597.0,19.3,0.0,39
2024-06-14 15:00:00,43.4,17,505.0,19.4,0.0,21
2024-06-14 16:00:00,43.2,17,449.0,22.0,0.0,29
2024-06-14 17:00:00,42.0,19,237.0,25.4,0.0,25
2024-06-14 18:00:00,37.4,32,105.0,21.1,0.0,98
2024-06-14 19:00:00,36.5,34,14.0,16.5,0.0,57
2024-06-14 20:00:00,36.0,35,0.0,20.2,0.0,89
2024-06-14 21:00:00,35.7,35,0.0,16.4,0.0,0
2024-06-14 22:00:00,35.0,35,0.0,16.9,0.0,0
2024-06-14 23:00:00,34.4,35,0.0,18.0,0.0,0
2024-06-15 00:00:00,33.8,36,0.0,17.8,0.0,0
2024-06-15 01:00:00,33.6,35,0.0,18.4,0.0,0
2024-06-15 02:00:00,33.5,34,0.0,17.3,0.0,0
2024-06-15 03:00:00,33.1,33,0.0,19.1,0.0,0
2024-06-15 04:00:00,32.8,32,0.0,20.2,0.0,0
2024-06-15 05:00:00,32.2,34,0.0,19.4,0.0,0
2024-06-15 06:00:00,32.8,39,42.0,20.2,0.0,0
2024-06-15 07:00:00,34.1,37,169.0,21.7,0.0,0
2024-06-15 08:00:00,35.8,34,344.0,24.4,0.0,0
2024-06-15 09:00:00,37.7,31,524.0,27.1,0.0,0
2024-06-15 10:00:00,39.5,28,679.0,28.3,0.0,0
2024-06-15 11:00:00,41.0,25,790.0,27.4,0.0,0
2024-06-15 12:00:00,42.4,21,855.0,25.3,0.0,7
2024-06-15 13:00:00,43.0,18,738.0,23.5,0.0,8
2024-06-15 14:00:00,43.3,17,671.0,21.3,0.0,17
2024-06-15 15:00:00,43.3,17,558.0,20.3,0.0,10
2024-06-15 16:00:00,43.2,16,434.0,19.6,0.0,8
2024-06-15 17:00:00,42.7,17,282.0,20.5,0.0,6
2024-06-15 18:00:00,41.4,18,128.0,17.4,0.0,4
2024-06-15 19:00:00,39.5,20,21.0,12.9,0.0,2
2024-06-15 20:00:00,38.1,23,0.0,11.9,0.0,0
2024-06-15 21:00:00,37.1,25,0.0,11.2,0.0,2
2024-06-15 22:00:00,36.2,26,0.0,10.4,0.0,0
2024-06-15 23:00:00,35.3,28,0.0,10.7,0.0,0
2024-06-16 00:00:00,34.7,30,0.0,11.0,0.0,0
2024-06-16 01:00:00,33.6,32,0.0,12.9,0.0,0
2024-06-16 02:00:00,33.4,31,0.0,15.9,0.0,0
2024-06-16 03:00:00,33.2,32,0.0,15.9,0.0,0
2024-06-16 04:00:00,32.8,32,0.0,16.2,0.0,0
2024-06-16 05:00:00,32.8,30,0.0,16.9,0.0,0
2024-06-16 06:00:00,33.3,36,42.0,14.9,0.0,0
2024-06-16 07:00:00,35.1,33,167.0,17.3,0.0,0
2024-06-16 08:00:00,37.1,32,341.0,21.9,0.0,0
2024-06-16 09:00:00,38.9,30,521.0,24.3,0.0,0
2024-06-16 10:00:00,40.5,28,676.0,25.1,0.0,0
2024-06-16 11:00:00,42.0,25,787.0,24.0,0.0,11
2024-06-16 12:00:00,43.1,20,799.0,23.0,0.0,11
2024-06-16 13:00:00,43.7,18,761.0,23.0,0.0,14
2024-06-16 14:00:00,44.0,17,712.0,22.1,0.0,15
2024-06-16 15:00:00,44.1,17,626.0,23.3,0.0,19
2024-06-16 16:00:00,43.6,17,448.0,23.2,0.0,12
2024-06-16 17:00:00,43.0,17,281.0,23.2,0.0,6
2024-06-16 18:00:00,42.3,17,129.0,19.1,0.0,1
2024-06-16 19:00:00,40.5,19,21.0,14.5,0.0,1
2024-06-16 20:00:00,39.2,20,0.0,13.3,0.0,1
2024-06-16 21:00:00,37.8,22,0.0,10.0,0.0,1
2024-06-16 22:00:00,36.4,24,0.0,10.6,0.0,1
2024-06-16 23:00:00,36.0,25,0.0,10.9,0.0,0
2024-06-17 00:00:00,35.4,26,0.0,11.5,0.0,0
2024-06-17 01:00:00,34.9,27,0.0,11.9,0.0,1
2024-06-17 02:00:00,34.6,27,0.0,13.7,0.0,0
2024-06-17 03:00:00,34.6,29,0.0,16.9,0.0,0
2024-06-17 04:00:00,34.2,31,0.0,17.1,0.0,0
2024-06-17 05:00:00,33.7,34,0.0,17.8,0.0,0
2024-06-17 06:00:00,34.3,36,41.0,19.1,0.0,1
2024-06-17 07:00:00,36.0,34,168.0,19.9,0.0,0
2024-06-17 08:00:00,37.8,31,341.0,23.9,0.0,0
2024-06-17 09:00:00,39.2,28,521.0,25.5,0.0,0
2024-06-17 10:00:00,40.9,26,676.0,26.4,0.0,0
2024-06-17 11:00:00,42.2,24,786.0,26.1,0.0,0
2024-06-17 12:00:00,43.4,22,807.0,26.1,0.0,23
2024-06-17 13:00:00,43.6,21,711.0,26.5,0.0,13
2024-06-17 14:00:00,44.0,20,693.0,26.8,0.0,14
2024-06-17 15:00:00,43.9,20,605.0,26.6,0.0,13
2024-06-17 16:00:00,43.6,20,452.0,26.1,0.0,24
2024-06-17 17:00:00,43.1,20,281.0,24.6,0.0,12
2024-06-17 18:00:00,43.1,16,116.0,20.0,0.0,27
2024-06-17 19:00:00,41.3,18,20.0,15.5,0.0,10
2024-06-17 20:00:00,39.4,20,0.0,10.1,0.0,11
2024-06-17 21:00:00,38.0,22,0.0,9.4,0.0,27
2024-06-17 22:00:00,37.2,23,0.0,10.9,0.0,24
2024-06-17 23:00:00,36.5,23,0.0,10.9,0.0,17
2024-06-18 00:00:00,35.9,24,0.0,11.6,0.0,1
2024-06-18 01:00:00,35.2,25,0.0,12.4,0.0,1
2024-06-18 02:00:00,35.1,26,0.0,13.7,0.0,1
2024-06-18 03:00:00,34.9,28,0.0,15.9,0.0,0
2024-06-18 04:00:00,34.6,31,0.0,17.7,0.0,0
2024-06-18 05:00:00,34.5,32,0.0,19.8,0.0,0
2024-06-18 06:00:00,35.1,34,40.0,16.6,0.0,0
2024-06-18 07:00:00,36.7,33,163.0,20.8,0.0,3
2024-06-18 08:00:00,38.0,35,335.0,26.9,0.0,0
2024-06-18 09:00:00,39.4,33,517.0,30.9,0.0,0
2024-06-18 10:00:00,40.8,30,673.0,30.3,0.0,0
2024-06-18 11:00:00,42.1,27,780.0,28.2,0.0,2
2024-06-18 12:00:00,42.8,26,816.0,27.9,0.0,6
2024-06-18 13:00:00,43.5,24,803.0,26.2,0.0,9
2024-06-18 14:00:00,44.2,20,723.0,25.0,0.0,28
2024-06-18 15:00:00,44.0,20,540.0,24.2,0.0,19
2024-06-18 16:00:00,43.8,19,418.0,24.7,0.0,29
2024-06-18 17:00:00,43.1,19,259.0,25.3,0.0,25
2024-06-18 18:00:00,42.2,11,137.0,18.2,0.0,0
2024-06-18 19:00:00,39.8,14,23.0,12.7,0.0,10
2024-06-18 20:00:00,38.2,16,0.0,10.9,0.0,2
2024-06-18 21:00:00,37.1,18,0.0,11.2,0.0,1
2024-06-18 22:00:00,36.7,21,0.0,14.2,0.0,0
2024-06-18 23:00:00,36.4,23,0.0,15.9,0.0,0
2024-06-19 00:00:00,36.0,26,0.0,16.6,0.0,0
2024-06-19 01:00:00,35.6,30,0.0,14.3,0.0,0
2024-06-19 02:00:00,35.3,33,0.0,17.0,0.0,0
2024-06-19 03:00:00,35.3,37,0.0,21.9,0.0,0
2024-06-19 04:00:00,34.8,41,0.0,22.9,0.0,0
2024-06-19 05:00:00,34.4,44,0.0,23.4,0.0,0
2024-06-19 06:00:00,33.7,48,40.0,18.6,0.1,33
2024-06-19 07:00:00,33.8,49,135.0,20.0,0.0,16
2024-06-19 08:00:00,37.0,39,328.0,25.3,0.0,6
2024-06-19 09:00:00,36.6,40,470.0,32.1,0.0,53
2024-06-19 10:00:00,38.0,37,518.0,28.5,0.0,25
2024-06-19 11:00:00,39.8,34,696.0,27.1,0.2,22
2024-06-19 12:00:00,40.5,32,701.0,26.9,0.0,25
2024-06-19 13:00:00,39.6,32,469.0,23.2,0.5,56
2024-06-19 14:00:00,41.3,29,646.0,14.4,0.0,24
2024-06-19 15:00:00,41.3,28,555.0,21.3,0.0,37
2024-06-19 16:00:00,41.1,28,325.0,16.6,0.0,51
2024-06-19 17:00:00,40.4,27,253.0,17.8,0.0,23
2024-06-19 18:00:00,37.3,30,102.0,21.0,0.0,82
2024-06-19 19:00:00,37.8,27,12.0,4.3,0.0,100
2024-06-19 20:00:00,35.7,37,0.0,15.3,0.0,85
2024-06-19 21:00:00,35.3,37,0.0,9.8,0.0,16
2024-06-19 22:00:00,34.7,37,0.0,6.2,0.0,38
2024-06-19 23:00:00,34.1,37,0.0,4.6,0.0,0
2024-06-20 00:00:00,33.4,39,0.0,7.4,0.0,3
2024-06-20 01:00:00,33.6,36,0.0,4.2,0.0,10
2024-06-20 02:00:00,33.1,37,0.0,7.4,0.0,4
2024-06-20 03:00:00,33.5,35,0.0,11.7,0.0,2
2024-06-20 04:00:00,33.8,35,0.0,13.6,0.0,0
2024-06-20 05:00:00,33.5,38,0.0,14.5,0.0,0
2024-06-20 06:00:00,25.6,77,37.0,13.3,1.4,93
2024-06-20 07:00:00,25.5,89,24.0,11.0,3.2,98
2024-06-20 08:00:00,27.8,74,176.0,10.0,0.3,100
2024-06-20 09:00:00,29.2,66,237.0,12.7,0.0,80
2024-06-20 10:00:00,31.7,55,469.0,11.0,0.0,49
2024-06-20 11:00:00,33.9,48,618.0,8.7,0.0,34
2024-06-20 12:00:00,36.1,41,696.0,5.5,0.0,38
2024-06-20 13:00:00,37.7,37,727.0,6.4,0.0,14
2024-06-20 14:00:00,38.6,34,715.0,6.1,0.0,7
2024-06-20 15:00:00,39.3,33,616.0,5.4,0.0,10
2024-06-20 16:00:00,39.0,32,447.0,4.8,0.0,21
2024-06-20 17:00:00,38.9,31,274.0,5.6,0.0,27
2024-06-20 18:00:00,36.8,37,128.0,5.0,0.0,1
2024-06-20 19:00:00,36.1,38,22.0,7.0,0.0,53
2024-06-20 20:00:00,35.7,38,0.0,9.9,0.0,99
2024-06-20 21:00:00,35.3,39,0.0,8.7,0.0,83
2024-06-20 22:00:00,34.5,41,0.0,3.9,0.0,0
2024-06-20 23:00:00,34.1,44,0.0,3.3,0.0,7
2024-06-21 00:00:00,33.1,46,0.0,4.7,0.0,12
2024-06-21 01:00:00,32.4,49,0.0,3.7,0.0,3
2024-06-21 02:00:00,32.0,49,0.0,4.9,0.0,3
2024-06-21 03:00:00,31.5,56,0.0,9.5,0.0,13
2024-06-21 04:00:00,26.6,75,0.0,28.2,1.8,86
2024-06-21 05:00:00,25.4,79,0.0,18.7,0.2,12
2024-06-21 06:00:00,26.3,77,18.0,15.7,0.1,98
2024-06-21 07:00:00,28.0,69,116.0,6.0,0.0,56
2024-06-21 08:00:00,30.0,61,298.0,11.4,0.0,11
2024-06-21 09:00:00,32.1,53,464.0,10.8,0.0,10
2024-06-21 10:00:00,33.8,47,607.0,8.5,0.0,100
2024-06-21 11:00:00,33.9,46,393.0,8.2,0.0,99
2024-06-21 12:00:00,35.0,44,464.0,6.5,0.0,31
2024-06-21 13:00:00,37.0,39,763.0,7.3,0.0,6
2024-06-21 14:00:00,38.0,37,731.0,9.5,0.0,4
2024-06-21 15:00:00,38.1,36,622.0,9.4,0.0,3
2024-06-21 16:00:00,38.3,35,467.0,10.4,0.0,6
2024-06-21 17:00:00,37.8,35,280.0,13.2,0.0,7
2024-06-21 18:00:00,32.9,53,120.0,9.8,0.0,0
2024-06-21 19:00:00,32.3,55,22.0,7.3,0.0,11
2024-06-21 20:00:00,32.0,56,0.0,7.0,0.0,1
2024-06-21 21:00:00,31.8,56,0.0,7.6,0.0,3
2024-06-21 22:00:00,31.5,57,0.0,6.6,0.0,84
2024-06-21 23:00:00,31.3,57,0.0,6.4,0.0,99
2024-06-22 00:00:00,31.1,58,0.0,7.2,0.0,99
2024-06-22 01:00:00,30.8,59,0.0,6.5,0.0,100
2024-06-22 02:00:00,30.6,60,0.0,4.5,0.0,100
2024-06-22 03:00:00,30.3,62,0.0,4.0,0.0,100
2024-06-22 04:00:00,30.2,63,0.0,3.1,0.0,100
2024-06-22 05:00:00,30.1,63,0.0,3.6,0.0,100
2024-06-22 06:00:00,29.9,65,37.0,8.6,0.0,4
2024-06-22 07:00:00,31.0,60,155.0,10.4,0.0,11
2024-06-22 08:00:00,32.4,56,293.0,10.7,0.0,21
2024-06-22 09:00:00,33.5,53,386.0,9.7,0.0,14
2024-06-22 10:00:00,35.4,47,650.0,8.1,0.0,31
2024-06-22 11:00:00,36.8,41,738.0,6.1,0.0,41
2024-06-22 12:00:00,37.4,38,604.0,4.8,0.0,100
2024-06-22 13:00:00,36.7,38,212.0,5.7,0.0,100
2024-06-22 14:00:00,37.4,36,331.0,5.6,0.0,27
2024-06-22 15:00:00,38.4,34,483.0,6.5,0.0,9
2024-06-22 16:00:00,38.5,33,457.0,8.8,0.0,19
2024-06-22 17:00:00,37.8,34,259.0,10.1,0.0,72
2024-06-22 18:00:00,34.8,46,82.0,12.3,0.0,9
2024-06-22 19:00:00,34.0,49,21.0,10.7,0.0,31
2024-06-22 20:00:00,33.4,52,0.0,10.1,0.0,1
2024-06-22 21:00:00,33.0,54,0.0,7.2,0.0,2
2024-06-22 22:00:00,32.7,56,0.0,7.2,0.0,3
2024-06-22 23:00:00,32.3,57,0.0,8.0,0.0,3
2024-06-23 00:00:00,32.0,59,0.0,9.7,0.0,3
2024-06-23 01:00:00,31.7,60,0.0,10.3,0.0,4
2024-06-23 02:00:00,31.3,61,0.0,9.2,0.0,5
2024-06-23 03:00:00,30.9,63,0.0,7.6,0.0,1
2024-06-23 04:00:00,30.5,64,0.0,5.8,0.0,0
2024-06-23 05:00:00,30.2,65,0.0,7.3,0.0,0
2024-06-23 06:00:00,30.5,65,38.0,6.8,0.0,16
2024-06-23 07:00:00,31.9,63,153.0,14.4,0.0,32
2024-06-23 08:00:00,32.8,61,293.0,15.5,0.0,5
2024-06-23 09:00:00,34.1,56,489.0,14.0,0.0,28
2024-06-23 10:00:00,35.4,52,583.0,12.9,0.0,20
2024-06-23 11:00:00,36.8,46,709.0,11.5,0.0,7
2024-06-23 12:00:00,38.1,43,810.0,11.9,0.0,21
2024-06-23 13:00:00,38.9,39,774.0,10.8,0.0,26
2024-06-23 14:00:00,39.4,37,700.0,10.9,0.0,23
2024-06-23 15:00:00,39.5,35,559.0,9.4,0.0,26
2024-06-23 16:00:00,37.3,37,354.0,9.2,0.2,68
2024-06-23 17:00:00,37.4,38,232.0,9.0,0.1,43
2024-06-23 18:00:00,36.9,40,127.0,7.6,0.0,13
2024-06-23 19:00:00,36.1,42,21.0,7.0,0.0,41
2024-06-23 20:00:00,35.5,45,0.0,8.7,0.0,71
2024-06-23 21:00:00,34.7,48,0.0,10.9,0.0,96
2024-06-23 22:00:00,34.0,50,0.0,12.0,0.0,100
2024-06-23 23:00:00,33.3,54,0.0,13.2,0.0,33
2024-06-24 00:00:00,32.8,56,0.0,12.4,0.0,44
2024-06-24 01:00:00,32.4,58,0.0,10.3,0.0,9
2024-06-24 02:00:00,31.9,60,0.0,7.7,0.0,15
2024-06-24 03:00:00,31.5,61,0.0,5.9,0.0,20
2024-06-24 04:00:00,31.3,62,0.0,5.1,0.0,0
2024-06-24 05:00:00,31.0,63,0.0,5.5,0.0,8
2024-06-24 06:00:00,32.3,62,21.0,2.6,0.0,37
2024-06-24 07:00:00,33.6,58,147.0,3.3,0.0,71
2024-06-24 08:00:00,34.5,54,270.0,9.1,0.0,20
2024-06-24 09:00:00,32.8,61,382.0,6.6,1.7,98
2024-06-24 10:00:00,33.8,57,323.0,6.6,0.0,60
2024-06-24 11:00:00,35.3,52,526.0,7.2,0.0,77
2024-06-24 12:00:00,37.3,45,749.0,7.0,0.0,13
2024-06-24 13:00:00,38.5,40,796.0,5.5,0.0,29
2024-06-24 14:00:00,39.3,37,716.0,5.0,0.0,33
2024-06-24 15:00:00,39.5,35,601.0,4.9,0.0,20
2024-06-24 16:00:00,39.4,35,447.0,7.8,0.0,36
2024-06-24 17:00:00,38.3,36,277.0,13.8,0.0,59
2024-06-24 18:00:00,33.5,54,106.0,15.1,0.0,28
2024-06-24 19:00:00,33.0,56,22.0,13.1,0.0,31
2024-06-24 20:00:00,32.5,59,0.0,13.0,0.0,20
2024-06-24 21:00:00,32.1,60,0.0,9.4,0.0,73
2024-06-24 22:00:00,31.8,62,0.0,7.0,0.0,90
2024-06-24 23:00:00,31.5,63,0.0,7.4,0.0,25
2024-06-25 00:00:00,31.2,65,0.0,9.1,0.0,64
2024-06-25 01:00:00,30.9,67,0.0,9.5,0.0,8
2024-06-25 02:00:00,30.4,70,0.0,8.7,0.0,1
2024-06-25 03:00:00,30.1,73,0.0,9.3,0.0,9
2024-06-25 04:00:00,29.9,75,0.0,8.8,0.0,25
2024-06-25 05:00:00,29.8,76,0.0,9.5,0.0,46
2024-06-25 06:00:00,30.1,78,37.0,4.3,0.0,5
2024-06-25 07:00:00,31.2,74,155.0,3.1,0.0,8
2024-06-25 08:00:00,32.6,68,307.0,2.1,0.0,45
2024-06-25 09:00:00,33.4,63,414.0,5.9,0.1,100
2024-06-25 10:00:00,34.8,55,498.0,7.9,0.2,100
2024-06-25 11:00:00,30.5,73,242.0,13.1,3.5,100
2024-06-25 12:00:00,32.5,64,299.0,4.1,0.0,100
2024-06-25 13:00:00,34.0,59,434.0,5.3,0.1,100
2024-06-25 14:00:00,35.0,56,550.0,6.0,0.1,100
2024-06-25 15:00:00,35.8,52,517.0,3.9,0.0,100
2024-06-25 16:00:00,36.2,50,404.0,4.5,0.0,100
2024-06-25 17:00:00,36.2,49,228.0,6.7,0.0,100
2024-06-25 18:00:00,36.6,44,116.0,10.4,0.0,100
2024-06-25 19:00:00,35.6,48,20.0,10.2,0.0,99
2024-06-25 20:00:00,34.5,53,0.0,15.3,0.0,100
2024-06-25 21:00:00,33.1,60,0.0,12.0,0.0,100
2024-06-25 22:00:00,32.7,62,0.0,10.5,0.0,100
2024-06-25 23:00:00,32.4,64,0.0,11.3,0.0,100
2024-06-26 00:00:00,32.1,66,0.0,7.4,0.0,93
2024-06-26 01:00:00,31.8,68,0.0,6.5,0.0,23
2024-06-26 02:00:00,30.3,75,0.0,7.6,1.9,58
2024-06-26 03:00:00,27.7,86,0.0,10.3,7.5,100
2024-06-26 04:00:00,27.8,87,0.0,3.4,0.1,100
2024-06-26 05:00:00,26.8,93,0.0,19.4,8.2,100
2024-06-26 06:00:00,29.2,87,12.0,7.4,1.0,88
2024-06-26 07:00:00,30.1,82,118.0,2.9,0.3,100
2024-06-26 08:00:00,29.2,88,119.0,9.8,0.5,100
2024-06-26 09:00:00,28.2,90,163.0,12.5,3.3,100
2024-06-26 10:00:00,28.6,86,174.0,14.3,0.5,100
2024-06-26 11:00:00,30.5,76,368.0,10.0,0.0,100
2024-06-26 12:00:00,32.4,68,636.0,12.6,0.0,100
2024-06-26 13:00:00,33.0,65,585.0,13.7,0.0,100
2024-06-26 14:00:00,34.3,59,564.0,13.7,0.0,100
2024-06-26 15:00:00,34.2,58,403.0,13.7,0.0,100
2024-06-26 16:00:00,34.3,57,351.0,13.0,0.0,100
2024-06-26 17:00:00,34.0,58,196.0,11.5,0.0,100
2024-06-26 18:00:00,32.9,63,103.0,14.7,0.0,100
2024-06-26 19:00:00,32.1,65,19.0,11.9,0.0,100
2024-06-26 20:00:00,31.5,68,0.0,10.8,0.0,100
2024-06-26 21:00:00,31.3,69,0.0,11.1,0.0,100
2024-06-26 22:00:00,30.8,72,0.0,11.0,0.0,100
2024-06-26 23:00:00,30.5,74,0.0,11.6,0.0,100
2024-06-27 00:00:00,30.1,76,0.0,12.6,0.0,100
2024-06-27 01:00:00,29.5,78,0.0,12.8,0.0,100
2024-06-27 02:00:00,27.0,89,0.0,21.7,2.7,100
2024-06-27 03:00:00,26.6,93,0.0,19.1,1.8,100
2024-06-27 04:00:00,25.5,96,0.0,20.3,2.6,100
2024-06-27 05:00:00,25.4,95,0.0,16.5,1.1,100
2024-06-27 06:00:00,27.0,91,19.0,14.7,0.1,100
2024-06-27 07:00:00,27.4,87,78.0,17.0,0.1,100
2024-06-27 08:00:00,26.7,90,92.0,16.6,0.6,100
2024-06-27 09:00:00,27.4,90,189.0,10.9,0.7,100
2024-06-27 10:00:00,28.3,86,267.0,13.1,0.5,100
2024-06-27 11:00:00,28.9,81,319.0,13.4,0.3,100
2024-06-27 12:00:00,29.4,79,304.0,16.7,0.2,100
2024-06-27 13:00:00,28.6,83,133.0,15.6,0.4,100
2024-06-27 14:00:00,29.2,81,158.0,12.5,0.2,100
2024-06-27 15:00:00,29.3,81,178.0,14.0,0.1,100
2024-06-27 16:00:00,29.1,82,170.0,12.7,0.1,100
2024-06-27 17:00:00,29.6,78,209.0,11.3,0.0,85
2024-06-27 18:00:00,30.4,72,124.0,14.0,0.0,97
2024-06-27 19:00:00,29.8,74,21.0,10.5,0.0,95
2024-06-27 20:00:00,29.3,77,0.0,9.5,0.0,99
2024-06-27 21:00:00,29.0,80,0.0,6.5,0.0,100
2024-06-27 22:00:00,28.6,82,0.0,5.7,0.0,23
2024-06-27 23:00:00,28.2,85,0.0,5.8,0.0,12
2024-06-28 00:00:00,28.0,86,0.0,9.2,0.0,9
2024-06-28 01:00:00,27.7,88,0.0,9.7,0.0,46
2024-06-28 02:00:00,27.6,89,0.0,9.9,0.0,94
2024-06-28 03:00:00,25.6,96,0.0,14.8,5.2,98
2024-06-28 04:00:00,25.7,95,0.0,8.6,0.3,40
2024-06-28 05:00:00,25.7,96,0.0,9.4,0.3,13
2024-06-28 06:00:00,25.9,95,2.0,10.8,2.9,100
2024-06-28 07:00:00,25.9,96,14.0,9.5,3.4,100
2024-06-28 08:00:00,25.9,95,28.0,10.0,3.2,100
2024-06-28 09:00:00,25.8,95,42.0,10.9,2.2,100
2024-06-28 10:00:00,26.3,93,135.0,11.0,1.5,100
2024-06-28 11:00:00,27.1,89,242.0,8.2,0.9,100
2024-06-28 12:00:00,28.2,83,302.0,6.9,0.5,100
2024-06-28 13:00:00,28.6,80,309.0,7.7,0.3,100
2024-06-28 14:00:00,29.3,76,356.0,6.4,0.1,100
2024-06-28 15:00:00,29.9,73,309.0,5.4,0.1,100
2024-06-28 16:00:00,30.4,71,278.0,3.6,0.0,100
2024-06-28 17:00:00,30.6,71,186.0,6.2,0.0,100
2024-06-28 18:00:00,30.4,72,114.0,10.1,0.0,26
2024-06-28 19:00:00,29.4,77,22.0,7.9,0.0,86
2024-06-28 20:00:00,28.8,80,0.0,8.1,0.0,96
2024-06-28 21:00:00,28.5,83,0.0,8.1,0.0,89
2024-06-28 22:00:00,28.2,84,0.0,6.8,0.0,30
2024-06-28 23:00:00,27.8,85,0.0,7.6,0.0,11
2024-06-29 00:00:00,27.6,86,0.0,8.3,0.0,3
2024-06-29 01:00:00,27.3,87,0.0,6.5,0.0,25
2024-06-29 02:00:00,27.0,89,0.0,3.6,0.0,6
2024-06-29 03:00:00,26.8,90,0.0,4.6,0.0,24
2024-06-29 04:00:00,26.6,91,0.0,6.8,0.0,20
2024-06-29 05:00:00,26.5,92,0.0,5.9,0.0,16
2024-06-29 06:00:00,26.8,93,28.0,4.2,3.1,100
2024-06-29 07:00:00,27.0,90,82.0,10.6,3.5,94
2024-06-29 08:00:00,27.7,88,163.0,11.7,0.5,69
2024-06-29 09:00:00,29.4,79,373.0,10.4,0.0,61
2024-06-29 10:00:00,31.5,71,617.0,8.5,0.1,42
2024-06-29 11:00:00,32.5,68,663.0,6.2,0.2,100
2024-06-29 12:00:00,32.9,67,563.0,7.5,0.3,87
2024-06-29 13:00:00,32.1,68,423.0,9.2,3.2,100
2024-06-29 14:00:00,30.5,77,393.0,11.3,7.3,99
2024-06-29 15:00:00,29.8,78,190.0,3.4,0.7,100
2024-06-29 16:00:00,30.5,76,265.0,4.0,0.0,100
2024-06-29 17:00:00,30.6,77,203.0,7.1,0.0,99
2024-06-29 18:00:00,31.1,70,124.0,5.0,0.0,40
2024-06-29 19:00:00,30.6,74,21.0,2.9,0.0,37
2024-06-29 20:00:00,30.0,76,0.0,4.6,0.0,25
2024-06-29 21:00:00,29.7,77,0.0,7.2,0.0,49
2024-06-29 22:00:00,29.5,78,0.0,9.8,0.0,5
2024-06-29 23:00:00,29.2,79,0.0,11.4,0.0,33
2024-06-30 00:00:00,29.0,79,0.0,9.0,0.0,17
2024-06-30 01:00:00,28.9,80,0.0,9.2,0.0,21
2024-06-30 02:00:00,28.6,81,0.0,5.0,0.0,7
2024-06-30 03:00:00,28.6,81,0.0,1.1,0.1,96
2024-06-30 04:00:00,27.6,91,0.0,4.0,1.5,80
2024-06-30 05:00:00,27.3,93,0.0,3.9,0.0,39
2024-06-30 06:00:00,27.1,88,31.0,5.0,0.0,55
2024-06-30 07:00:00,28.0,84,150.0,4.5,0.0,48
2024-06-30 08:00:00,29.2,81,300.0,4.1,0.0,43
2024-06-30 09:00:00,30.6,74,476.0,6.5,0.1,50
2024-06-30 10:00:00,31.2,74,510.0,7.3,0.2,18
2024-06-30 11:00:00,32.8,67,713.0,8.1,0.0,93
2024-06-30 12:00:00,33.1,66,660.0,7.1,0.0,90
2024-06-30 13:00:00,33.5,65,683.0,6.4,0.1,6
2024-06-30 14:00:00,34.4,60,680.0,6.8,0.0,12
2024-06-30 15:00:00,34.8,58,584.0,7.2,0.0,14
2024-06-30 16:00:00,34.8,57,453.0,5.2,0.0,11
2024-06-30 17:00:00,34.6,58,277.0,5.2,0.0,4
2024-06-30 18:00:00,33.2,64,121.0,4.3,0.0,29
2024-06-30 19:00:00,32.0,71,19.0,3.3,0.0,27
2024-06-30 20:00:00,31.4,73,0.0,5.5,0.0,19
2024-06-30 21:00:00,30.7,75,0.0,7.4,0.0,46
2024-06-30 22:00:00,30.2,76,0.0,11.2,0.0,22
2024-06-30 23:00:00,26.8,90,0.0,15.6,9.9,100
2024-07-01 00:00:00,26.5,92,0.0,4.8,7.1,95
2024-07-01 01:00:00,26.4,93,0.0,3.9,0.4,100
2024-07-01 02:00:00,26.2,95,0.0,6.8,0.2,100
2024-07-01 03:00:00,26.1,94,0.0,3.3,2.2,100
2024-07-01 04:00:00,26.0,96,0.0,8.4,0.2,99
2024-07-01 05:00:00,25.9,96,0.0,5.4,0.1,100
2024-07-01 06:00:00,27.9,87,34.0,6.8,0.0,100
2024-07-01 07:00:00,28.7,83,141.0,7.4,0.0,100
2024-07-01 08:00:00,29.8,79,277.0,9.2,0.0,100
2024-07-01 09:00:00,31.1,73,394.0,11.8,0.2,100
2024-07-01 10:00:00,32.0,70,405.0,9.2,0.1,68
2024-07-01 11:00:00,33.0,67,643.0,8.4,0.0,99
2024-07-01 12:00:00,31.7,71,572.0,10.1,0.8,81
2024-07-01 13:00:00,32.3,69,377.0,5.2,0.0,60
2024-07-01 14:00:00,33.7,66,550.0,6.8,0.0,57
2024-07-01 15:00:00,34.1,63,577.0,9.4,0.0,51
2024-07-01 16:00:00,33.7,66,340.0,7.7,0.2,43
2024-07-01 17:00:00,33.8,65,261.0,7.2,0.0,50
2024-07-01 18:00:00,32.5,66,101.0,7.7,0.0,23
2024-07-01 19:00:00,31.1,77,22.0,4.3,0.0,33
2024-07-01 20:00:00,30.7,82,0.0,1.5,0.0,35
2024-07-01 21:00:00,30.4,77,0.0,5.4,0.0,87
2024-07-01 22:00:00,30.0,80,0.0,8.6,0.0,81
2024-07-01 23:00:00,29.4,81,0.0,10.9,0.0,42
2024-07-02 00:00:00,28.1,84,0.0,9.2,0.4,89
2024-07-02 01:00:00,27.4,92,0.0,11.2,1.0,99
2024-07-02 02:00:00,26.4,95,0.0,9.2,4.3,100
2024-07-02 03:00:00,26.5,93,0.0,4.0,5.7,99
2024-07-02 04:00:00,26.4,94,0.0,6.3,0.2,100
2024-07-02 05:00:00,26.4,94,0.0,4.6,0.0,100
2024-07-02 06:00:00,28.2,87,23.0,5.2,0.2,100
2024-07-02 07:00:00,28.6,85,95.0,3.1,0.0,100
2024-07-02 08:00:00,29.9,79,227.0,8.4,0.0,100
2024-07-02 09:00:00,29.8,80,204.0,4.2,0.1,100
2024-07-02 10:00:00,29.1,83,126.0,4.8,0.6,100
2024-07-02 11:00:00,29.5,82,207.0,6.4,0.1,100
2024-07-02 12:00:00,30.6,79,331.0,6.1,0.0,100
2024-07-02 13:00:00,32.0,74,491.0,6.2,0.0,100
2024-07-02 14:00:00,32.5,73,397.0,6.5,0.0,100
2024-07-02 15:00:00,33.2,70,387.0,6.7,0.0,100
2024-07-02 16:00:00,33.6,68,398.0,7.2,0.0,100
2024-07-02 17:00:00,33.3,68,222.0,7.6,0.0,100
2024-07-02 18:00:00,29.7,85,50.0,8.3,0.1,100
2024-07-02 19:00:00,29.3,86,16.0,14.9,0.0,100
2024-07-02 20:00:00,28.8,84,0.0,12.6,0.0,100
2024-07-02 21:00:00,28.5,87,0.0,11.5,0.0,100
2024-07-02 22:00:00,27.5,92,0.0,7.9,1.0,100
2024-07-02 23:00:00,27.5,93,0.0,10.1,0.4,100
2024-07-03 00:00:00,27.2,95,0.0,14.4,0.0,100
2024-07-03 01:00:00,26.7,96,0.0,16.1,0.1,100
2024-07-03 02:00:00,26.2,97,0.0,10.2,0.5,100
2024-07-03 03:00:00,26.1,96,0.0,7.9,0.1,100
2024-07-03 04:00:00,26.1,96,0.0,7.6,0.0,100
2024-07-03 05:00:00,26.0,96,0.0,6.9,0.0,100
2024-07-03 06:00:00,29.3,80,25.0,11.7,0.0,100
2024-07-03 07:00:00,29.6,79,87.0,8.1,0.1,100
2024-07-03 08:00:00,30.9,74,252.0,4.4,0.0,100
2024-07-03 09:00:00,32.2,70,389.0,2.5,0.0,100
2024-07-03 10:00:00,32.4,70,459.0,3.4,0.2,100
2024-07-03 11:00:00,31.5,74,327.0,5.4,0.9,100
2024-07-03 12:00:00,32.1,73,412.0,6.3,0.0,100
2024-07-03 13:00:00,32.6,72,423.0,5.0,0.0,100
2024-07-03 14:00:00,32.9,71,461.0,7.4,0.0,100
2024-07-03 15:00:00,32.6,72,290.0,10.3,0.0,100
2024-07-03 16:00:00,32.8,71,336.0,12.2,0.0,100
2024-07-03 17:00:00,32.4,72,198.0,13.1,0.0,100
2024-07-03 18:00:00,28.4,83,46.0,12.8,0.0,100
2024-07-03 19:00:00,27.7,87,8.0,10.8,0.2,100
2024-07-03 20:00:00,27.3,90,0.0,8.2,0.1,100
2024-07-03 21:00:00,27.2,91,0.0,8.1,0.2,100
2024-07-03 22:00:00,27.0,96,0.0,2.9,0.1,100
2024-07-03 23:00:00,27.0,93,0.0,4.9,0.0,100
2024-07-04 00:00:00,26.7,95,0.0,2.1,0.0,100
2024-07-04 01:00:00,26.5,97,0.0,6.6,0.0,100
2024-07-04 02:00:00,26.4,95,0.0,8.2,0.1,100
2024-07-04 03:00:00,26.1,95,0.0,9.8,0.0,100
2024-07-04 04:00:00,25.9,96,0.0,8.0,0.0,100
2024-07-04 05:00:00,25.7,96,0.0,9.4,0.2,100
2024-07-04 06:00:00,25.5,95,3.0,7.7,2.4,100
2024-07-04 07:00:00,25.5,95,17.0,7.8,2.1,100
2024-07-04 08:00:00,25.7,95,54.0,8.2,0.8,100
2024-07-04 09:00:00,26.5,91,172.0,9.5,0.5,100
2024-07-04 10:00:00,28.7,78,468.0,9.8,0.4,100
2024-07-04 11:00:00,28.7,78,230.0,7.6,0.1,100
2024-07-04 12:00:00,29.9,72,422.0,8.2,0.3,100
2024-07-04 13:00:00,31.2,68,649.0,10.2,0.3,100
2024-07-04 14:00:00,31.0,68,393.0,11.3,0.1,97
2024-07-04 15:00:00,31.1,67,308.0,7.9,0.0,100
2024-07-04 16:00:00,31.6,65,370.0,9.1,0.0,100
2024-07-04 17:00:00,31.4,66,251.0,11.1,0.0,97
2024-07-04 18:00:00,29.9,72,100.0,7.5,0.0,98
2024-07-04 19:00:00,29.1,77,19.0,5.8,0.0,99
2024-07-04 20:00:00,28.2,81,0.0,5.4,0.0,94
2024-07-04 21:00:00,27.6,83,0.0,6.7,0.0,99
2024-07-04 22:00:00,27.3,84,0.0,5.2,0.0,98
2024-07-04 23:00:00,27.0,86,0.0,4.0,0.0,100
2024-07-05 00:00:00,26.8,91,0.0,3.0,0.0,100
2024-07-05 01:00:00,26.9,90,0.0,1.8,0.0,100
2024-07-05 02:00:00,26.6,90,0.0,2.2,0.0,100
2024-07-05 03:00:00,26.5,90,0.0,4.1,0.0,100
2024-07-05 04:00:00,26.2,93,0.0,7.7,0.0,97
2024-07-05 05:00:00,26.2,94,0.0,8.0,0.0,97
2024-07-05 06:00:00,26.7,92,28.0,9.8,0.0,100
2024-07-05 07:00:00,27.2,89,105.0,8.7,0.0,100
2024-07-05 08:00:00,27.8,86,153.0,8.1,0.1,100
2024-07-05 09:00:00,27.9,85,184.0,12.7,0.1,100
2024-07-05 10:00:00,27.1,89,168.0,12.4,0.3,100
2024-07-05 11:00:00,28.7,80,372.0,6.6,0.1,100
2024-07-05 12:00:00,29.8,76,449.0,10.8,0.1,100
2024-07-05 13:00:00,30.4,73,452.0,7.8,0.0,100
2024-07-05 14:00:00,30.2,75,362.0,9.7,0.0,100
2024-07-05 15:00:00,30.2,75,337.0,10.2,0.0,100
2024-07-05 16:00:00,29.8,76,219.0,12.4,0.0,100
2024-07-05 17:00:00,29.4,79,177.0,12.1,0.0,100
2024-07-05 18:00:00,29.0,78,104.0,12.3,0.0,100
2024-07-05 19:00:00,28.0,82,19.0,13.1,0.0,100
2024-07-05 20:00:00,27.2,84,0.0,14.1,0.0,100
2024-07-05 21:00:00,26.7,86,0.0,16.2,0.0,100
2024-07-05 22:00:00,26.5,88,0.0,14.6,0.0,100
2024-07-05 23:00:00,26.5,88,0.0,11.5,0.0,100
2024-07-06 00:00:00,26.4,89,0.0,11.9,0.0,100
2024-07-06 01:00:00,26.3,90,0.0,9.8,0.0,100
2024-07-06 02:00:00,26.1,91,0.0,11.1,0.0,100
2024-07-06 03:00:00,26.0,91,0.0,8.6,0.0,100
2024-07-06 04:00:00,26.1,91,0.0,4.4,0.0,100
2024-07-06 05:00:00,26.3,90,0.0,3.1,0.3,100
2024-07-06 06:00:00,26.2,91,21.0,5.6,0.0,100
2024-07-06 07:00:00,27.1,89,91.0,9.7,0.0,100
2024-07-06 08:00:00,28.3,83,223.0,7.1,0.1,57
2024-07-06 09:00:00,29.1,80,374.0,7.2,0.2,93
2024-07-06 10:00:00,30.6,75,638.0,5.8,0.2,97
2024-07-06 11:00:00,31.5,69,597.0,8.0,0.0,100
2024-07-06 12:00:00,31.6,68,490.0,10.2,0.1,100
2024-07-06 13:00:00,32.6,65,690.0,6.4,0.0,100
2024-07-06 14:00:00,33.0,62,601.0,5.8,0.0,100
2024-07-06 15:00:00,32.9,62,451.0,10.4,0.0,98
2024-07-06 16:00:00,31.5,70,431.0,15.8,0.1,27
2024-07-06 17:00:00,30.8,73,269.0,12.6,0.0,83
2024-07-06 18:00:00,29.3,75,93.0,13.7,0.0,100
2024-07-06 19:00:00,28.1,80,21.0,11.9,0.0,100
2024-07-06 20:00:00,27.2,83,0.0,13.1,0.0,38
2024-07-06 21:00:00,26.5,86,0.0,11.5,0.0,100
2024-07-06 22:00:00,26.3,87,0.0,7.2,0.0,100
2024-07-06 23:00:00,26.1,89,0.0,6.1,0.0,100
2024-07-07 00:00:00,25.8,91,0.0,5.2,0.0,100
2024-07-07 01:00:00,25.9,91,0.0,1.8,0.0,100
2024-07-07 02:00:00,25.8,92,0.0,6.0,0.0,100
2024-07-07 03:00:00,25.8,94,0.0,4.8,0.0,100
2024-07-07 04:00:00,25.6,95,0.0,4.6,0.0,100
2024-07-07 05:00:00,25.6,96,0.0,2.3,0.0,97
2024-07-07 06:00:00,25.6,87,30.0,8.3,0.0,99
2024-07-07 07:00:00,26.3,84,107.0,5.1,0.0,100
2024-07-07 08:00:00,27.3,81,204.0,5.6,0.0,82
2024-07-07 09:00:00,29.1,75,444.0,8.0,0.0,99
2024-07-07 10:00:00,30.7,69,609.0,5.1,0.0,46
2024-07-07 11:00:00,31.9,64,718.0,2.7,0.0,99
2024-07-07 12:00:00,32.8,60,729.0,3.6,0.0,100
2024-07-07 13:00:00,33.0,58,666.0,7.3,0.1,100
2024-07-07 14:00:00,33.3,57,586.0,4.9,0.0,99
2024-07-07 15:00:00,33.5,56,499.0,6.6,0.0,35
2024-07-07 16:00:00,33.1,57,411.0,11.2,0.0,13
2024-07-07 17:00:00,32.3,60,285.0,14.2,0.0,17
2024-07-07 18:00:00,28.5,70,135.0,11.0,0.0,58
2024-07-07 19:00:00,27.7,74,21.0,8.5,0.0,74
2024-07-07 20:00:00,27.2,77,0.0,9.3,0.0,100
2024-07-07 21:00:00,26.9,79,0.0,9.8,0.0,100
2024-07-07 22:00:00,26.6,81,0.0,8.1,0.0,100
2024-07-07 23:00:00,26.4,83,0.0,8.0,0.0,100
2024-07-08 00:00:00,26.0,85,0.0,6.0,0.0,100
2024-07-08 01:00:00,25.8,87,0.0,4.7,0.0,99
2024-07-08 02:00:00,25.5,89,0.0,5.6,0.0,66
2024-07-08 03:00:00,25.3,91,0.0,7.8,0.0,100
2024-07-08 04:00:00,25.5,90,0.0,6.5,0.0,100
2024-07-08 05:00:00,25.8,88,0.0,7.3,0.0,99
2024-07-08 06:00:00,26.1,88,33.0,3.7,0.0,40
2024-07-08 07:00:00,27.2,84,144.0,7.7,0.0,47
2024-07-08 08:00:00,28.1,81,262.0,7.3,0.0,25
2024-07-08 09:00:00,29.4,75,448.0,11.2,0.0,26
2024-07-08 10:00:00,30.5,70,552.0,8.5,0.0,15
2024-07-08 11:00:00,31.8,64,654.0,10.4,0.0,63
2024-07-08 12:00:00,32.5,61,617.0,11.4,0.0,89
2024-07-08 13:00:00,32.8,60,566.0,8.5,0.0,49
2024-07-08 14:00:00,33.2,58,651.0,7.3,0.0,24
2024-07-08 15:00:00,33.1,58,535.0,8.1,0.0,78
2024-07-08 16:00:00,32.8,59,448.0,8.6,0.0,83
2024-07-08 17:00:00,32.3,61,291.0,7.0,0.0,21
2024-07-08 18:00:00,30.1,67,119.0,4.4,0.0,35
2024-07-08 19:00:00,29.0,73,23.0,7.6,0.0,89
2024-07-08 20:00:00,28.1,80,0.0,10.7,0.0,51
2024-07-08 21:00:00,27.8,84,0.0,7.9,0.0,100
2024-07-08 22:00:00,27.7,85,0.0,7.2,0.0,55
2024-07-08 23:00:00,27.5,85,0.0,8.3,0.0,82
2024-07-09 00:00:00,27.2,85,0.0,9.1,0.0,17
2024-07-09 01:00:00,26.9,86,0.0,10.9,0.0,23
2024-07-09 02:00:00,26.7,87,0.0,11.4,0.0,37
2024-07-09 03:00:00,26.5,88,0.0,10.0,0.0,9
2024-07-09 04:00:00,26.4,90,0.0,9.7,0.0,2
2024-07-09 05:00:00,26.2,91,0.0,7.6,0.0,17
2024-07-09 06:00:00,27.8,85,29.0,6.1,0.0,7
2024-07-09 07:00:00,28.8,82,149.0,7.1,0.0,12
2024-07-09 08:00:00,30.1,78,316.0,8.8,0.1,62
2024-07-09 09:00:00,30.6,77,480.0,4.0,0.2,46
2024-07-09 10:00:00,31.3,76,570.0,2.3,0.2,35
2024-07-09 11:00:00,32.0,71,614.0,8.9,1.1,94
2024-07-09 12:00:00,30.0,80,526.0,10.8,2.3,86
2024-07-09 13:00:00,30.0,79,660.0,8.7,0.9,78
2024-07-09 14:00:00,31.4,73,580.0,5.9,0.1,84
2024-07-09 15:00:00,31.9,72,539.0,5.1,0.0,86
2024-07-09 16:00:00,32.3,70,464.0,0.5,0.0,51
2024-07-09 17:00:00,32.4,69,297.0,0.8,0.0,6
2024-07-09 18:00:00,31.8,69,131.0,4.1,0.0,15
2024-07-09 19:00:00,30.6,75,23.0,4.2,0.0,23
2024-07-09 20:00:00,29.7,83,0.0,4.4,0.0,2
2024-07-09 21:00:00,29.3,85,0.0,4.0,0.0,72
2024-07-09 22:00:00,29.2,84,0.0,5.4,0.0,9
2024-07-09 23:00:00,29.0,83,0.0,5.3,0.0,5
2024-07-10 00:00:00,28.8,84,0.0,4.2,0.0,43
2024-07-10 01:00:00,28.5,87,0.0,4.0,0.0,96
2024-07-10 02:00:00,28.3,88,0.0,3.6,0.0,57
2024-07-10 03:00:00,27.9,91,0.0,3.0,0.0,3
2024-07-10 04:00:00,28.3,88,0.0,2.9,0.0,87
2024-07-10 05:00:00,26.5,94,0.0,13.9,3.9,100
2024-07-10 06:00:00,28.7,85,31.0,11.2,2.0,90
2024-07-10 07:00:00,27.3,92,102.0,7.4,3.2,99
2024-07-10 08:00:00,28.2,86,151.0,2.5,0.2,96
2024-07-10 09:00:00,29.4,81,324.0,5.6,0.1,100
2024-07-10 10:00:00,30.7,77,521.0,2.8,0.1,99
2024-07-10 11:00:00,32.0,72,661.0,3.3,0.1,100
2024-07-10 12:00:00,32.9,69,742.0,3.6,0.0,100
2024-07-10 13:00:00,33.3,67,707.0,4.3,0.0,10
2024-07-10 14:00:00,33.7,66,711.0,3.4,0.0,61
2024-07-10 15:00:00,34.1,64,606.0,3.9,0.0,25
2024-07-10 16:00:00,34.1,62,465.0,6.0,0.0,41
2024-07-10 17:00:00,33.7,63,275.0,7.0,0.0,85
2024-07-10 18:00:00,33.0,69,119.0,6.9,0.0,100
2024-07-10 19:00:00,31.7,77,21.0,5.7,0.2,100
2024-07-10 20:00:00,31.1,80,0.0,7.2,0.0,100
2024-07-10 21:00:00,30.7,81,0.0,8.0,0.0,100
2024-07-10 22:00:00,28.4,86,0.0,14.8,1.5,100
2024-07-10 23:00:00,27.8,89,0.0,13.0,0.0,100
2024-07-11 00:00:00,28.0,89,0.0,8.6,0.0,100
2024-07-11 01:00:00,28.2,88,0.0,7.6,0.0,100
2024-07-11 02:00:00,28.1,89,0.0,9.0,0.0,100
2024-07-11 03:00:00,28.3,88,0.0,10.2,0.0,100
2024-07-11 04:00:00,28.6,86,0.0,10.0,0.0,100
2024-07-11 05:00:00,27.9,89,0.0,4.0,0.7,100
2024-07-11 06:00:00,26.8,93,5.0,8.7,1.1,100
2024-07-11 07:00:00,27.2,93,79.0,9.3,0.1,82
2024-07-11 08:00:00,29.1,85,280.0,6.0,0.0,90
2024-07-11 09:00:00,31.4,76,483.0,5.4,0.0,95
2024-07-11 10:00:00,33.3,69,664.0,6.4,0.0,98
2024-07-11 11:00:00,34.6,65,756.0,10.1,0.0,64
2024-07-11 12:00:00,35.8,60,789.0,12.0,0.0,66
2024-07-11 13:00:00,36.1,57,754.0,12.8,0.0,91
2024-07-11 14:00:00,36.4,56,709.0,13.0,0.0,81
2024-07-11 15:00:00,36.4,55,593.0,11.6,0.0,92
2024-07-11 16:00:00,36.3,55,461.0,10.0,0.0,20
2024-07-11 17:00:00,35.9,56,291.0,9.0,0.0,10
2024-07-11 18:00:00,34.4,66,116.0,7.3,0.0,100
2024-07-11 19:00:00,32.8,72,22.0,4.3,0.0,45
2024-07-11 20:00:00,31.8,79,0.0,6.3,0.0,33
2024-07-11 21:00:00,27.0,87,0.0,21.0,2.0,76
2024-07-11 22:00:00,27.7,86,0.0,10.9,0.0,53
2024-07-11 23:00:00,28.0,85,0.0,7.4,0.0,50
2024-07-12 00:00:00,28.1,85,0.0,11.9,0.0,43
2024-07-12 01:00:00,28.0,86,0.0,11.2,0.0,88
2024-07-12 02:00:00,28.3,83,0.0,10.1,0.0,88
2024-07-12 03:00:00,28.5,79,0.0,11.0,0.0,70
2024-07-12 04:00:00,28.4,78,0.0,12.1,0.0,50
2024-07-12 05:00:00,28.3,78,0.0,13.0,0.0,100
2024-07-12 06:00:00,27.0,81,12.0,16.2,0.3,98
2024-07-12 07:00:00,27.9,81,94.0,10.0,0.0,99
2024-07-12 08:00:00,29.2,74,221.0,10.0,0.0,79
2024-07-12 09:00:00,30.6,69,383.0,9.0,0.0,41
2024-07-12 10:00:00,31.7,67,486.0,5.9,0.0,52
2024-07-12 11:00:00,32.9,65,704.0,5.4,0.0,4
2024-07-12 12:00:00,34.0,62,821.0,7.6,0.0,91
2024-07-12 13:00:00,34.4,61,644.0,9.1,0.0,8
2024-07-12 14:00:00,35.2,58,704.0,8.5,0.0,33
2024-07-12 15:00:00,35.3,58,558.0,3.8,0.0,5
2024-07-12 16:00:00,32.4,65,458.0,23.4,0.0,94
2024-07-12 17:00:00,28.8,82,113.0,13.3,0.2,90
2024-07-12 18:00:00,31.6,69,86.0,6.9,0.0,98
2024-07-12 19:00:00,30.5,75,19.0,3.9,0.0,40
2024-07-12 20:00:00,30.0,78,0.0,4.5,0.0,2
2024-07-12 21:00:00,29.2,82,0.0,3.4,0.0,25
2024-07-12 22:00:00,28.8,84,0.0,5.4,0.0,28
2024-07-12 23:00:00,28.4,85,0.0,6.0,0.0,21
2024-07-13 00:00:00,28.2,86,0.0,4.8,0.0,0
2024-07-13 01:00:00,27.8,88,0.0,3.3,0.0,7
2024-07-13 02:00:00,27.6,89,0.0,2.6,0.0,77
2024-07-13 03:00:00,27.5,92,0.0,4.0,0.0,0
2024-07-13 04:00:00,27.2,92,0.0,4.1,0.0,1
2024-07-13 05:00:00,27.2,89,0.0,5.1,0.0,10
2024-07-13 06:00:00,25.2,94,11.0,11.7,11.5,75
2024-07-13 07:00:00,25.5,93,48.0,2.7,0.6,16
2024-07-13 08:00:00,27.7,86,325.0,4.0,0.1,7
2024-07-13 09:00:00,29.9,77,522.0,3.2,0.0,10
2024-07-13 10:00:00,31.9,66,670.0,7.3,0.0,9
2024-07-13 11:00:00,33.0,61,804.0,8.3,0.0,45
2024-07-13 12:00:00,33.6,58,775.0,6.6,0.0,10
2024-07-13 13:00:00,34.3,56,831.0,8.0,0.0,13
2024-07-13 14:00:00,34.2,57,657.0,7.7,0.0,33
2024-07-13 15:00:00,33.9,59,587.0,8.5,0.0,27
2024-07-13 16:00:00,33.7,59,454.0,7.5,0.0,14
2024-07-13 17:00:00,33.3,60,284.0,6.9,0.0,14
2024-07-13 18:00:00,31.4,69,114.0,5.1,0.2,39
2024-07-13 19:00:00,30.3,78,21.0,4.4,0.0,11
2024-07-13 20:00:00,29.5,83,0.0,3.4,0.0,14
2024-07-13 21:00:00,29.2,85,0.0,4.4,0.0,6
2024-07-13 22:00:00,28.7,87,0.0,3.7,0.0,4
2024-07-13 23:00:00,28.3,90,0.0,4.3,0.0,3
2024-07-14 00:00:00,28.1,89,0.0,2.5,0.0,2
2024-07-14 01:00:00,27.7,91,0.0,2.2,0.0,1
2024-07-14 02:00:00,27.7,89,0.0,2.0,0.0,1
2024-07-14 03:00:00,27.9,87,0.0,2.5,0.0,1
2024-07-14 04:00:00,27.3,90,0.0,4.3,0.0,2
2024-07-14 05:00:00,27.0,92,0.0,4.1,0.0,1
2024-07-14 06:00:00,28.8,87,30.0,3.6,0.0,18
2024-07-14 07:00:00,30.2,80,151.0,4.1,0.0,1
2024-07-14 08:00:00,31.2,73,326.0,8.3,0.0,5
2024-07-14 09:00:00,31.9,70,482.0,5.7,0.0,35
2024-07-14 10:00:00,32.7,64,600.0,3.4,0.0,27
2024-07-14 11:00:00,33.0,64,711.0,1.8,0.2,48
2024-07-14 12:00:00,33.7,61,735.0,2.2,0.0,22
2024-07-14 13:00:00,34.4,57,757.0,0.5,0.1,21
2024-07-14 14:00:00,34.8,55,683.0,4.4,0.0,7
2024-07-14 15:00:00,34.9,56,630.0,4.6,0.0,3
2024-07-14 16:00:00,34.8,55,471.0,7.0,0.0,19
2024-07-14 17:00:00,34.3,56,295.0,8.5,0.0,14
2024-07-14 18:00:00,33.1,61,132.0,6.9,0.0,6
2024-07-14 19:00:00,31.8,67,22.0,6.6,0.0,5
2024-07-14 20:00:00,31.2,70,0.0,6.2,0.0,7
2024-07-14 21:00:00,30.5,74,0.0,6.4,0.0,8
2024-07-14 22:00:00,30.1,75,0.0,6.7,0.0,11
2024-07-14 23:00:00,30.0,74,0.0,7.9,0.0,69
2024-07-15 00:00:00,29.8,77,0.0,7.1,0.0,24
2024-07-15 01:00:00,29.4,80,0.0,6.6,0.0,47
2024-07-15 02:00:00,28.9,84,0.0,4.8,0.0,46
2024-07-15 03:00:00,25.5,89,0.0,21.4,0.8,96
2024-07-15 04:00:00,26.0,90,0.0,13.6,0.3,62
2024-07-15 05:00:00,25.7,92,0.0,13.8,0.0,66
2024-07-15 06:00:00,28.1,85,28.0,10.9,0.0,11
2024-07-15 07:00:00,28.5,83,147.0,12.3,0.0,2
2024-07-15 08:00:00,29.9,78,314.0,11.9,0.0,20
2024-07-15 09:00:00,31.1,74,474.0,13.0,0.2,44
2024-07-15 10:00:00,32.1,70,582.0,12.2,0.1,82
2024-07-15 11:00:00,32.7,65,583.0,13.3,0.1,100
2024-07-15 12:00:00,33.2,62,514.0,13.5,0.0,100
2024-07-15 13:00:00,31.4,71,390.0,11.8,1.2,66
2024-07-15 14:00:00,32.9,67,704.0,11.9,0.1,37
2024-07-15 15:00:00,33.2,65,530.0,10.6,0.0,50
2024-07-15 16:00:00,33.2,64,438.0,11.4,0.0,43
2024-07-15 17:00:00,32.6,66,282.0,12.9,0.2,98
2024-07-15 18:00:00,32.0,67,111.0,10.8,0.0,100
2024-07-15 19:00:00,30.9,72,20.0,10.8,0.0,100
2024-07-15 20:00:00,30.4,76,0.0,9.3,0.0,100
2024-07-15 21:00:00,29.8,79,0.0,8.9,0.0,100
2024-07-15 22:00:00,29.4,80,0.0,9.8,0.0,96
2024-07-15 23:00:00,29.1,81,0.0,8.9,0.0,68
2024-07-16 00:00:00,28.9,83,0.0,7.9,0.0,39
2024-07-16 01:00:00,28.6,85,0.0,8.0,0.3,86
2024-07-16 02:00:00,26.8,94,0.0,10.7,6.9,100
2024-07-16 03:00:00,26.5,93,0.0,6.0,3.4,100
2024-07-16 04:00:00,25.9,95,0.0,8.6,5.1,100
2024-07-16 05:00:00,25.6,97,0.0,10.4,0.8,100
2024-07-16 06:00:00,27.7,92,27.0,12.4,0.0,100
2024-07-16 07:00:00,28.8,88,133.0,12.3,0.0,94
2024-07-16 08:00:00,30.5,81,317.0,14.6,0.0,100
2024-07-16 09:00:00,31.6,76,476.0,15.5,0.1,96
2024-07-16 10:00:00,32.8,70,630.0,14.3,0.1,88
2024-07-16 11:00:00,33.6,65,704.0,12.9,0.0,24
2024-07-16 12:00:00,34.3,63,787.0,11.9,0.0,15
2024-07-16 13:00:00,34.2,64,786.0,11.9,0.1,35
2024-07-16 14:00:00,34.1,64,685.0,11.2,0.1,27
2024-07-16 15:00:00,34.2,63,568.0,10.1,0.1,63
2024-07-16 16:00:00,33.9,64,448.0,10.2,0.0,26
2024-07-16 17:00:00,33.5,64,278.0,11.2,0.0,16
2024-07-16 18:00:00,33.0,68,131.0,8.6,0.0,3
2024-07-16 19:00:00,31.7,73,22.0,8.1,0.0,4
2024-07-16 20:00:00,31.1,75,0.0,6.5,0.0,6
2024-07-16 21:00:00,30.7,77,0.0,8.6,0.0,12
2024-07-16 22:00:00,30.4,78,0.0,11.5,0.0,27
2024-07-16 23:00:00,30.2,79,0.0,12.5,0.0,7
2024-07-17 00:00:00,29.1,83,0.0,12.3,0.1,15
2024-07-17 01:00:00,28.9,85,0.0,10.6,0.0,13
2024-07-17 02:00:00,29.0,85,0.0,12.2,0.0,6
2024-07-17 03:00:00,28.8,86,0.0,13.4,0.0,13
2024-07-17 04:00:00,28.4,87,0.0,12.9,0.0,6
2024-07-17 05:00:00,28.2,88,0.0,11.3,0.0,7
2024-07-17 06:00:00,29.1,84,27.0,9.7,0.0,1
2024-07-17 07:00:00,29.9,82,146.0,12.1,0.0,18
2024-07-17 08:00:00,30.9,78,308.0,13.7,0.0,100
2024-07-17 09:00:00,31.8,74,474.0,12.6,0.0,88
2024-07-17 10:00:00,32.7,71,631.0,11.2,0.0,29
2024-07-17 11:00:00,33.5,67,708.0,11.6,0.0,91
2024-07-17 12:00:00,33.8,65,739.0,12.2,0.0,57
2024-07-17 13:00:00,34.3,64,736.0,11.4,0.1,16
2024-07-17 14:00:00,34.7,63,704.0,10.7,0.0,19
2024-07-17 15:00:00,34.6,62,602.0,8.0,0.0,30
2024-07-17 16:00:00,34.4,62,447.0,7.3,0.0,10
2024-07-17 17:00:00,34.1,63,286.0,7.3,0.0,8
2024-07-17 18:00:00,32.1,70,121.0,11.0,0.0,13
2024-07-17 19:00:00,31.3,73,20.0,8.8,0.0,3
2024-07-17 20:00:00,30.7,77,0.0,8.9,0.0,5
2024-07-17 21:00:00,30.3,78,0.0,9.1,0.0,5
2024-07-17 22:00:00,30.1,79,0.0,8.3,0.0,23
2024-07-17 23:00:00,29.8,81,0.0,7.9,0.0,95
2024-07-18 00:00:00,29.6,82,0.0,7.9,0.0,75
2024-07-18 01:00:00,29.1,85,0.0,9.3,0.7,49
2024-07-18 02:00:00,28.4,89,0.0,10.7,0.4,94
2024-07-18 03:00:00,28.0,90,0.0,11.8,0.0,99
2024-07-18 04:00:00,27.9,90,0.0,12.1,0.0,97
2024-07-18 05:00:00,27.7,90,0.0,9.5,0.0,72
2024-07-18 06:00:00,29.7,82,27.0,8.8,0.0,53
2024-07-18 07:00:00,30.6,80,145.0,8.7,0.0,68
2024-07-18 08:00:00,31.8,75,309.0,8.7,0.0,96
2024-07-18 09:00:00,32.8,70,473.0,8.0,0.0,12
2024-07-18 10:00:00,33.7,66,625.0,6.8,0.0,45
2024-07-18 11:00:00,34.4,62,741.0,7.1,0.0,96
2024-07-18 12:00:00,34.7,61,596.0,7.6,0.0,100
2024-07-18 13:00:00,34.1,63,621.0,9.8,0.5,81
2024-07-18 14:00:00,34.1,65,649.0,10.0,0.4,75
2024-07-18 15:00:00,34.7,60,589.0,6.8,0.0,82
2024-07-18 16:00:00,34.6,60,433.0,6.6,0.0,96
2024-07-18 17:00:00,34.0,63,262.0,7.1,0.0,100
2024-07-18 18:00:00,31.9,71,126.0,3.7,0.0,99
2024-07-18 19:00:00,30.6,79,18.0,4.1,0.0,85
2024-07-18 20:00:00,29.9,82,0.0,3.8,0.0,88
2024-07-18 21:00:00,29.3,85,0.0,4.2,0.0,76
2024-07-18 22:00:00,29.0,86,0.0,3.6,0.0,100
2024-07-18 23:00:00,29.0,86,0.0,5.4,0.0,100
2024-07-19 00:00:00,28.8,86,0.0,4.3,0.0,100
2024-07-19 01:00:00,28.4,89,0.0,3.6,0.0,100
2024-07-19 02:00:00,28.5,88,0.0,1.3,0.1,93
2024-07-19 03:00:00,27.8,93,0.0,2.2,0.1,96
2024-07-19 04:00:00,27.6,93,0.0,2.5,0.2,95
2024-07-19 05:00:00,27.3,96,0.0,9.7,0.1,96
2024-07-19 06:00:00,27.5,91,20.0,10.7,0.0,100
2024-07-19 07:00:00,28.3,87,129.0,9.4,0.0,100
2024-07-19 08:00:00,29.6,81,277.0,7.2,0.0,91
2024-07-19 09:00:00,30.8,76,407.0,5.8,0.0,100
2024-07-19 10:00:00,31.6,72,513.0,7.9,0.1,100
2024-07-19 11:00:00,32.7,68,690.0,8.3,0.1,71
2024-07-19 12:00:00,33.5,64,730.0,8.6,0.1,24
2024-07-19 13:00:00,34.1,61,755.0,8.3,0.1,19
2024-07-19 14:00:00,34.3,61,694.0,7.6,0.0,16
2024-07-19 15:00:00,34.4,60,609.0,8.9,0.0,54
2024-07-19 16:00:00,34.2,61,462.0,9.4,0.0,83
2024-07-19 17:00:00,33.8,62,286.0,9.8,0.0,98
2024-07-19 18:00:00,31.7,70,96.0,10.4,0.0,98
2024-07-19 19:00:00,30.8,74,19.0,10.2,0.0,84
2024-07-19 20:00:00,30.2,76,0.0,12.0,0.0,65
2024-07-19 21:00:00,29.7,78,0.0,10.3,0.0,12
2024-07-19 22:00:00,29.3,80,0.0,10.0,0.0,14
2024-07-19 23:00:00,28.9,82,0.0,7.4,0.0,8
2024-07-20 00:00:00,28.4,84,0.0,5.2,0.0,4
2024-07-20 01:00:00,27.9,88,0.0,8.3,0.0,10
2024-07-20 02:00:00,27.6,90,0.0,9.0,0.0,44
2024-07-20 03:00:00,27.4,91,0.0,9.1,0.0,79
2024-07-20 04:00:00,27.2,92,0.0,9.4,0.0,97
2024-07-20 05:00:00,27.1,92,0.0,8.9,0.0,96
2024-07-20 06:00:00,28.2,88,25.0,13.0,0.0,100
2024-07-20 07:00:00,28.8,85,132.0,10.2,0.0,100
2024-07-20 08:00:00,29.8,81,280.0,8.6,0.0,100
2024-07-20 09:00:00,31.0,76,433.0,9.5,0.0,98
2024-07-20 10:00:00,32.0,70,561.0,9.3,0.0,87
2024-07-20 11:00:00,33.3,64,746.0,8.6,0.0,98
2024-07-20 12:00:00,34.1,60,819.0,8.4,0.0,90
2024-07-20 13:00:00,34.7,58,789.0,8.6,0.1,33
2024-07-20 14:00:00,35.1,56,714.0,7.4,0.1,31
2024-07-20 15:00:00,35.1,57,610.0,6.3,0.0,9
2024-07-20 16:00:00,35.0,57,471.0,5.7,0.0,4
2024-07-20 17:00:00,34.6,59,300.0,6.4,0.0,3
2024-07-20 18:00:00,33.3,67,133.0,5.4,0.0,3
2024-07-20 19:00:00,31.9,72,20.0,5.4,0.0,2
2024-07-20 20:00:00,31.3,75,0.0,6.1,0.0,3
2024-07-20 21:00:00,30.9,77,0.0,10.0,0.0,3
2024-07-20 22:00:00,30.2,80,0.0,11.1,0.0,2
2024-07-20 23:00:00,29.7,83,0.0,9.4,0.0,1
2024-07-21 00:00:00,29.4,86,0.0,7.0,0.0,10
2024-07-21 01:00:00,29.2,88,0.0,6.2,0.0,38
2024-07-21 02:00:00,29.0,89,0.0,6.6,0.0,28
2024-07-21 03:00:00,28.8,90,0.0,6.0,0.0,99
2024-07-21 04:00:00,28.5,92,0.0,3.2,0.0,19
2024-07-21 05:00:00,27.2,95,0.0,9.9,0.7,99
2024-07-21 06:00:00,27.9,93,22.0,9.0,0.1,95
2024-07-21 07:00:00,29.0,88,131.0,9.4,0.0,82
2024-07-21 08:00:00,30.4,81,288.0,10.0,0.0,24
2024-07-21 09:00:00,31.9,75,491.0,8.9,0.0,29
2024-07-21 10:00:00,32.9,71,653.0,10.4,0.0,50
2024-07-21 11:00:00,33.4,67,628.0,12.6,0.0,69
2024-07-21 12:00:00,31.9,73,626.0,16.3,1.1,60
2024-07-21 13:00:00,33.7,68,739.0,13.5,0.0,23
2024-07-21 14:00:00,34.6,64,714.0,12.5,0.0,80
2024-07-21 15:00:00,34.8,62,523.0,11.3,0.0,62
2024-07-21 16:00:00,34.6,62,419.0,10.6,0.0,25
2024-07-21 17:00:00,34.2,63,281.0,9.2,0.0,24
2024-07-21 18:00:00,31.6,74,121.0,4.8,0.0,18
2024-07-21 19:00:00,31.2,76,18.0,8.4,0.0,6
2024-07-21 20:00:00,31.0,77,0.0,10.0,0.0,3
2024-07-21 21:00:00,30.7,79,0.0,12.2,0.0,3
2024-07-21 22:00:00,30.5,79,0.0,12.3,0.0,25
2024-07-21 23:00:00,30.2,81,0.0,13.4,0.0,13
2024-07-22 00:00:00,28.9,88,0.0,4.0,3.7,65
2024-07-22 01:00:00,28.7,90,0.0,8.9,0.3,50
2024-07-22 02:00:00,28.5,91,0.0,9.7,0.0,91
2024-07-22 03:00:00,28.4,92,0.0,10.2,0.0,91
2024-07-22 04:00:00,28.3,92,0.0,9.7,0.0,70
2024-07-22 05:00:00,27.8,90,0.0,4.8,0.7,100
2024-07-22 06:00:00,29.2,84,22.0,8.4,0.0,98
2024-07-22 07:00:00,30.0,83,132.0,9.5,0.0,100
2024-07-22 08:00:00,30.9,79,279.0,10.9,0.0,91
2024-07-22 09:00:00,32.1,74,480.0,8.9,0.0,49
2024-07-22 10:00:00,33.2,68,605.0,8.7,0.0,100
2024-07-22 11:00:00,34.1,63,683.0,8.4,0.0,100
2024-07-22 12:00:00,34.5,61,675.0,7.7,0.1,100
2024-07-22 13:00:00,34.5,61,548.0,8.5,0.0,100
2024-07-22 14:00:00,34.2,62,535.0,7.2,0.1,90
2024-07-22 15:00:00,34.3,62,517.0,4.1,0.1,93
2024-07-22 16:00:00,34.6,61,407.0,4.5,0.0,100
2024-07-22 17:00:00,34.3,62,278.0,7.9,0.0,100
2024-07-22 18:00:00,30.5,79,108.0,9.9,0.0,100
2024-07-22 19:00:00,29.8,82,19.0,9.1,0.0,100
2024-07-22 20:00:00,29.4,85,0.0,8.9,0.0,100
2024-07-22 21:00:00,29.2,87,0.0,9.7,0.0,100
2024-07-22 22:00:00,29.0,88,0.0,10.2,0.0,100
2024-07-22 23:00:00,28.8,89,0.0,10.5,0.0,99
2024-07-23 00:00:00,28.7,89,0.0,10.0,0.0,100
2024-07-23 01:00:00,28.4,91,0.0,8.8,0.0,100
2024-07-23 02:00:00,28.2,91,0.0,6.3,0.0,95
2024-07-23 03:00:00,28.0,93,0.0,5.6,0.0,75
2024-07-23 04:00:00,27.8,93,0.0,7.3,0.0,11
2024-07-23 05:00:00,27.7,94,0.0,11.4,0.0,85
2024-07-23 06:00:00,28.1,89,22.0,14.9,0.2,100
2024-07-23 07:00:00,27.0,91,69.0,3.7,2.6,100
2024-07-23 08:00:00,27.6,88,198.0,8.2,0.7,100
2024-07-23 09:00:00,28.7,85,340.0,1.1,0.0,100
2024-07-23 10:00:00,30.3,77,519.0,3.1,0.0,91
2024-07-23 11:00:00,31.7,74,621.0,1.6,0.0,26
2024-07-23 12:00:00,33.0,69,789.0,2.4,0.0,9
2024-07-23 13:00:00,34.0,65,781.0,2.4,0.0,14
2024-07-23 14:00:00,34.4,63,724.0,3.4,0.0,15
2024-07-23 15:00:00,34.8,61,614.0,2.5,0.0,32
2024-07-23 16:00:00,34.7,60,458.0,2.3,0.0,95
2024-07-23 17:00:00,34.3,61,287.0,2.3,0.0,29
2024-07-23 18:00:00,33.0,67,113.0,3.8,0.0,99
2024-07-23 19:00:00,31.0,79,16.0,6.4,0.4,98
2024-07-23 20:00:00,30.3,85,0.0,2.2,0.3,73
2024-07-23 21:00:00,29.8,87,0.0,4.4,0.0,44
2024-07-23 22:00:00,29.5,88,0.0,5.4,0.0,50
2024-07-23 23:00:00,28.5,89,0.0,13.9,0.1,38
2024-07-24 00:00:00,28.0,90,0.0,5.8,0.6,96
2024-07-24 01:00:00,27.3,92,0.0,7.4,3.6,57
2024-07-24 02:00:00,27.1,94,0.0,9.4,0.1,55
2024-07-24 03:00:00,26.7,96,0.0,8.8,0.0,40
2024-07-24 04:00:00,26.6,96,0.0,5.6,0.0,23
2024-07-24 05:00:00,26.4,96,0.0,5.2,0.0,17
2024-07-24 06:00:00,26.9,92,4.0,3.3,0.6,100
2024-07-24 07:00:00,27.1,92,29.0,2.1,1.4,100
2024-07-24 08:00:00,27.4,91,83.0,1.8,0.4,100
2024-07-24 09:00:00,28.6,87,241.0,1.9,0.0,100
2024-07-24 10:00:00,29.4,84,348.0,4.1,0.1,100
2024-07-24 11:00:00,30.4,80,419.0,6.3,0.1,100
2024-07-24 12:00:00,31.3,76,530.0,8.4,0.0,100
2024-07-24 13:00:00,32.5,70,592.0,9.5,0.0,100
2024-07-24 14:00:00,33.1,67,534.0,6.9,0.0,87
2024-07-24 15:00:00,33.6,65,548.0,6.6,0.0,33
2024-07-24 16:00:00,33.7,65,495.0,5.0,0.0,7
2024-07-24 17:00:00,33.6,65,312.0,3.8,0.0,3
2024-07-24 18:00:00,31.8,69,133.0,2.8,0.0,82
2024-07-24 19:00:00,30.5,78,19.0,3.1,0.0,97
2024-07-24 20:00:00,29.9,80,0.0,3.4,0.0,99
2024-07-24 21:00:00,29.6,81,0.0,3.6,0.0,99
2024-07-24 22:00:00,29.1,84,0.0,3.3,0.0,97
2024-07-24 23:00:00,29.0,83,0.0,6.8,0.0,100
2024-07-25 00:00:00,28.6,85,0.0,5.4,0.0,100
2024-07-25 01:00:00,28.3,88,0.0,2.8,0.0,99
2024-07-25 02:00:00,27.9,91,0.0,2.2,0.1,99
2024-07-25 03:00:00,27.8,90,0.0,9.2,0.0,100
2024-07-25 04:00:00,27.5,90,0.0,10.3,0.0,8
2024-07-25 05:00:00,27.2,92,0.0,8.4,0.0,15
2024-07-25 06:00:00,27.8,87,13.0,3.8,0.3,62
2024-07-25 07:00:00,28.2,86,88.0,3.3,0.0,49
2024-07-25 08:00:00,29.6,80,290.0,3.9,0.0,35
2024-07-25 09:00:00,31.0,75,488.0,3.8,0.0,98
2024-07-25 10:00:00,32.1,72,584.0,3.8,0.0,81
2024-07-25 11:00:00,33.0,69,677.0,3.0,0.0,73
2024-07-25 12:00:00,33.9,66,801.0,3.3,0.1,99
2024-07-25 13:00:00,34.7,61,771.0,4.4,0.0,99
2024-07-25 14:00:00,34.5,61,674.0,2.6,0.0,85
2024-07-25 15:00:00,34.1,63,541.0,3.0,0.1,100
2024-07-25 16:00:00,34.3,61,360.0,2.6,0.0,100
2024-07-25 17:00:00,34.2,61,249.0,3.8,0.0,100
2024-07-25 18:00:00,32.3,67,124.0,3.7,0.0,51
2024-07-25 19:00:00,31.2,81,18.0,3.6,0.0,96
2024-07-25 20:00:00,31.6,70,0.0,0.7,0.0,100
2024-07-25 21:00:00,30.7,76,0.0,3.3,0.0,100
2024-07-25 22:00:00,30.4,77,0.0,9.8,0.0,100
2024-07-25 23:00:00,29.6,79,0.0,11.1,0.0,100
2024-07-26 00:00:00,29.2,83,0.0,13.0,0.0,100
2024-07-26 01:00:00,28.5,86,0.0,6.8,0.1,100
2024-07-26 02:00:00,28.1,87,0.0,7.1,0.1,100
2024-07-26 03:00:00,27.9,88,0.0,5.2,0.1,100
2024-07-26 04:00:00,27.8,89,0.0,1.1,0.0,100
2024-07-26 05:00:00,27.4,93,0.0,4.0,0.0,100
2024-07-26 06:00:00,27.5,95,8.0,7.9,3.3,100
2024-07-26 07:00:00,27.7,93,28.0,7.6,1.2,100
2024-07-26 08:00:00,28.0,92,112.0,5.8,0.9,100
2024-07-26 09:00:00,28.4,93,229.0,3.4,2.0,100
2024-07-26 10:00:00,28.6,92,198.0,5.7,2.1,100
2024-07-26 11:00:00,29.5,87,305.0,5.5,0.4,100
2024-07-26 12:00:00,30.9,77,478.0,5.1,0.0,100
2024-07-26 13:00:00,31.9,70,537.0,5.9,0.0,100
2024-07-26 14:00:00,32.2,68,414.0,8.7,0.0,100
2024-07-26 15:00:00,32.7,67,446.0,9.8,0.0,98
2024-07-26 16:00:00,32.7,68,336.0,8.1,0.0,100
2024-07-26 17:00:00,32.6,69,271.0,8.0,0.0,100
2024-07-26 18:00:00,33.0,65,118.0,8.4,0.0,74
2024-07-26 19:00:00,31.8,70,17.0,6.1,0.0,98
2024-07-26 20:00:00,31.1,74,0.0,4.6,0.0,96
2024-07-26 21:00:00,30.6,77,0.0,4.1,0.0,92
2024-07-26 22:00:00,30.1,80,0.0,11.2,0.0,100
2024-07-26 23:00:00,29.3,84,0.0,8.4,0.0,100
2024-07-27 00:00:00,28.9,86,0.0,5.9,0.0,100
2024-07-27 01:00:00,28.7,88,0.0,3.6,0.0,100
2024-07-27 02:00:00,28.5,89,0.0,4.5,0.0,99
2024-07-27 03:00:00,28.3,89,0.0,4.7,0.0,99
2024-07-27 04:00:00,28.1,89,0.0,8.1,0.0,99
2024-07-27 05:00:00,28.0,91,0.0,5.4,0.0,91
2024-07-27 06:00:00,28.6,89,21.0,1.9,0.0,100
2024-07-27 07:00:00,29.4,85,131.0,2.1,0.0,100
2024-07-27 08:00:00,30.7,79,279.0,3.6,0.0,100
2024-07-27 09:00:00,31.9,75,459.0,4.0,0.0,100
2024-07-27 10:00:00,32.8,72,563.0,6.0,0.0,100
2024-07-27 11:00:00,34.0,65,679.0,5.6,0.0,100
2024-07-27 12:00:00,33.8,64,485.0,7.2,0.3,100
2024-07-27 13:00:00,31.9,72,553.0,16.1,2.7,100
2024-07-27 14:00:00,30.0,82,202.0,7.4,1.4,100
2024-07-27 15:00:00,31.1,78,346.0,6.1,0.1,100
2024-07-27 16:00:00,31.6,76,297.0,9.4,0.0,100
2024-07-27 17:00:00,31.4,77,193.0,9.4,0.0,100
2024-07-27 18:00:00,32.4,73,118.0,6.5,0.0,17
2024-07-27 19:00:00,31.5,79,16.0,3.9,0.0,23
2024-07-27 20:00:00,30.8,85,0.0,3.6,0.0,44
2024-07-27 21:00:00,30.5,84,0.0,7.6,0.0,99
2024-07-27 22:00:00,29.9,85,0.0,5.1,0.0,34
2024-07-27 23:00:00,29.5,87,0.0,2.3,0.0,14
2024-07-28 00:00:00,29.2,90,0.0,2.3,0.0,17
2024-07-28 01:00:00,28.9,93,0.0,3.1,0.0,23
2024-07-28 02:00:00,28.9,91,0.0,4.4,0.0,1
2024-07-28 03:00:00,28.8,91,0.0,5.2,0.0,19
2024-07-28 04:00:00,28.8,92,0.0,4.9,0.0,43
2024-07-28 05:00:00,28.6,92,0.0,5.3,0.0,8
2024-07-28 06:00:00,29.2,91,22.0,5.2,0.0,100
2024-07-28 07:00:00,30.5,83,139.0,5.9,0.0,98
2024-07-28 08:00:00,32.0,75,313.0,8.5,0.0,89
2024-07-28 09:00:00,33.3,67,496.0,10.1,0.0,38
2024-07-28 10:00:00,34.4,64,628.0,13.9,0.1,12
2024-07-28 11:00:00,31.8,75,715.0,15.7,5.4,100
2024-07-28 12:00:00,30.7,78,145.0,10.7,0.1,53
2024-07-28 13:00:00,32.3,74,595.0,12.3,0.4,52
2024-07-28 14:00:00,34.2,66,743.0,14.4,0.0,57
2024-07-28 15:00:00,35.0,62,617.0,11.9,0.0,22
2024-07-28 16:00:00,35.1,60,464.0,11.9,0.0,38
2024-07-28 17:00:00,34.6,61,290.0,12.3,0.0,24
2024-07-28 18:00:00,33.4,66,122.0,12.5,0.0,29
2024-07-28 19:00:00,32.4,70,16.0,10.8,0.0,24
2024-07-28 20:00:00,31.6,72,0.0,9.9,0.0,41
2024-07-28 21:00:00,31.0,75,0.0,9.3,0.0,17
2024-07-28 22:00:00,30.4,78,0.0,9.3,0.0,10
2024-07-28 23:00:00,29.9,80,0.0,9.7,0.0,23
2024-07-29 00:00:00,29.5,82,0.0,9.5,0.0,9
2024-07-29 01:00:00,29.1,84,0.0,9.2,0.0,2
2024-07-29 02:00:00,28.8,85,0.0,9.6,0.0,19
2024-07-29 03:00:00,28.6,86,0.0,9.4,0.0,55
2024-07-29 04:00:00,28.5,87,0.0,9.7,0.0,25
2024-07-29 05:00:00,28.3,88,0.0,10.8,0.0,87
2024-07-29 06:00:00,28.8,84,21.0,13.0,0.0,29
2024-07-29 07:00:00,29.8,80,138.0,15.7,0.0,2
2024-07-29 08:00:00,31.0,76,315.0,15.2,0.0,25
2024-07-29 09:00:00,32.3,70,492.0,14.7,0.0,32
2024-07-29 10:00:00,33.4,65,616.0,14.7,0.0,41
2024-07-29 11:00:00,34.4,62,768.0,13.6,0.1,20
2024-07-29 12:00:00,35.3,58,760.0,14.6,0.0,74
2024-07-29 13:00:00,35.7,57,742.0,15.3,0.1,99
2024-07-29 14:00:00,35.4,58,578.0,15.8,0.1,100
2024-07-29 15:00:00,35.2,59,451.0,15.0,0.0,100
2024-07-29 16:00:00,34.3,62,283.0,15.5,0.0,100
2024-07-29 17:00:00,33.5,65,214.0,13.9,0.0,100
2024-07-29 18:00:00,33.7,63,114.0,11.1,0.0,45
2024-07-29 19:00:00,32.8,68,16.0,7.5,0.0,57
2024-07-29 20:00:00,32.0,72,0.0,6.9,0.0,49
2024-07-29 21:00:00,31.4,75,0.0,7.4,0.0,56
2024-07-29 22:00:00,31.0,77,0.0,7.8,0.0,33
2024-07-29 23:00:00,30.7,78,0.0,8.9,0.0,89
2024-07-30 00:00:00,30.6,79,0.0,13.4,0.0,92
2024-07-30 01:00:00,30.4,79,0.0,12.8,0.0,39
2024-07-30 02:00:00,30.0,80,0.0,10.8,0.0,27
2024-07-30 03:00:00,29.6,82,0.0,11.4,0.0,49
2024-07-30 04:00:00,29.3,84,0.0,11.1,0.0,43
2024-07-30 05:00:00,29.0,86,0.0,10.5,0.0,59
2024-07-30 06:00:00,30.1,83,21.0,10.5,0.0,12
2024-07-30 07:00:00,31.0,80,138.0,11.9,0.0,84
2024-07-30 08:00:00,32.3,74,309.0,12.0,0.0,38
2024-07-30 09:00:00,33.7,66,496.0,12.7,0.1,8
2024-07-30 10:00:00,34.9,61,636.0,13.7,0.0,20
2024-07-30 11:00:00,35.7,57,730.0,12.7,0.0,49
2024-07-30 12:00:00,36.2,56,719.0,12.3,0.0,98
2024-07-30 13:00:00,36.1,56,567.0,13.3,0.0,93
2024-07-30 14:00:00,36.4,55,625.0,12.7,0.0,99
2024-07-30 15:00:00,36.3,56,501.0,11.4,0.0,99
2024-07-30 16:00:00,36.0,57,415.0,9.0,0.0,100
2024-07-30 17:00:00,35.6,57,217.0,9.8,0.0,99
2024-07-30 18:00:00,34.1,64,122.0,8.6,0.0,77
2024-07-30 19:00:00,33.1,68,15.0,4.6,0.0,70
2024-07-30 20:00:00,32.6,70,0.0,6.6,0.0,79
2024-07-30 21:00:00,32.1,72,0.0,7.9,0.0,32
2024-07-30 22:00:00,31.6,74,0.0,10.6,0.0,42
2024-07-30 23:00:00,30.5,79,0.0,10.7,0.0,21
2024-07-31 00:00:00,29.9,82,0.0,9.2,0.0,100
2024-07-31 01:00:00,29.6,83,0.0,7.9,0.0,99
2024-07-31 02:00:00,29.3,84,0.0,7.7,0.0,95
2024-07-31 03:00:00,29.2,84,0.0,3.7,0.0,100
2024-07-31 04:00:00,28.8,87,0.0,7.6,0.1,100
2024-07-31 05:00:00,28.6,87,0.0,7.2,0.0,100
2024-07-31 06:00:00,28.3,90,13.0,7.5,0.0,100
2024-07-31 07:00:00,28.6,86,57.0,6.2,0.0,100
2024-07-31 08:00:00,29.8,81,205.0,5.2,0.0,100
2024-07-31 09:00:00,31.0,77,308.0,3.1,0.0,100
2024-07-31 10:00:00,32.7,72,600.0,2.4,0.0,100
2024-07-31 11:00:00,33.9,67,688.0,1.8,0.0,100
2024-07-31 12:00:00,35.3,62,797.0,2.2,0.0,100
2024-07-31 13:00:00,36.5,58,854.0,1.8,0.0,100
2024-07-31 14:00:00,37.1,54,744.0,1.1,0.0,100
2024-07-31 15:00:00,36.7,54,627.0,3.3,0.0,100
2024-07-31 16:00:00,35.8,58,438.0,6.9,0.0,96
2024-07-31 17:00:00,33.2,69,212.0,13.6,1.6,100
2024-07-31 18:00:00,33.8,69,83.0,11.6,0.1,100
2024-07-31 19:00:00,28.6,93,5.0,10.2,21.6,100
2024-07-31 20:00:00,28.0,92,0.0,8.5,18.2,100
2024-07-31 21:00:00,27.1,97,0.0,9.9,22.6,100
2024-07-31 22:00:00,26.8,95,0.0,16.7,21.4,100
2024-07-31 23:00:00,26.5,97,0.0,17.4,30.4,100
2024-08-01 00:00:00,26.7,97,0.0,17.8,13.3,100
2024-08-01 01:00:00,27.1,96,0.0,14.1,5.7,100
2024-08-01 02:00:00,27.3,96,0.0,9.7,4.9,100
2024-08-01 03:00:00,27.4,97,0.0,8.4,3.2,100
2024-08-01 04:00:00,26.8,97,0.0,13.2,1.6,100
2024-08-01 05:00:00,26.5,98,0.0,10.4,1.2,100
2024-08-01 06:00:00,25.5,96,3.0,6.8,1.3,100
2024-08-01 07:00:00,25.7,95,29.0,2.2,0.6,100
2024-08-01 08:00:00,26.2,93,77.0,0.8,1.0,99
2024-08-01 09:00:00,27.0,90,214.0,1.9,1.1,100
2024-08-01 10:00:00,28.1,82,302.0,4.3,0.3,100
2024-08-01 11:00:00,29.2,79,505.0,4.0,0.1,100
2024-08-01 12:00:00,29.6,75,387.0,4.9,0.0,100
2024-08-01 13:00:00,30.5,72,523.0,6.6,0.1,99
2024-08-01 14:00:00,31.2,70,613.0,5.5,0.0,100
2024-08-01 15:00:00,31.2,71,458.0,4.9,0.0,95
2024-08-01 16:00:00,31.0,71,324.0,2.6,0.0,79
2024-08-01 17:00:00,31.0,71,273.0,2.6,0.1,100
2024-08-01 18:00:00,29.7,75,91.0,3.8,0.0,100
2024-08-01 19:00:00,28.8,81,12.0,4.2,0.0,100
2024-08-01 20:00:00,28.4,82,0.0,10.2,0.1,100
2024-08-01 21:00:00,27.6,84,0.0,9.1,0.1,100
2024-08-01 22:00:00,27.1,86,0.0,5.9,0.0,100
2024-08-01 23:00:00,26.7,90,0.0,2.6,0.0,100
2024-08-02 00:00:00,26.6,93,0.0,1.3,0.0,99
2024-08-02 01:00:00,26.3,95,0.0,0.7,0.0,100
2024-08-02 02:00:00,26.1,93,0.0,7.9,0.1,100
2024-08-02 03:00:00,25.9,91,0.0,9.0,0.2,100
2024-08-02 04:00:00,25.5,93,0.0,9.5,0.0,100
2024-08-02 05:00:00,25.5,93,0.0,9.3,0.0,100
2024-08-02 06:00:00,26.4,90,14.0,9.5,0.2,100
2024-08-02 07:00:00,26.8,88,114.0,9.2,0.0,99
2024-08-02 08:00:00,28.1,83,303.0,12.8,0.0,100
2024-08-02 09:00:00,29.5,77,407.0,14.8,0.0,100
2024-08-02 10:00:00,30.1,77,466.0,14.2,0.0,100
2024-08-02 11:00:00,31.1,73,584.0,16.1,0.0,100
2024-08-02 12:00:00,31.5,69,472.0,17.6,0.1,100
2024-08-02 13:00:00,31.8,69,569.0,17.0,0.1,100
2024-08-02 14:00:00,32.2,68,545.0,15.7,0.0,100
2024-08-02 15:00:00,31.1,72,479.0,15.5,0.4,90
2024-08-02 16:00:00,31.4,73,406.0,12.7,1.0,77
2024-08-02 17:00:00,30.5,75,224.0,12.0,0.9,65
2024-08-02 18:00:00,28.3,84,100.0,11.2,0.0,99
2024-08-02 19:00:00,27.7,86,13.0,9.2,0.0,49
2024-08-02 20:00:00,27.6,87,0.0,10.9,0.0,7
2024-08-02 21:00:00,27.5,89,0.0,10.0,0.0,13
2024-08-02 22:00:00,27.4,90,0.0,9.0,0.0,60
2024-08-02 23:00:00,27.4,90,0.0,10.0,0.0,18
2024-08-03 00:00:00,27.2,91,0.0,13.8,0.1,62
2024-08-03 01:00:00,26.7,90,0.0,11.3,0.1,37
2024-08-03 02:00:00,26.4,92,0.0,9.5,0.0,19
2024-08-03 03:00:00,26.1,95,0.0,9.5,0.0,12
2024-08-03 04:00:00,26.0,95,0.0,11.8,0.0,36
2024-08-03 05:00:00,26.0,95,0.0,12.6,0.0,21
2024-08-03 06:00:00,27.1,91,18.0,14.6,0.0,16
2024-08-03 07:00:00,27.9,87,124.0,17.8,0.1,40
2024-08-03 08:00:00,28.7,84,262.0,17.6,0.1,55
2024-08-03 09:00:00,30.0,78,413.0,14.8,0.1,91
2024-08-03 10:00:00,30.6,75,455.0,15.7,0.1,100
2024-08-03 11:00:00,31.3,72,480.0,17.6,0.1,99
2024-08-03 12:00:00,31.8,70,497.0,18.0,0.1,69
2024-08-03 13:00:00,32.4,69,664.0,19.6,0.1,100
2024-08-03 14:00:00,31.5,70,537.0,20.9,0.8,90
2024-08-03 15:00:00,30.9,74,341.0,18.3,0.2,32
2024-08-03 16:00:00,31.7,71,434.0,18.4,0.0,17
2024-08-03 17:00:00,31.5,71,288.0,16.6,0.0,12
2024-08-03 18:00:00,29.6,80,119.0,9.7,0.0,11
2024-08-03 19:00:00,28.8,83,14.0,6.9,0.0,14
2024-08-03 20:00:00,28.3,85,0.0,5.9,0.0,18
2024-08-03 21:00:00,28.0,87,0.0,5.5,0.0,16
2024-08-03 22:00:00,27.9,87,0.0,8.7,0.0,16
2024-08-03 23:00:00,27.6,87,0.0,10.0,0.0,94
2024-08-04 00:00:00,27.4,86,0.0,10.7,0.0,56
2024-08-04 01:00:00,27.2,86,0.0,9.3,0.0,37
2024-08-04 02:00:00,27.1,86,0.0,9.1,0.0,28
2024-08-04 03:00:00,27.0,86,0.0,9.1,0.0,50
2024-08-04 04:00:00,26.9,87,0.0,7.7,0.0,65
2024-08-04 05:00:00,26.9,87,0.0,8.0,0.0,22
2024-08-04 06:00:00,27.2,86,17.0,10.9,0.0,73
2024-08-04 07:00:00,28.1,81,113.0,11.5,0.0,25
2024-08-04 08:00:00,29.5,72,282.0,19.3,0.0,29
2024-08-04 09:00:00,30.3,69,477.0,24.0,0.0,21
2024-08-04 10:00:00,31.0,67,546.0,25.7,0.0,20
2024-08-04 11:00:00,31.9,63,739.0,25.9,0.0,56
2024-08-04 12:00:00,32.6,60,753.0,25.6,0.0,57
2024-08-04 13:00:00,33.0,59,740.0,23.2,0.0,12
2024-08-04 14:00:00,33.5,57,713.0,23.1,0.0,17
2024-08-04 15:00:00,33.4,57,619.0,25.2,0.0,52
2024-08-04 16:00:00,32.7,62,434.0,19.9,0.0,14
2024-08-04 17:00:00,32.3,64,291.0,19.4,0.0,60
2024-08-04 18:00:00,30.2,75,105.0,12.6,0.0,52
2024-08-04 19:00:00,29.4,77,12.0,13.9,0.1,35
2024-08-04 20:00:00,29.2,77,0.0,17.4,0.0,30
2024-08-04 21:00:00,29.1,77,0.0,19.8,0.0,59
2024-08-04 22:00:00,28.8,78,0.0,20.8,0.0,7
2024-08-04 23:00:00,28.4,79,0.0,22.5,0.0,7
2024-08-05 00:00:00,28.0,80,0.0,23.7,0.1,75
2024-08-05 01:00:00,27.3,83,0.0,22.4,0.2,35
2024-08-05 02:00:00,27.1,85,0.0,23.2,0.1,56
2024-08-05 03:00:00,26.9,84,0.0,24.7,0.0,32
2024-08-05 04:00:00,26.8,85,0.0,25.2,0.0,38
2024-08-05 05:00:00,26.8,86,0.0,26.0,0.0,30
2024-08-05 06:00:00,26.4,92,4.0,24.1,0.2,96
2024-08-05 07:00:00,27.2,87,90.0,28.3,0.0,73
2024-08-05 08:00:00,27.6,83,194.0,31.0,0.0,100
2024-08-05 09:00:00,27.7,83,144.0,28.4,0.0,81
2024-08-05 10:00:00,29.8,73,490.0,28.1,0.1,97
2024-08-05 11:00:00,30.5,70,535.0,27.3,0.2,45
2024-08-05 12:00:00,31.5,66,700.0,24.6,0.1,21
2024-08-05 13:00:00,32.4,62,824.0,24.5,0.1,20
2024-08-05 14:00:00,32.6,61,717.0,23.4,0.1,17
2024-08-05 15:00:00,32.5,62,632.0,22.2,0.0,18
2024-08-05 16:00:00,32.3,62,446.0,20.2,0.0,20
2024-08-05 17:00:00,31.4,66,270.0,19.1,0.0,14
2024-08-05 18:00:00,29.7,73,109.0,15.3,0.0,11
2024-08-05 19:00:00,28.9,76,12.0,13.2,0.0,37
2024-08-05 20:00:00,28.7,77,0.0,13.4,0.0,99
2024-08-05 21:00:00,28.4,79,0.0,13.6,0.0,100
2024-08-05 22:00:00,28.2,80,0.0,13.2,0.0,100
2024-08-05 23:00:00,28.2,81,0.0,13.2,0.0,100
2024-08-06 00:00:00,28.0,82,0.0,11.6,0.0,100
2024-08-06 01:00:00,27.7,84,0.0,10.9,0.0,10
2024-08-06 02:00:00,27.4,83,0.0,11.8,0.0,7
2024-08-06 03:00:00,27.1,84,0.0,10.8,0.0,13
2024-08-06 04:00:00,26.7,86,0.0,9.7,0.0,14
2024-08-06 05:00:00,26.4,88,0.0,9.0,0.0,12
2024-08-06 06:00:00,26.8,88,17.0,9.5,0.0,13
2024-08-06 07:00:00,27.6,82,132.0,10.5,0.0,12
2024-08-06 08:00:00,28.7,76,303.0,9.4,0.0,62
2024-08-06 09:00:00,29.4,74,400.0,9.8,0.1,100
2024-08-06 10:00:00,29.3,75,292.0,11.9,0.0,100
2024-08-06 11:00:00,30.0,72,386.0,12.3,0.0,98
2024-08-06 12:00:00,30.9,68,521.0,13.0,0.0,100
2024-08-06 13:00:00,31.2,66,463.0,13.4,0.0,99
2024-08-06 14:00:00,31.2,66,444.0,14.6,0.0,88
2024-08-06 15:00:00,31.3,65,385.0,14.7,0.0,91
2024-08-06 16:00:00,31.8,63,410.0,13.9,0.0,64
2024-08-06 17:00:00,31.5,64,230.0,9.7,0.0,100
2024-08-06 18:00:00,30.7,71,109.0,10.7,0.0,100
2024-08-06 19:00:00,29.4,75,12.0,9.6,0.0,100
2024-08-06 20:00:00,28.8,79,0.0,9.4,0.0,100
2024-08-06 21:00:00,28.6,80,0.0,11.7,0.0,100
2024-08-06 22:00:00,28.1,80,0.0,11.6,0.0,100
2024-08-06 23:00:00,27.5,80,0.0,11.8,0.0,100
2024-08-07 00:00:00,27.1,81,0.0,10.8,0.1,72
2024-08-07 01:00:00,26.7,83,0.0,9.5,0.0,100
2024-08-07 02:00:00,26.4,84,0.0,8.6,0.0,100
2024-08-07 03:00:00,26.6,84,0.0,7.4,0.0,100
2024-08-07 04:00:00,26.6,85,0.0,6.2,0.0,100
2024-08-07 05:00:00,26.6,86,0.0,6.4,0.1,100
2024-08-07 06:00:00,26.8,90,3.0,3.9,0.9,100
2024-08-07 07:00:00,26.8,90,23.0,5.9,0.5,100
2024-08-07 08:00:00,26.9,90,125.0,9.0,0.4,100
2024-08-07 09:00:00,26.6,91,94.0,11.2,0.4,100
2024-08-07 10:00:00,27.0,90,141.0,10.5,0.5,100
2024-08-07 11:00:00,27.6,85,200.0,8.9,0.3,100
2024-08-07 12:00:00,28.3,81,227.0,9.7,0.1,100
2024-08-07 13:00:00,29.2,77,370.0,8.2,0.1,99
2024-08-07 14:00:00,30.1,74,475.0,5.2,0.3,89
2024-08-07 15:00:00,30.0,74,431.0,1.6,0.5,100
2024-08-07 16:00:00,29.5,76,157.0,0.5,0.5,100
2024-08-07 17:00:00,28.9,78,148.0,5.6,0.5,99
2024-08-07 18:00:00,26.8,92,56.0,8.1,5.4,94
2024-08-07 19:00:00,26.9,92,6.0,7.9,0.1,91
2024-08-07 20:00:00,26.5,95,0.0,3.1,0.0,100
2024-08-07 21:00:00,26.2,93,0.0,8.3,1.3,100
2024-08-07 22:00:00,25.9,95,0.0,7.1,2.5,100
2024-08-07 23:00:00,25.5,98,0.0,7.9,1.9,100
2024-08-08 00:00:00,25.6,97,0.0,5.2,0.4,100
2024-08-08 01:00:00,25.7,96,0.0,6.8,0.3,100
2024-08-08 02:00:00,25.5,96,0.0,8.5,0.3,100
2024-08-08 03:00:00,25.6,96,0.0,6.9,0.6,100
2024-08-08 04:00:00,25.7,95,0.0,6.6,2.0,100
2024-08-08 05:00:00,25.6,96,0.0,7.6,2.3,100
2024-08-08 06:00:00,25.7,94,5.0,10.2,0.0,100
2024-08-08 07:00:00,26.0,92,39.0,10.4,0.0,100
2024-08-08 08:00:00,26.8,88,149.0,10.8,0.0,100
2024-08-08 09:00:00,27.9,83,242.0,12.3,0.2,97
2024-08-08 10:00:00,29.4,75,455.0,10.3,0.1,46
2024-08-08 11:00:00,30.6,70,676.0,9.7,0.3,62
2024-08-08 12:00:00,31.1,71,625.0,10.4,0.2,100
2024-08-08 13:00:00,31.5,69,590.0,9.7,0.0,98
2024-08-08 14:00:00,31.1,70,398.0,7.6,0.2,57
2024-08-08 15:00:00,30.9,72,430.0,6.1,0.0,99
2024-08-08 16:00:00,28.8,82,255.0,7.2,1.4,94
2024-08-08 17:00:00,29.0,81,196.0,5.0,0.5,99
2024-08-08 18:00:00,27.7,90,86.0,9.0,1.5,50
2024-08-08 19:00:00,26.8,93,10.0,7.9,0.2,42
2024-08-08 20:00:00,26.3,95,0.0,4.6,0.1,40
2024-08-08 21:00:00,26.2,96,0.0,1.6,0.0,45
2024-08-08 22:00:00,26.2,96,0.0,1.8,0.1,52
2024-08-08 23:00:00,26.0,97,0.0,2.9,0.1,97
2024-08-09 00:00:00,25.9,96,0.0,5.2,1.1,85
2024-08-09 01:00:00,25.8,96,0.0,3.7,0.1,88
2024-08-09 02:00:00,25.7,97,0.0,2.5,0.0,99
2024-08-09 03:00:00,25.6,96,0.0,5.6,0.2,100
2024-08-09 04:00:00,25.5,95,0.0,7.2,3.3,99
2024-08-09 05:00:00,25.3,96,0.0,7.1,0.8,100
2024-08-09 06:00:00,26.1,91,13.0,7.3,0.1,100
2024-08-09 07:00:00,26.6,89,122.0,5.5,0.3,100
2024-08-09 08:00:00,27.3,88,238.0,7.0,0.2,100
2024-08-09 09:00:00,28.2,84,304.0,8.0,0.0,100
2024-08-09 10:00:00,29.9,75,563.0,7.6,0.1,100
2024-08-09 11:00:00,30.6,73,672.0,7.6,0.3,100
2024-08-09 12:00:00,31.3,72,653.0,7.2,0.0,100
2024-08-09 13:00:00,31.8,71,677.0,6.9,0.1,100
2024-08-09 14:00:00,31.7,71,575.0,6.4,0.2,100
2024-08-09 15:00:00,31.6,71,460.0,5.7,0.2,100
2024-08-09 16:00:00,31.2,72,282.0,4.7,0.2,100
2024-08-09 17:00:00,26.7,94,111.0,6.4,11.5,100
2024-08-09 18:00:00,28.7,83,83.0,4.0,1.8,100
2024-08-09 19:00:00,27.0,92,5.0,1.6,2.0,100
2024-08-09 20:00:00,26.8,93,0.0,4.6,1.0,100
2024-08-09 21:00:00,25.9,94,0.0,6.9,6.3,100
2024-08-09 22:00:00,25.7,96,0.0,8.4,0.3,100
2024-08-09 23:00:00,25.7,96,0.0,5.7,0.7,100
2024-08-10 00:00:00,25.5,96,0.0,4.3,1.0,100
2024-08-10 01:00:00,25.2,97,0.0,6.6,1.1,100
2024-08-10 02:00:00,24.9,97,0.0,3.1,2.7,100
2024-08-10 03:00:00,24.9,99,0.0,4.7,2.1,100
2024-08-10 04:00:00,24.9,97,0.0,4.9,0.3,100
2024-08-10 05:00:00,25.0,97,0.0,7.2,0.4,100
2024-08-10 06:00:00,26.3,94,13.0,5.1,0.1,100
2024-08-10 07:00:00,26.7,93,82.0,9.8,0.1,90
2024-08-10 08:00:00,27.5,89,206.0,7.4,0.1,100
2024-08-10 09:00:00,28.4,84,268.0,6.7,0.0,100
2024-08-10 10:00:00,29.5,78,410.0,7.9,0.2,100
2024-08-10 11:00:00,30.1,76,518.0,3.9,0.3,100
2024-08-10 12:00:00,30.9,73,624.0,5.6,0.3,100
2024-08-10 13:00:00,31.1,71,624.0,5.4,0.3,100
2024-08-10 14:00:00,31.2,72,487.0,6.3,0.0,100
2024-08-10 15:00:00,31.2,73,481.0,7.2,0.1,100
2024-08-10 16:00:00,31.3,72,380.0,4.0,0.1,100
2024-08-10 17:00:00,28.9,82,196.0,6.6,4.1,100
2024-08-10 18:00:00,28.1,85,61.0,6.4,0.6,100
2024-08-10 19:00:00,26.6,93,4.0,3.7,1.8,100
2024-08-10 20:00:00,26.6,94,0.0,4.0,0.4,100
2024-08-10 21:00:00,26.5,94,0.0,4.9,0.5,100
2024-08-10 22:00:00,26.1,95,0.0,5.9,0.1,100
2024-08-10 23:00:00,25.9,97,0.0,3.5,0.0,100
2024-08-11 00:00:00,25.7,98,0.0,4.9,0.0,100
2024-08-11 01:00:00,25.6,97,0.0,3.7,0.0,100
2024-08-11 02:00:00,25.7,95,0.0,5.0,0.0,100
2024-08-11 03:00:00,25.8,94,0.0,3.4,0.1,100
2024-08-11 04:00:00,25.8,94,0.0,2.7,0.0,80
2024-08-11 05:00:00,25.6,94,0.0,3.8,0.4,100
2024-08-11 06:00:00,26.0,94,13.0,2.4,6.6,100
2024-08-11 07:00:00,26.2,93,30.0,8.8,1.4,100
2024-08-11 08:00:00,26.6,91,131.0,11.1,0.1,100
2024-08-11 09:00:00,27.8,87,295.0,8.2,0.2,100
2024-08-11 10:00:00,28.7,83,361.0,7.8,0.2,100
2024-08-11 11:00:00,29.6,79,451.0,9.7,0.2,100
2024-08-11 12:00:00,30.2,77,476.0,10.3,0.1,100
2024-08-11 13:00:00,30.7,74,488.0,9.1,0.0,100
2024-08-11 14:00:00,30.9,74,478.0,7.0,0.1,100
2024-08-11 15:00:00,29.1,81,294.0,4.5,1.2,100
2024-08-11 16:00:00,29.1,80,302.0,4.3,0.2,100
2024-08-11 17:00:00,29.2,81,221.0,4.7,0.0,100
2024-08-11 18:00:00,27.0,89,48.0,7.7,0.4,100
2024-08-11 19:00:00,26.5,92,4.0,8.1,0.2,100
2024-08-11 20:00:00,26.2,93,0.0,8.4,0.0,100
2024-08-11 21:00:00,26.0,95,0.0,5.6,0.0,100
2024-08-11 22:00:00,25.8,96,0.0,4.0,0.0,100
2024-08-11 23:00:00,25.8,96,0.0,5.5,0.0,100
2024-08-12 00:00:00,25.6,95,0.0,2.9,0.2,97
2024-08-12 01:00:00,25.7,95,0.0,4.0,0.2,100
2024-08-12 02:00:00,25.7,95,0.0,3.7,0.1,100
2024-08-12 03:00:00,25.6,95,0.0,3.4,0.1,100
2024-08-12 04:00:00,25.8,96,0.0,5.6,0.0,100
2024-08-12 05:00:00,25.6,95,0.0,11.1,0.2,100
2024-08-12 06:00:00,25.8,91,11.0,8.4,0.2,98
2024-08-12 07:00:00,26.4,90,70.0,10.0,0.5,100
2024-08-12 08:00:00,26.5,89,51.0,11.4,0.4,100
2024-08-12 09:00:00,26.3,91,74.0,13.6,0.1,100
2024-08-12 10:00:00,26.6,90,186.0,12.4,0.5,100
2024-08-12 11:00:00,27.3,89,269.0,8.9,0.5,100
2024-08-12 12:00:00,28.3,86,427.0,6.9,0.2,100
2024-08-12 13:00:00,28.7,83,342.0,3.8,0.1,66
2024-08-12 14:00:00,30.0,77,541.0,3.7,0.1,96
2024-08-12 15:00:00,28.2,84,342.0,8.2,5.3,100
2024-08-12 16:00:00,27.8,86,186.0,8.2,0.8,100
2024-08-12 17:00:00,27.7,86,217.0,7.0,0.7,100
2024-08-12 18:00:00,26.9,93,47.0,5.6,0.3,100
2024-08-12 19:00:00,26.8,95,8.0,5.8,0.1,100
2024-08-12 20:00:00,26.6,95,0.0,8.6,0.1,100
2024-08-12 21:00:00,26.5,95,0.0,9.8,0.0,100
2024-08-12 22:00:00,26.2,96,0.0,10.0,0.1,100
2024-08-12 23:00:00,25.9,96,0.0,9.9,0.1,100
2024-08-13 00:00:00,25.6,97,0.0,8.8,0.0,100
2024-08-13 01:00:00,25.6,97,0.0,8.8,0.0,100
2024-08-13 02:00:00,25.5,97,0.0,11.1,0.0,85
2024-08-13 03:00:00,25.4,97,0.0,9.7,0.0,94
2024-08-13 04:00:00,25.2,98,0.0,10.2,0.0,81
2024-08-13 05:00:00,25.2,98,0.0,10.0,0.0,100
2024-08-13 06:00:00,25.7,96,13.0,9.7,0.0,95
2024-08-13 07:00:00,26.5,91,88.0,11.4,0.1,100
2024-08-13 08:00:00,26.8,90,121.0,14.3,1.0,100
2024-08-13 09:00:00,27.4,88,200.0,13.2,1.0,100
2024-08-13 10:00:00,28.7,80,345.0,15.1,0.2,82
2024-08-13 11:00:00,28.8,80,459.0,14.8,0.3,79
2024-08-13 12:00:00,30.5,78,670.0,13.2,0.2,63
2024-08-13 13:00:00,30.8,74,622.0,12.4,0.4,100
2024-08-13 14:00:00,29.3,82,356.0,7.9,2.0,94
2024-08-13 15:00:00,28.1,85,351.0,10.4,3.5,100
2024-08-13 16:00:00,28.3,85,255.0,6.6,0.2,99
2024-08-13 17:00:00,28.5,84,189.0,7.3,0.0,100
2024-08-13 18:00:00,28.8,85,88.0,2.5,0.0,96
2024-08-13 19:00:00,27.7,91,7.0,3.7,0.0,99
2024-08-13 20:00:00,27.4,94,0.0,4.4,0.0,100
2024-08-13 21:00:00,27.0,95,0.0,4.3,0.0,98
2024-08-13 22:00:00,26.7,95,0.0,3.4,0.2,98
2024-08-13 23:00:00,26.6,96,0.0,3.5,0.0,87
2024-08-14 00:00:00,26.5,97,0.0,4.7,0.0,100
2024-08-14 01:00:00,26.2,98,0.0,3.1,0.0,100
2024-08-14 02:00:00,26.0,98,0.0,5.2,0.0,100
2024-08-14 03:00:00,25.9,98,0.0,6.4,0.0,100
2024-08-14 04:00:00,26.0,98,0.0,8.4,0.0,97
2024-08-14 05:00:00,26.1,96,0.0,8.7,0.1,96
2024-08-14 06:00:00,26.6,95,11.0,8.7,0.5,100
2024-08-14 07:00:00,27.1,90,102.0,10.8,0.1,100
2024-08-14 08:00:00,27.7,89,217.0,8.3,0.0,100
2024-08-14 09:00:00,28.9,84,340.0,6.1,0.1,100
2024-08-14 10:00:00,29.8,80,440.0,9.4,0.2,100
2024-08-14 11:00:00,30.0,78,410.0,8.4,0.1,100
2024-08-14 12:00:00,30.7,76,459.0,10.1,0.1,100
2024-08-14 13:00:00,28.9,84,322.0,5.5,5.0,100
2024-08-14 14:00:00,29.7,81,372.0,4.6,0.2,100
2024-08-14 15:00:00,30.0,81,385.0,6.7,0.3,100
2024-08-14 16:00:00,29.7,81,284.0,6.6,1.1,100
2024-08-14 17:00:00,29.6,82,181.0,6.5,0.0,100
2024-08-14 18:00:00,29.2,88,76.0,2.1,0.0,100
2024-08-14 19:00:00,28.1,92,7.0,4.0,0.0,100
2024-08-14 20:00:00,28.1,91,0.0,7.1,0.0,74
2024-08-14 21:00:00,27.5,94,0.0,4.3,0.0,89
2024-08-14 22:00:00,27.4,93,0.0,7.9,0.0,100
2024-08-14 23:00:00,27.1,93,0.0,8.7,0.0,100
2024-08-15 00:00:00,26.7,93,0.0,9.4,0.0,100
2024-08-15 01:00:00,26.4,95,0.0,6.9,0.0,100
2024-08-15 02:00:00,26.2,96,0.0,7.4,0.0,100
2024-08-15 03:00:00,26.1,97,0.0,10.8,0.0,100
2024-08-15 04:00:00,26.0,98,0.0,7.5,0.0,100
2024-08-15 05:00:00,26.2,97,0.0,9.4,0.0,100
2024-08-15 06:00:00,26.7,94,9.0,9.5,0.0,100
2024-08-15 07:00:00,27.5,90,93.0,12.6,0.0,100
2024-08-15 08:00:00,28.5,85,173.0,14.1,0.1,100
2024-08-15 09:00:00,29.3,81,320.0,12.7,0.3,63
2024-08-15 10:00:00,30.5,77,529.0,12.1,0.2,39
2024-08-15 11:00:00,31.6,73,696.0,13.2,0.2,41
2024-08-15 12:00:00,31.7,74,699.0,12.2,0.3,17
2024-08-15 13:00:00,32.0,74,719.0,9.8,0.5,22
2024-08-15 14:00:00,32.2,75,674.0,9.3,0.4,98
2024-08-15 15:00:00,32.0,75,610.0,5.1,2.3,97
2024-08-15 16:00:00,31.7,76,348.0,10.1,0.2,85
2024-08-15 17:00:00,31.3,77,235.0,10.3,0.1,72
2024-08-15 18:00:00,28.8,87,77.0,4.3,1.9,95
2024-08-15 19:00:00,26.5,95,5.0,6.8,3.7,100
2024-08-15 20:00:00,26.5,94,0.0,12.1,0.4,100
2024-08-15 21:00:00,26.3,93,0.0,10.9,0.2,100
2024-08-15 22:00:00,26.1,95,0.0,7.0,0.1,100
2024-08-15 23:00:00,25.9,97,0.0,3.4,0.0,100
2024-08-16 00:00:00,25.6,97,0.0,4.7,0.4,100
2024-08-16 01:00:00,25.6,97,0.0,10.1,0.2,100
2024-08-16 02:00:00,25.6,97,0.0,13.0,0.0,100
2024-08-16 03:00:00,25.5,98,0.0,11.5,0.1,100
2024-08-16 04:00:00,25.5,98,0.0,11.9,0.2,100
2024-08-16 05:00:00,25.7,96,0.0,15.5,0.0,57
2024-08-16 06:00:00,25.8,94,5.0,10.8,1.1,100
2024-08-16 07:00:00,26.6,90,79.0,12.3,0.0,100
2024-08-16 08:00:00,27.6,87,189.0,12.9,0.0,100
2024-08-16 09:00:00,28.4,84,227.0,12.2,0.1,100
2024-08-16 10:00:00,29.6,79,414.0,13.0,0.2,100
2024-08-16 11:00:00,31.0,74,719.0,14.8,0.4,93
2024-08-16 12:00:00,31.7,72,735.0,13.6,0.1,92
2024-08-16 13:00:00,32.3,68,825.0,13.2,0.1,100
2024-08-16 14:00:00,31.3,74,500.0,12.5,0.3,99
2024-08-16 15:00:00,31.0,77,411.0,8.8,1.3,98
2024-08-16 16:00:00,30.9,78,339.0,9.4,0.1,100
2024-08-16 17:00:00,27.5,90,156.0,7.8,5.7,100
2024-08-16 18:00:00,28.2,86,85.0,6.2,0.0,100
2024-08-16 19:00:00,27.0,91,5.0,13.4,3.7,100
2024-08-16 20:00:00,26.8,93,0.0,8.9,1.0,100
2024-08-16 21:00:00,26.7,94,0.0,8.4,0.0,100
2024-08-16 22:00:00,26.5,95,0.0,8.0,0.0,100
2024-08-16 23:00:00,26.4,95,0.0,9.0,0.0,100
2024-08-17 00:00:00,26.2,97,0.0,6.9,0.0,100
2024-08-17 01:00:00,26.2,97,0.0,6.6,0.0,100
2024-08-17 02:00:00,26.1,97,0.0,7.7,0.0,100
2024-08-17 03:00:00,26.0,98,0.0,5.3,0.0,100
2024-08-17 04:00:00,25.8,99,0.0,4.9,0.0,100
2024-08-17 05:00:00,25.7,99,0.0,4.5,0.0,100
2024-08-17 06:00:00,26.7,94,9.0,7.1,0.0,100
2024-08-17 07:00:00,27.3,91,79.0,6.6,0.0,100
2024-08-17 08:00:00,28.2,86,211.0,7.2,0.0,100
2024-08-17 09:00:00,29.2,81,384.0,8.2,0.1,100
2024-08-17 10:00:00,30.0,77,504.0,5.4,0.3,100
2024-08-17 11:00:00,30.8,74,583.0,2.8,0.3,100
2024-08-17 12:00:00,31.2,73,608.0,1.8,0.3,100
2024-08-17 13:00:00,31.5,73,609.0,5.4,0.1,100
2024-08-17 14:00:00,31.6,73,555.0,8.4,0.1,100
2024-08-17 15:00:00,31.9,72,539.0,9.3,0.0,86
2024-08-17 16:00:00,31.5,73,401.0,8.5,0.2,94
2024-08-17 17:00:00,28.6,82,220.0,9.6,6.3,100
2024-08-17 18:00:00,29.1,82,60.0,4.7,0.0,100
2024-08-17 19:00:00,28.3,89,4.0,3.8,0.0,100
2024-08-17 20:00:00,28.4,84,0.0,0.7,0.0,100
2024-08-17 21:00:00,27.9,90,0.0,4.8,0.0,95
2024-08-17 22:00:00,27.5,92,0.0,5.4,0.0,80
2024-08-17 23:00:00,28.1,87,0.0,2.9,0.0,77
2024-08-18 00:00:00,27.1,93,0.0,2.1,0.0,79
2024-08-18 01:00:00,27.0,93,0.0,4.6,0.0,83
2024-08-18 02:00:00,26.9,94,0.0,5.4,0.0,54
2024-08-18 03:00:00,26.6,96,0.0,5.5,0.0,35
2024-08-18 04:00:00,26.4,97,0.0,6.5,0.0,2
2024-08-18 05:00:00,26.2,96,0.0,6.5,0.0,4
2024-08-18 06:00:00,27.2,93,12.0,11.6,0.0,0
2024-08-18 07:00:00,28.2,86,125.0,11.6,0.0,1
2024-08-18 08:00:00,29.5,81,309.0,12.8,0.0,5
2024-08-18 09:00:00,30.7,76,501.0,13.6,0.0,19
2024-08-18 10:00:00,31.7,72,659.0,13.6,0.0,25
2024-08-18 11:00:00,32.1,69,743.0,13.7,0.1,55
2024-08-18 12:00:00,32.6,68,768.0,14.0,0.1,57
2024-08-18 13:00:00,32.7,67,745.0,12.4,0.0,99
2024-08-18 14:00:00,31.2,70,553.0,12.9,0.9,96
2024-08-18 15:00:00,29.3,79,372.0,14.7,1.2,100
2024-08-18 16:00:00,30.1,78,207.0,5.7,0.0,100
2024-08-18 17:00:00,30.1,79,181.0,5.9,0.0,100
2024-08-18 18:00:00,30.1,78,87.0,6.6,0.0,100
2024-08-18 19:00:00,29.1,82,5.0,5.2,0.0,100
2024-08-18 20:00:00,28.7,85,0.0,4.4,0.0,100
2024-08-18 21:00:00,28.6,84,0.0,5.7,0.0,100
2024-08-18 22:00:00,28.3,85,0.0,6.6,0.0,100
2024-08-18 23:00:00,28.0,86,0.0,6.9,0.0,100
2024-08-19 00:00:00,27.8,87,0.0,5.9,0.0,100
2024-08-19 01:00:00,27.8,86,0.0,8.4,0.0,100
2024-08-19 02:00:00,26.9,88,0.0,3.4,0.6,100
2024-08-19 03:00:00,26.5,93,0.0,1.6,0.1,98
2024-08-19 04:00:00,26.8,92,0.0,2.1,0.0,100
2024-08-19 05:00:00,26.2,96,0.0,4.7,0.0,100
2024-08-19 06:00:00,26.7,92,8.0,2.0,0.2,96
2024-08-19 07:00:00,27.5,89,98.0,4.1,0.0,100
2024-08-19 08:00:00,28.4,83,243.0,6.2,0.0,64
2024-08-19 09:00:00,29.6,78,465.0,6.3,0.0,58
2024-08-19 10:00:00,31.0,72,637.0,11.0,0.0,54
2024-08-19 11:00:00,31.6,71,708.0,11.2,0.2,50
2024-08-19 12:00:00,32.2,69,829.0,9.7,0.1,45
2024-08-19 13:00:00,32.7,67,769.0,12.7,0.0,45
2024-08-19 14:00:00,32.7,67,702.0,14.5,0.0,85
2024-08-19 15:00:00,31.7,69,556.0,17.0,0.2,99
2024-08-19 16:00:00,31.7,68,333.0,13.7,0.0,100
2024-08-19 17:00:00,31.0,72,157.0,12.5,0.0,100
2024-08-19 18:00:00,29.3,82,59.0,5.4,0.1,100
2024-08-19 19:00:00,28.4,85,4.0,4.0,0.1,100
2024-08-19 20:00:00,28.0,87,0.0,5.0,0.0,100
2024-08-19 21:00:00,27.9,88,0.0,5.6,0.0,100
2024-08-19 22:00:00,27.7,89,0.0,7.1,0.0,100
2024-08-19 23:00:00,27.6,90,0.0,7.7,0.0,100
2024-08-20 00:00:00,27.3,90,0.0,8.0,0.0,100
2024-08-20 01:00:00,27.2,90,0.0,8.0,0.0,100
2024-08-20 02:00:00,26.9,91,0.0,5.9,0.0,100
2024-08-20 03:00:00,26.5,93,0.0,4.0,0.0,99
2024-08-20 04:00:00,26.8,92,0.0,3.6,0.0,99
2024-08-20 05:00:00,26.5,93,0.0,1.4,0.0,45
2024-08-20 06:00:00,26.4,93,10.0,4.9,1.4,96
2024-08-20 07:00:00,26.6,91,76.0,6.3,0.8,98
2024-08-20 08:00:00,27.2,89,187.0,6.5,0.2,100
2024-08-20 09:00:00,27.6,87,229.0,3.2,0.1,100
2024-08-20 10:00:00,28.8,82,419.0,1.5,0.0,100
2024-08-20 11:00:00,30.1,76,598.0,1.9,0.1,100
2024-08-20 12:00:00,30.9,74,665.0,2.3,0.1,100
2024-08-20 13:00:00,31.5,74,679.0,0.5,0.2,100
2024-08-20 14:00:00,31.6,74,600.0,1.8,0.3,100
2024-08-20 15:00:00,31.6,72,448.0,1.1,0.2,100
2024-08-20 16:00:00,29.4,79,288.0,12.7,0.6,100
2024-08-20 17:00:00,27.2,90,107.0,7.1,0.3,100
2024-08-20 18:00:00,29.6,79,55.0,4.3,0.0,100
2024-08-20 19:00:00,28.2,85,4.0,8.4,0.0,100
2024-08-20 20:00:00,27.6,87,0.0,7.6,0.0,100
2024-08-20 21:00:00,27.2,89,0.0,6.1,0.0,100
2024-08-20 22:00:00,27.2,90,0.0,7.0,0.0,100
2024-08-20 23:00:00,27.0,92,0.0,5.1,0.0,100
2024-08-21 00:00:00,26.7,95,0.0,3.4,0.0,100
2024-08-21 01:00:00,26.8,93,0.0,1.8,0.0,99
2024-08-21 02:00:00,26.2,97,0.0,5.9,0.4,86
2024-08-21 03:00:00,26.0,97,0.0,1.6,1.3,90
2024-08-21 04:00:00,25.3,97,0.0,6.8,1.8,100
2024-08-21 05:00:00,25.1,98,0.0,8.7,0.2,90
2024-08-21 06:00:00,25.1,96,7.0,4.2,0.1,100
2024-08-21 07:00:00,25.7,93,83.0,2.5,0.1,100
2024-08-21 08:00:00,27.0,88,248.0,2.9,0.0,100
2024-08-21 09:00:00,28.7,82,455.0,6.4,0.0,85
2024-08-21 10:00:00,29.7,78,571.0,6.5,0.0,73
2024-08-21 11:00:00,30.8,74,767.0,5.1,0.0,74
2024-08-21 12:00:00,31.4,73,795.0,4.0,0.0,42
2024-08-21 13:00:00,31.7,72,764.0,3.3,0.1,97
2024-08-21 14:00:00,32.0,71,692.0,3.4,0.1,91
2024-08-21 15:00:00,31.7,71,559.0,7.1,0.7,100
2024-08-21 16:00:00,30.8,72,428.0,4.0,0.6,50
2024-08-21 17:00:00,31.1,71,217.0,3.2,0.0,87
2024-08-21 18:00:00,29.7,81,77.0,2.5,0.0,100
2024-08-21 19:00:00,28.7,87,4.0,4.2,0.0,99
2024-08-21 20:00:00,28.1,90,0.0,4.2,0.0,100
2024-08-21 21:00:00,27.8,93,0.0,3.7,0.0,100
2024-08-21 22:00:00,27.6,93,0.0,5.6,0.0,100
2024-08-21 23:00:00,27.4,94,0.0,5.5,0.0,100
2024-08-22 00:00:00,24.9,99,0.0,8.4,2.4,100
2024-08-22 01:00:00,25.2,96,0.0,5.1,0.1,100
2024-08-22 02:00:00,24.7,99,0.0,5.1,2.5,100
2024-08-22 03:00:00,25.1,94,0.0,7.1,0.1,100
2024-08-22 04:00:00,24.8,97,0.0,2.6,0.0,100
2024-08-22 05:00:00,24.9,96,0.0,2.9,0.0,98
2024-08-22 06:00:00,26.1,93,9.0,3.0,0.0,100
2024-08-22 07:00:00,26.9,92,105.0,3.1,0.0,79
2024-08-22 08:00:00,28.3,87,287.0,4.0,0.0,36
2024-08-22 09:00:00,29.7,81,471.0,3.6,0.0,4
2024-08-22 10:00:00,30.9,77,651.0,3.3,0.0,10
2024-08-22 11:00:00,31.7,74,764.0,3.1,0.0,13
2024-08-22 12:00:00,32.1,73,796.0,2.0,0.0,11
2024-08-22 13:00:00,32.5,73,787.0,2.3,0.0,23
2024-08-22 14:00:00,32.6,73,698.0,2.8,0.0,54
2024-08-22 15:00:00,32.8,72,567.0,4.6,0.0,100
2024-08-22 16:00:00,30.4,76,379.0,6.2,0.5,91
2024-08-22 17:00:00,29.9,79,221.0,7.2,0.4,61
2024-08-22 18:00:00,29.3,80,70.0,10.7,0.5,86
2024-08-22 19:00:00,28.1,86,3.0,8.2,0.5,78
2024-08-22 20:00:00,27.4,88,0.0,8.7,0.0,66
2024-08-22 21:00:00,26.9,90,0.0,5.5,0.0,79
2024-08-22 22:00:00,26.6,91,0.0,5.8,0.0,49
2024-08-22 23:00:00,26.3,95,0.0,2.7,0.0,54
2024-08-23 00:00:00,25.9,98,0.0,2.2,0.0,88
2024-08-23 01:00:00,25.8,99,0.0,2.6,0.0,100
2024-08-23 02:00:00,25.6,99,0.0,3.0,0.0,100
2024-08-23 03:00:00,25.6,99,0.0,4.0,0.0,100
2024-08-23 04:00:00,25.6,98,0.0,10.5,0.0,98
2024-08-23 05:00:00,25.2,97,0.0,6.4,0.0,91
2024-08-23 06:00:00,24.9,93,7.0,9.7,0.1,49
2024-08-23 07:00:00,25.6,90,103.0,9.7,0.0,58
2024-08-23 08:00:00,25.7,89,141.0,7.4,0.6,68
2024-08-23 09:00:00,26.7,84,268.0,2.6,0.1,100
2024-08-23 10:00:00,27.5,82,285.0,5.2,0.1,97
2024-08-23 11:00:00,27.9,82,341.0,6.3,0.0,99
2024-08-23 12:00:00,28.9,79,519.0,6.1,0.0,100
2024-08-23 13:00:00,28.9,78,348.0,6.2,0.0,100
2024-08-23 14:00:00,29.9,74,502.0,3.9,0.0,100
2024-08-23 15:00:00,30.4,72,412.0,3.8,0.0,100
2024-08-23 16:00:00,30.7,70,340.0,4.9,0.0,68
2024-08-23 17:00:00,30.7,70,241.0,3.7,0.0,46
2024-08-23 18:00:00,29.5,79,83.0,3.6,0.0,12
2024-08-23 19:00:00,28.4,83,3.0,4.9,0.0,17
2024-08-23 20:00:00,27.8,86,0.0,6.6,0.0,40
2024-08-23 21:00:00,27.3,88,0.0,5.6,0.0,23
2024-08-23 22:00:00,26.9,90,0.0,5.6,0.0,42
2024-08-23 23:00:00,26.5,93,0.0,3.5,0.0,74
2024-08-24 00:00:00,26.2,95,0.0,4.3,0.0,5
2024-08-24 01:00:00,25.9,96,0.0,4.0,0.0,16
2024-08-24 02:00:00,25.8,96,0.0,4.1,0.0,57
2024-08-24 03:00:00,25.9,94,0.0,5.4,0.3,50
2024-08-24 04:00:00,25.7,96,0.0,5.8,0.0,41
2024-08-24 05:00:00,25.3,98,0.0,3.4,0.0,34
2024-08-24 06:00:00,26.9,92,6.0,3.1,0.0,100
2024-08-24 07:00:00,27.2,90,31.0,1.1,0.0,85
2024-08-24 08:00:00,28.5,86,246.0,3.4,0.1,23
2024-08-24 09:00:00,27.7,83,505.0,16.6,7.3,93
2024-08-24 10:00:00,27.3,85,260.0,8.0,0.4,100
2024-08-24 11:00:00,28.3,83,352.0,7.4,0.5,100
2024-08-24 12:00:00,30.0,74,532.0,8.7,0.0,100
2024-08-24 13:00:00,30.9,72,639.0,7.9,0.1,100
2024-08-24 14:00:00,31.5,71,668.0,6.6,0.1,100
2024-08-24 15:00:00,31.5,69,515.0,6.6,0.0,95
2024-08-24 16:00:00,31.5,69,358.0,6.1,0.0,100
2024-08-24 17:00:00,31.1,71,199.0,6.1,0.0,100
2024-08-24 18:00:00,30.3,76,81.0,5.8,0.0,82
2024-08-24 19:00:00,29.0,84,3.0,5.4,0.0,85
2024-08-24 20:00:00,28.6,86,0.0,6.2,0.0,72
2024-08-24 21:00:00,28.4,86,0.0,4.8,0.0,54
2024-08-24 22:00:00,28.1,87,0.0,5.3,0.0,45
2024-08-24 23:00:00,27.9,88,0.0,7.3,0.0,64
2024-08-25 00:00:00,27.7,89,0.0,5.8,0.0,100
2024-08-25 01:00:00,26.1,92,0.0,17.2,4.0,100
2024-08-25 02:00:00,24.9,95,0.0,14.8,6.8,100
2024-08-25 03:00:00,25.0,95,0.0,16.3,2.1,100
2024-08-25 04:00:00,25.1,94,0.0,13.3,0.1,100
2024-08-25 05:00:00,25.1,94,0.0,13.4,0.0,100
2024-08-25 06:00:00,26.9,85,10.0,15.8,0.0,70
2024-08-25 07:00:00,27.6,82,117.0,19.8,0.0,51
2024-08-25 08:00:00,28.5,79,267.0,22.0,0.2,31
2024-08-25 09:00:00,29.5,75,446.0,21.4,0.1,25
2024-08-25 10:00:00,30.5,71,615.0,20.8,0.0,16
2024-08-25 11:00:00,31.4,68,754.0,20.6,0.1,18
2024-08-25 12:00:00,32.1,67,790.0,20.3,0.0,28
2024-08-25 13:00:00,32.2,66,807.0,22.0,0.1,23
2024-08-25 14:00:00,32.2,66,726.0,21.6,0.1,26
2024-08-25 15:00:00,32.1,66,600.0,20.2,0.3,20
2024-08-25 16:00:00,31.2,72,428.0,16.6,1.2,33
2024-08-25 17:00:00,30.0,76,208.0,15.6,0.1,53
2024-08-25 18:00:00,29.7,75,77.0,15.4,0.0,27
2024-08-25 19:00:00,29.2,75,2.0,13.1,0.0,25
2024-08-25 20:00:00,28.9,76,0.0,12.9,0.0,10
2024-08-25 21:00:00,28.6,79,0.0,12.0,0.0,7
2024-08-25 22:00:00,28.2,81,0.0,12.6,0.0,13
2024-08-25 23:00:00,28.0,83,0.0,13.7,0.0,1
2024-08-26 00:00:00,27.6,84,0.0,12.6,0.0,7
2024-08-26 01:00:00,27.2,86,0.0,11.5,0.0,8
2024-08-26 02:00:00,26.8,89,0.0,11.2,0.0,4
2024-08-26 03:00:00,26.5,91,0.0,9.4,0.0,4
2024-08-26 04:00:00,26.2,92,0.0,9.4,0.0,3
2024-08-26 05:00:00,26.0,93,0.0,10.1,0.0,0
2024-08-26 06:00:00,27.0,86,10.0,13.4,0.0,4
2024-08-26 07:00:00,27.8,82,117.0,16.9,0.0,18
2024-08-26 08:00:00,28.7,80,290.0,18.3,0.0,10
2024-08-26 09:00:00,29.0,74,475.0,21.1,0.5,59
2024-08-26 10:00:00,29.6,78,518.0,17.0,0.2,35
2024-08-26 11:00:00,30.9,73,724.0,19.1,0.1,44
2024-08-26 12:00:00,31.4,70,716.0,20.3,0.1,100
2024-08-26 13:00:00,31.6,69,661.0,18.9,0.0,36
2024-08-26 14:00:00,29.9,75,655.0,22.7,1.5,63
2024-08-26 15:00:00,29.4,79,494.0,14.3,0.1,72
2024-08-26 16:00:00,30.1,76,423.0,14.6,0.0,97
2024-08-26 17:00:00,29.8,75,205.0,18.0,0.0,100
2024-08-26 18:00:00,27.9,86,60.0,13.7,1.3,93
2024-08-26 19:00:00,27.1,89,2.0,11.7,0.0,99
2024-08-26 20:00:00,26.7,89,0.0,14.5,0.0,71
2024-08-26 21:00:00,26.6,88,0.0,17.6,0.0,81
2024-08-26 22:00:00,26.4,88,0.0,17.0,0.0,6
2024-08-26 23:00:00,26.3,89,0.0,16.1,0.0,38
2024-08-27 00:00:00,26.1,90,0.0,14.7,0.0,61
2024-08-27 01:00:00,25.4,92,0.0,24.1,0.1,100
2024-08-27 02:00:00,24.3,93,0.0,18.2,0.2,100
2024-08-27 03:00:00,24.4,94,0.0,14.9,0.1,100
2024-08-27 04:00:00,24.7,95,0.0,13.7,0.0,100
2024-08-27 05:00:00,25.1,95,0.0,15.7,0.0,100
2024-08-27 06:00:00,25.5,94,8.0,14.7,0.0,98
2024-08-27 07:00:00,26.6,88,110.0,20.7,0.0,100
2024-08-27 08:00:00,27.4,84,235.0,22.2,0.1,40
2024-08-27 09:00:00,28.7,80,454.0,22.2,0.1,26
2024-08-27 10:00:00,29.8,75,593.0,23.7,0.1,63
2024-08-27 11:00:00,30.6,73,711.0,22.1,0.1,94
2024-08-27 12:00:00,31.0,71,774.0,22.2,0.0,82
2024-08-27 13:00:00,31.2,70,702.0,21.6,0.1,53
2024-08-27 14:00:00,28.9,78,692.0,24.1,3.8,93
2024-08-27 15:00:00,30.1,74,456.0,17.2,0.9,99
2024-08-27 16:00:00,29.0,77,320.0,16.4,0.4,100
2024-08-27 17:00:00,29.0,77,164.0,14.2,0.1,99
2024-08-27 18:00:00,27.4,87,54.0,13.4,0.1,100
2024-08-27 19:00:00,27.0,89,2.0,8.9,0.0,100
2024-08-27 20:00:00,26.4,90,0.0,11.0,0.5,100
2024-08-27 21:00:00,25.6,93,0.0,11.5,4.0,100
2024-08-27 22:00:00,25.0,94,0.0,16.1,0.2,100
2024-08-27 23:00:00,24.9,95,0.0,11.7,0.2,100
2024-08-28 00:00:00,24.6,95,0.0,14.2,0.8,100
2024-08-28 01:00:00,24.4,96,0.0,11.7,0.2,100
2024-08-28 02:00:00,24.3,96,0.0,12.6,0.1,100
2024-08-28 03:00:00,24.2,97,0.0,11.0,0.1,100
2024-08-28 04:00:00,24.3,97,0.0,8.9,0.1,100
2024-08-28 05:00:00,24.3,97,0.0,8.3,0.0,100
2024-08-28 06:00:00,25.2,95,5.0,11.9,0.5,100
2024-08-28 07:00:00,25.9,90,83.0,14.5,0.1,94
2024-08-28 08:00:00,26.7,87,244.0,16.2,0.2,41
2024-08-28 09:00:00,27.7,84,426.0,14.8,0.1,38
2024-08-28 10:00:00,28.8,78,561.0,13.0,0.0,100
2024-08-28 11:00:00,29.9,73,642.0,13.3,0.0,100
2024-08-28 12:00:00,30.0,72,552.0,13.6,0.1,100
2024-08-28 13:00:00,30.2,72,548.0,12.5,0.1,50
2024-08-28 14:00:00,30.3,74,611.0,11.8,0.3,81
2024-08-28 15:00:00,30.3,73,511.0,7.9,0.1,100
2024-08-28 16:00:00,28.4,80,329.0,7.3,3.3,100
2024-08-28 17:00:00,28.7,80,187.0,8.7,0.1,83
2024-08-28 18:00:00,26.6,91,38.0,1.8,0.3,100
2024-08-28 19:00:00,26.5,95,1.0,5.9,0.7,100
2024-08-28 20:00:00,26.5,94,0.0,3.8,0.1,100
2024-08-28 21:00:00,26.0,93,0.0,7.2,0.6,100
2024-08-28 22:00:00,25.6,94,0.0,7.4,0.0,100
2024-08-28 23:00:00,25.3,94,0.0,6.0,0.0,100
2024-08-29 00:00:00,24.7,96,0.0,7.9,1.9,100
2024-08-29 01:00:00,24.7,95,0.0,5.2,0.6,100
2024-08-29 02:00:00,24.8,94,0.0,2.8,2.5,100
2024-08-29 03:00:00,24.4,96,0.0,5.8,2.2,100
2024-08-29 04:00:00,24.4,96,0.0,8.1,1.1,100
2024-08-29 05:00:00,24.4,97,0.0,13.3,0.4,100
2024-08-29 06:00:00,24.9,94,2.0,19.4,2.3,100
2024-08-29 07:00:00,25.1,95,18.0,13.7,2.8,99
2024-08-29 08:00:00,25.3,95,58.0,18.5,1.7,100
2024-08-29 09:00:00,25.7,94,90.0,17.1,1.5,100
2024-08-29 10:00:00,26.8,92,279.0,17.4,0.5,100
2024-08-29 11:00:00,28.3,84,446.0,16.3,0.0,98
2024-08-29 12:00:00,29.7,77,657.0,15.1,0.1,79
2024-08-29 13:00:00,30.3,71,630.0,15.1,0.1,87
2024-08-29 14:00:00,30.6,70,555.0,13.3,0.0,77
2024-08-29 15:00:00,30.8,69,528.0,10.9,0.0,16
2024-08-29 16:00:00,30.9,67,426.0,8.0,0.0,8
2024-08-29 17:00:00,30.5,70,244.0,6.7,0.0,8
2024-08-29 18:00:00,28.0,85,66.0,3.6,0.1,68
2024-08-29 19:00:00,27.1,89,1.0,5.5,0.1,71
2024-08-29 20:00:00,26.6,91,0.0,7.6,0.5,99
2024-08-29 21:00:00,26.3,92,0.0,6.5,1.1,100
2024-08-29 22:00:00,26.2,93,0.0,5.5,0.0,100
2024-08-29 23:00:00,25.9,93,0.0,7.0,0.0,23
2024-08-30 00:00:00,25.8,93,0.0,8.2,0.0,51
2024-08-30 01:00:00,25.6,93,0.0,8.3,0.0,9
2024-08-30 02:00:00,25.4,94,0.0,8.0,0.0,5
2024-08-30 03:00:00,25.2,96,0.0,9.1,0.0,5
2024-08-30 04:00:00,25.1,97,0.0,8.2,0.0,7
2024-08-30 05:00:00,25.0,98,0.0,7.4,0.0,16
2024-08-30 06:00:00,25.5,96,8.0,7.6,0.0,99
2024-08-30 07:00:00,26.4,93,96.0,6.6,0.0,33
2024-08-30 08:00:00,27.9,88,281.0,7.5,0.0,17
2024-08-30 09:00:00,29.3,82,475.0,6.1,0.1,12
2024-08-30 10:00:00,30.2,79,628.0,4.8,0.3,29
2024-08-30 11:00:00,30.8,77,712.0,3.4,0.5,58
2024-08-30 12:00:00,31.3,74,725.0,3.9,0.5,100
2024-08-30 13:00:00,31.2,73,535.0,3.9,0.4,100
2024-08-30 14:00:00,31.1,73,443.0,1.9,0.3,100
2024-08-30 15:00:00,30.4,76,274.0,5.2,0.6,100
2024-08-30 16:00:00,27.5,87,226.0,9.0,4.7,100
2024-08-30 17:00:00,27.9,87,140.0,4.6,0.0,100
2024-08-30 18:00:00,26.8,89,49.0,1.8,0.1,43
2024-08-30 19:00:00,26.6,95,1.0,2.9,0.0,62
2024-08-30 20:00:00,26.6,94,0.0,4.2,0.0,71
2024-08-30 21:00:00,26.5,94,0.0,4.9,0.0,50
2024-08-30 22:00:00,26.4,94,0.0,3.8,0.0,23
2024-08-30 23:00:00,26.1,95,0.0,5.0,0.0,73
2024-08-31 00:00:00,26.7,91,0.0,4.1,0.0,91
2024-08-31 01:00:00,26.6,91,0.0,3.5,0.0,77
2024-08-31 02:00:00,26.3,93,0.0,3.9,0.0,69
2024-08-31 03:00:00,25.7,96,0.0,5.1,0.0,3
2024-08-31 04:00:00,25.7,96,0.0,4.3,0.0,6
2024-08-31 05:00:00,25.6,96,0.0,4.5,0.0,1
2024-08-31 06:00:00,26.2,93,8.0,9.0,0.0,0
2024-08-31 07:00:00,27.2,90,114.0,8.9,0.0,0
2024-08-31 08:00:00,28.7,84,300.0,10.9,0.0,0
2024-08-31 09:00:00,30.0,77,497.0,13.3,0.0,16
2024-08-31 10:00:00,31.0,72,638.0,13.0,0.0,14
2024-08-31 11:00:00,31.8,67,753.0,12.0,0.0,15
2024-08-31 12:00:00,32.6,63,806.0,12.2,0.0,16
2024-08-31 13:00:00,33.1,61,802.0,12.5,0.0,15
2024-08-31 14:00:00,33.3,60,727.0,11.7,0.0,16
2024-08-31 15:00:00,33.2,60,583.0,12.0,0.0,8
2024-08-31 16:00:00,33.0,61,422.0,11.8,0.0,8
2024-08-31 17:00:00,32.0,67,234.0,10.0,0.0,11
2024-08-31 18:00:00,30.4,74,71.0,6.6,0.0,3
2024-08-31 19:00:00,29.5,77,1.0,6.8,0.0,4
2024-08-31 20:00:00,29.0,79,0.0,7.0,0.0,16
2024-08-31 21:00:00,28.6,80,0.0,7.2,0.0,44
2024-08-31 22:00:00,28.1,82,0.0,6.2,0.0,88
2024-08-31 23:00:00,27.6,85,0.0,5.6,0.0,11
2024-09-01 00:00:00,27.0,88,0.0,4.9,0.0,3
2024-09-01 01:00:00,26.9,88,0.0,4.6,0.0,1
2024-09-01 02:00:00,26.7,89,0.0,5.8,0.0,2
2024-09-01 03:00:00,26.4,90,0.0,7.2,0.0,1
2024-09-01 04:00:00,26.2,91,0.0,7.6,0.0,1
2024-09-01 05:00:00,25.9,93,0.0,5.8,0.0,0
2024-09-01 06:00:00,27.1,88,8.0,6.6,0.0,0
2024-09-01 07:00:00,28.1,85,114.0,7.3,0.0,3
2024-09-01 08:00:00,29.6,78,301.0,7.8,0.0,22
2024-09-01 09:00:00,30.8,71,492.0,8.9,0.0,31
2024-09-01 10:00:00,31.6,66,605.0,10.6,0.0,17
2024-09-01 11:00:00,32.4,63,732.0,9.5,0.0,13
2024-09-01 12:00:00,33.1,60,808.0,8.4,0.0,21
2024-09-01 13:00:00,33.4,59,789.0,8.7,0.0,21
2024-09-01 14:00:00,33.5,58,714.0,9.7,0.1,36
2024-09-01 15:00:00,33.2,60,569.0,10.1,0.0,16
2024-09-01 16:00:00,33.2,60,401.0,9.3,0.0,26
2024-09-01 17:00:00,32.3,66,213.0,7.6,0.0,100
2024-09-01 18:00:00,30.8,72,64.0,6.7,0.0,100
2024-09-01 19:00:00,29.7,77,1.0,5.4,0.0,100
2024-09-01 20:00:00,29.2,80,0.0,4.6,0.0,100
2024-09-01 21:00:00,29.0,79,0.0,13.0,0.0,100
2024-09-01 22:00:00,28.0,84,0.0,11.4,0.0,100
2024-09-01 23:00:00,27.4,88,0.0,13.9,0.0,100
2024-09-02 00:00:00,26.9,91,0.0,12.2,0.0,100
2024-09-02 01:00:00,26.6,94,0.0,12.2,0.0,100
2024-09-02 02:00:00,26.6,94,0.0,11.8,0.0,100
2024-09-02 03:00:00,26.4,94,0.0,13.6,0.4,100
2024-09-02 04:00:00,25.5,95,0.0,14.1,0.4,100
2024-09-02 05:00:00,25.1,94,0.0,14.0,0.2,100
2024-09-02 06:00:00,26.4,90,5.0,11.3,0.1,100
2024-09-02 07:00:00,26.7,88,39.0,12.5,0.1,100
2024-09-02 08:00:00,27.2,86,145.0,13.1,3.0,100
2024-09-02 09:00:00,27.8,85,245.0,13.8,1.7,100
2024-09-02 10:00:00,29.4,81,539.0,10.2,0.2,100
2024-09-02 11:00:00,30.4,74,518.0,11.8,0.1,100
2024-09-02 12:00:00,30.6,72,397.0,12.6,0.1,100
2024-09-02 13:00:00,31.0,71,488.0,10.9,0.1,94
2024-09-02 14:00:00,31.3,71,519.0,8.9,0.1,74
2024-09-02 15:00:00,31.5,71,459.0,7.7,0.1,100
2024-09-02 16:00:00,28.4,83,233.0,8.6,5.0,86
2024-09-02 17:00:00,28.6,83,158.0,8.6,0.1,34
2024-09-02 18:00:00,29.3,76,63.0,6.5,0.0,100
2024-09-02 19:00:00,28.2,81,1.0,6.3,0.0,80
2024-09-02 20:00:00,27.6,83,0.0,6.5,0.0,61
2024-09-02 21:00:00,27.0,86,0.0,4.7,0.0,36
2024-09-02 22:00:00,27.0,85,0.0,6.6,0.0,10
2024-09-02 23:00:00,26.9,85,0.0,9.2,0.0,8
2024-09-03 00:00:00,26.6,87,0.0,9.0,0.0,13
2024-09-03 01:00:00,26.4,89,0.0,9.0,0.0,47
2024-09-03 02:00:00,26.2,90,0.0,10.0,0.0,48
2024-09-03 03:00:00,26.0,91,0.0,9.9,0.0,27
2024-09-03 04:00:00,25.9,92,0.0,10.0,0.0,29
2024-09-03 05:00:00,25.8,93,0.0,9.7,0.0,43
2024-09-03 06:00:00,25.7,95,4.0,6.7,2.4,94
2024-09-03 07:00:00,25.5,95,64.0,8.5,4.6,100
2024-09-03 08:00:00,26.0,91,111.0,13.4,0.4,100
2024-09-03 09:00:00,26.0,90,227.0,11.5,0.1,97
2024-09-03 10:00:00,26.6,87,324.0,11.4,0.1,100
2024-09-03 11:00:00,28.9,80,607.0,9.6,0.0,100
2024-09-03 12:00:00,30.1,74,587.0,6.8,0.1,29
2024-09-03 13:00:00,31.0,73,696.0,6.0,0.1,27
2024-09-03 14:00:00,31.5,72,665.0,7.4,0.2,29
2024-09-03 15:00:00,31.6,72,565.0,7.7,0.1,24
2024-09-03 16:00:00,31.3,71,408.0,7.5,0.0,23
2024-09-03 17:00:00,30.3,76,200.0,9.1,0.2,53
2024-09-03 18:00:00,26.6,93,55.0,11.5,8.1,100
2024-09-03 19:00:00,26.3,93,0.0,1.5,1.3,100
2024-09-03 20:00:00,26.3,94,0.0,6.0,0.1,100
2024-09-03 21:00:00,26.0,96,0.0,5.0,0.0,100
2024-09-03 22:00:00,25.8,94,0.0,9.7,0.0,100
2024-09-03 23:00:00,25.4,92,0.0,9.2,0.0,100
2024-09-04 00:00:00,25.0,95,0.0,8.9,0.0,100
2024-09-04 01:00:00,24.7,97,0.0,5.6,0.0,100
2024-09-04 02:00:00,24.5,97,0.0,4.4,0.0,100
2024-09-04 03:00:00,24.5,97,0.0,5.3,0.0,100
2024-09-04 04:00:00,24.5,96,0.0,8.4,0.0,91
2024-09-04 05:00:00,24.4,97,0.0,8.0,0.0,49
2024-09-04 06:00:00,24.7,95,6.0,7.9,0.1,100
2024-09-04 07:00:00,25.6,92,86.0,2.9,0.0,100
2024-09-04 08:00:00,26.8,88,254.0,10.6,0.1,100
2024-09-04 09:00:00,27.7,84,365.0,8.6,0.1,100
2024-09-04 10:00:00,28.2,81,376.0,5.1,0.4,100
2024-09-04 11:00:00,29.2,78,532.0,2.2,0.1,100
2024-09-04 12:00:00,29.6,75,433.0,3.3,0.1,100
2024-09-04 13:00:00,30.3,73,641.0,3.1,0.0,99
2024-09-04 14:00:00,30.8,73,625.0,6.4,0.0,100
2024-09-04 15:00:00,30.8,73,551.0,10.0,0.0,51
2024-09-04 16:00:00,30.7,73,395.0,9.0,0.0,24
2024-09-04 17:00:00,30.1,74,214.0,9.3,0.0,100
2024-09-04 18:00:00,27.9,84,39.0,3.5,0.0,100
2024-09-04 19:00:00,27.3,91,0.0,1.3,0.0,100
2024-09-04 20:00:00,27.0,90,0.0,2.3,0.0,100
2024-09-04 21:00:00,26.8,91,0.0,4.0,0.0,92
2024-09-04 22:00:00,26.5,92,0.0,5.2,0.0,67
2024-09-04 23:00:00,26.1,93,0.0,6.5,0.0,13
2024-09-05 00:00:00,25.9,95,0.0,5.5,0.0,31
2024-09-05 01:00:00,25.8,95,0.0,6.0,0.0,19
2024-09-05 02:00:00,25.5,96,0.0,6.6,0.0,20
2024-09-05 03:00:00,25.2,97,0.0,5.8,0.0,32
2024-09-05 04:00:00,25.0,97,0.0,6.2,0.0,25
2024-09-05 05:00:00,24.8,98,0.0,4.3,0.0,26
2024-09-05 06:00:00,25.5,94,6.0,1.8,0.0,23
2024-09-05 07:00:00,26.6,89,90.0,1.9,0.0,10
2024-09-05 08:00:00,27.9,82,280.0,2.0,0.0,18
2024-09-05 09:00:00,29.1,74,462.0,1.1,0.0,29
2024-09-05 10:00:00,30.1,68,568.0,0.0,0.0,28
2024-09-05 11:00:00,30.9,65,719.0,0.4,0.0,21
2024-09-05 12:00:00,31.3,63,783.0,0.7,0.0,21
2024-09-05 13:00:00,31.4,64,756.0,1.5,0.0,29
2024-09-05 14:00:00,31.6,64,653.0,0.7,0.0,20
2024-09-05 15:00:00,31.5,65,572.0,2.5,0.0,97
2024-09-05 16:00:00,30.8,69,395.0,5.2,0.1,67
2024-09-05 17:00:00,28.9,80,192.0,12.8,0.5,44
2024-09-05 18:00:00,25.4,92,29.0,2.4,1.0,86
2024-09-05 19:00:00,25.6,94,0.0,4.3,0.6,74
2024-09-05 20:00:00,25.7,94,0.0,3.4,0.2,80
2024-09-05 21:00:00,25.8,94,0.0,2.2,0.2,57
2024-09-05 22:00:00,25.8,95,0.0,2.9,0.3,59
2024-09-05 23:00:00,25.5,96,0.0,4.7,0.0,41
2024-09-06 00:00:00,26.0,93,0.0,1.8,0.0,28
2024-09-06 01:00:00,25.8,95,0.0,1.1,0.0,35
2024-09-06 02:00:00,25.1,98,0.0,3.4,0.0,28
2024-09-06 03:00:00,24.2,100,0.0,15.6,3.1,100
2024-09-06 04:00:00,24.3,98,0.0,8.1,1.2,91
2024-09-06 05:00:00,24.3,98,0.0,6.2,1.0,61
2024-09-06 06:00:00,24.6,96,5.0,3.6,0.5,96
2024-09-06 07:00:00,25.3,92,74.0,5.5,0.1,51
2024-09-06 08:00:00,26.4,88,240.0,3.1,0.0,99
2024-09-06 09:00:00,28.1,80,430.0,6.1,0.0,95
2024-09-06 10:00:00,29.1,76,567.0,7.1,0.2,36
2024-09-06 11:00:00,30.0,75,691.0,9.6,0.1,51
2024-09-06 12:00:00,30.6,71,630.0,9.3,0.1,100
2024-09-06 13:00:00,27.8,82,352.0,6.2,6.0,95
2024-09-06 14:00:00,28.1,82,368.0,10.1,0.2,89
2024-09-06 15:00:00,27.8,83,434.0,10.9,1.7,82
2024-09-06 16:00:00,27.5,84,277.0,10.5,0.2,80
2024-09-06 17:00:00,27.7,82,164.0,8.1,0.0,94
2024-09-06 18:00:00,26.1,90,36.0,7.2,0.2,100
2024-09-06 19:00:00,25.8,94,0.0,3.6,0.1,100
2024-09-06 20:00:00,25.7,96,0.0,6.9,0.0,100
2024-09-06 21:00:00,25.6,97,0.0,9.3,0.0,100
2024-09-06 22:00:00,25.3,97,0.0,7.6,0.0,100
2024-09-06 23:00:00,25.1,97,0.0,8.3,0.0,100
2024-09-07 00:00:00,24.7,98,0.0,7.4,1.9,100
2024-09-07 01:00:00,24.6,96,0.0,8.6,5.7,100
2024-09-07 02:00:00,24.5,97,0.0,10.2,0.2,100
2024-09-07 03:00:00,24.3,97,0.0,11.8,0.1,97
2024-09-07 04:00:00,24.1,98,0.0,10.0,0.1,100
2024-09-07 05:00:00,24.2,97,0.0,6.2,0.1,99
2024-09-07 06:00:00,24.7,94,6.0,6.1,0.0,100
2024-09-07 07:00:00,25.2,90,45.0,6.6,0.0,100
2024-09-07 08:00:00,25.4,90,59.0,3.6,0.0,100
2024-09-07 09:00:00,26.2,88,165.0,3.8,0.0,100
2024-09-07 10:00:00,28.0,81,388.0,4.7,0.2,96
2024-09-07 11:00:00,29.1,79,586.0,3.7,0.1,99
2024-09-07 12:00:00,30.1,73,680.0,3.6,0.2,100
2024-09-07 13:00:00,30.1,72,412.0,3.2,0.1,99
2024-09-07 14:00:00,30.1,73,420.0,2.9,0.1,79
2024-09-07 15:00:00,30.4,71,424.0,6.5,0.3,78
2024-09-07 16:00:00,30.1,72,328.0,6.7,0.2,49
2024-09-07 17:00:00,29.7,75,179.0,4.9,0.0,61
2024-09-07 18:00:00,26.8,93,15.0,1.0,1.1,100
2024-09-07 19:00:00,26.8,94,0.0,2.3,3.1,100
2024-09-07 20:00:00,26.4,96,0.0,3.9,3.8,100
2024-09-07 21:00:00,26.3,97,0.0,0.8,3.0,100
2024-09-07 22:00:00,26.3,96,0.0,1.3,1.9,100
2024-09-07 23:00:00,26.2,97,0.0,0.7,1.4,99
2024-09-08 00:00:00,25.9,94,0.0,2.5,3.6,90
2024-09-08 01:00:00,25.6,94,0.0,3.3,1.1,94
2024-09-08 02:00:00,25.7,94,0.0,0.8,0.4,76
2024-09-08 03:00:00,25.8,91,0.0,2.5,0.2,82
2024-09-08 04:00:00,25.0,95,0.0,6.0,1.6,100
2024-09-08 05:00:00,24.4,96,0.0,2.6,3.4,100
2024-09-08 06:00:00,25.7,95,2.0,3.6,0.4,99
2024-09-08 07:00:00,26.1,94,56.0,4.0,0.6,100
2024-09-08 08:00:00,27.1,90,219.0,5.2,0.4,100
2024-09-08 09:00:00,28.4,84,425.0,4.9,0.2,100
2024-09-08 10:00:00,29.5,81,598.0,4.2,0.2,100
2024-09-08 11:00:00,30.5,77,728.0,5.6,0.2,100
2024-09-08 12:00:00,31.0,74,706.0,5.7,0.1,97
2024-09-08 13:00:00,31.2,74,623.0,8.2,0.2,89
2024-09-08 14:00:00,31.3,73,544.0,10.3,0.2,95
2024-09-08 15:00:00,31.0,72,416.0,9.6,0.1,100
2024-09-08 16:00:00,30.3,75,151.0,5.8,0.2,100
2024-09-08 17:00:00,29.5,80,83.0,3.3,0.5,100
2024-09-08 18:00:00,27.1,91,14.0,7.9,0.3,100
2024-09-08 19:00:00,26.8,91,0.0,6.2,0.2,100
2024-09-08 20:00:00,26.6,92,0.0,5.4,0.0,100
2024-09-08 21:00:00,26.4,93,0.0,5.4,0.0,100
2024-09-08 22:00:00,26.3,93,0.0,5.8,0.0,100
2024-09-08 23:00:00,26.2,93,0.0,5.4,0.0,100
2024-09-09 00:00:00,25.9,94,0.0,4.1,0.0,100
2024-09-09 01:00:00,25.9,93,0.0,4.9,0.0,100
2024-09-09 02:00:00,25.7,94,0.0,5.6,0.0,98
2024-09-09 03:00:00,25.4,95,0.0,5.5,0.0,94
2024-09-09 04:00:00,25.4,95,0.0,6.0,0.0,41
2024-09-09 05:00:00,25.2,96,0.0,6.0,0.0,30
2024-09-09 06:00:00,26.0,93,5.0,6.7,0.0,22
2024-09-09 07:00:00,26.9,91,102.0,6.1,0.0,25
2024-09-09 08:00:00,28.3,85,282.0,7.1,0.0,22
2024-09-09 09:00:00,29.7,75,483.0,7.1,0.0,25
2024-09-09 10:00:00,30.7,69,622.0,7.2,0.0,32
2024-09-09 11:00:00,31.5,65,724.0,7.2,0.0,29
2024-09-09 12:00:00,32.2,63,769.0,7.4,0.0,24
2024-09-09 13:00:00,32.6,61,756.0,6.9,0.0,30
2024-09-09 14:00:00,32.7,60,675.0,7.4,0.1,22
2024-09-09 15:00:00,32.6,61,556.0,7.2,0.0,18
2024-09-09 16:00:00,32.1,63,388.0,7.1,0.0,8
2024-09-09 17:00:00,31.5,69,189.0,5.9,0.0,23
2024-09-09 18:00:00,28.6,84,39.0,2.7,3.3,95
2024-09-09 19:00:00,27.7,87,0.0,13.2,0.0,93
2024-09-09 20:00:00,26.8,89,0.0,4.4,0.0,98
2024-09-09 21:00:00,26.6,91,0.0,5.5,0.0,100
2024-09-09 22:00:00,26.5,92,0.0,4.9,0.0,99
2024-09-09 23:00:00,26.2,94,0.0,3.0,0.0,97
2024-09-10 00:00:00,26.1,95,0.0,2.9,0.0,94
2024-09-10 01:00:00,26.0,95,0.0,3.9,0.0,31
2024-09-10 02:00:00,26.2,93,0.0,2.1,0.0,7
2024-09-10 03:00:00,25.4,97,0.0,4.3,0.0,16
2024-09-10 04:00:00,25.2,98,0.0,2.9,2.2,100
2024-09-10 05:00:00,24.9,98,0.0,7.7,2.9,76
2024-09-10 06:00:00,25.7,93,1.0,3.3,0.8,100
2024-09-10 07:00:00,26.1,91,40.0,2.7,0.3,94
2024-09-10 08:00:00,26.7,89,142.0,4.8,0.3,100
2024-09-10 09:00:00,28.0,83,298.0,3.5,0.2,100
2024-09-10 10:00:00,28.9,81,392.0,2.7,0.1,100
2024-09-10 11:00:00,29.1,81,381.0,0.8,0.2,100
2024-09-10 12:00:00,30.0,79,516.0,1.0,0.2,97
2024-09-10 13:00:00,30.7,78,682.0,0.8,0.2,97
2024-09-10 14:00:00,30.5,79,568.0,3.7,0.2,82
2024-09-10 15:00:00,30.5,78,422.0,7.3,0.1,85
2024-09-10 16:00:00,28.4,84,325.0,11.5,3.9,89
2024-09-10 17:00:00,27.5,86,106.0,7.8,0.1,100
2024-09-10 18:00:00,26.8,89,25.0,4.1,0.1,100
2024-09-10 19:00:00,26.8,90,0.0,0.8,0.0,100
2024-09-10 20:00:00,26.7,90,0.0,1.6,0.0,100
2024-09-10 21:00:00,26.5,92,0.0,1.5,0.0,100
2024-09-10 22:00:00,25.8,97,0.0,2.9,0.0,100
2024-09-10 23:00:00,25.5,98,0.0,1.5,0.0,100
2024-09-11 00:00:00,25.9,97,0.0,1.5,0.0,100
2024-09-11 01:00:00,25.5,99,0.0,2.9,0.0,100
2024-09-11 02:00:00,25.4,99,0.0,3.2,0.0,99
2024-09-11 03:00:00,25.5,98,0.0,4.7,0.0,25
2024-09-11 04:00:00,25.3,99,0.0,3.7,0.0,7
2024-09-11 05:00:00,25.0,99,0.0,3.7,0.0,13
2024-09-11 06:00:00,25.6,98,5.0,6.2,0.0,99
2024-09-11 07:00:00,26.7,91,99.0,7.7,0.0,97
2024-09-11 08:00:00,28.0,87,285.0,4.3,0.0,54
2024-09-11 09:00:00,29.1,81,429.0,5.6,0.0,30
2024-09-11 10:00:00,30.3,78,627.0,8.1,0.1,26
2024-09-11 11:00:00,31.0,74,749.0,10.4,0.3,19
2024-09-11 12:00:00,31.7,73,782.0,10.7,0.4,25
2024-09-11 13:00:00,29.4,79,600.0,12.4,8.6,100
2024-09-11 14:00:00,28.0,86,242.0,8.9,4.4,100
2024-09-11 15:00:00,27.9,86,128.0,6.5,0.6,100
2024-09-11 16:00:00,28.1,87,137.0,5.8,0.3,100
2024-09-11 17:00:00,28.2,89,90.0,5.1,0.1,100
2024-09-11 18:00:00,28.8,85,14.0,6.4,0.4,100
2024-09-11 19:00:00,27.9,89,0.0,11.6,0.7,100
2024-09-11 20:00:00,26.7,94,0.0,7.8,5.5,100
2024-09-11 21:00:00,26.7,93,0.0,9.3,4.2,100
2024-09-11 22:00:00,26.6,93,0.0,12.0,1.1,100
2024-09-11 23:00:00,26.8,92,0.0,16.6,0.0,100
2024-09-12 00:00:00,27.2,89,0.0,17.2,0.0,100
2024-09-12 01:00:00,26.7,91,0.0,20.7,0.5,100
2024-09-12 02:00:00,25.6,93,0.0,19.2,7.4,100
2024-09-12 03:00:00,25.8,91,0.0,19.9,5.0,100
2024-09-12 04:00:00,25.5,92,0.0,17.2,4.4,100
2024-09-12 05:00:00,25.8,92,0.0,13.5,11.6,100
2024-09-12 06:00:00,25.7,92,0.0,13.6,11.8,100
2024-09-12 07:00:00,25.5,93,6.0,8.4,6.2,100
2024-09-12 08:00:00,25.8,92,31.0,14.4,4.9,100
2024-09-12 09:00:00,25.5,93,60.0,14.6,6.7,100
2024-09-12 10:00:00,25.3,93,79.0,17.9,7.8,100
2024-09-12 11:00:00,25.4,92,108.0,19.8,2.0,100
2024-09-12 12:00:00,25.9,91,195.0,22.3,1.2,100
2024-09-12 13:00:00,26.1,90,183.0,24.4,2.7,100
2024-09-12 14:00:00,26.0,90,147.0,20.9,4.7,100
2024-09-12 15:00:00,25.3,90,40.0,19.9,3.2,100
2024-09-12 16:00:00,25.3,90,53.0,18.4,5.9,100
2024-09-12 17:00:00,25.2,91,20.0,19.1,9.1,100
2024-09-12 18:00:00,25.1,90,25.0,17.8,1.1,100
2024-09-12 19:00:00,24.4,90,0.0,14.3,2.1,100
2024-09-12 20:00:00,24.1,92,0.0,14.8,1.4,100
2024-09-12 21:00:00,24.4,93,0.0,12.9,0.6,38
2024-09-12 22:00:00,24.3,92,0.0,13.8,0.1,88
2024-09-12 23:00:00,23.9,94,0.0,10.5,0.4,100
2024-09-13 00:00:00,23.9,94,0.0,10.1,5.8,100
2024-09-13 01:00:00,23.7,94,0.0,14.4,10.7,100
2024-09-13 02:00:00,23.7,94,0.0,17.2,5.9,100
2024-09-13 03:00:00,23.4,93,0.0,20.7,6.5,100
2024-09-13 04:00:00,23.4,92,0.0,20.2,1.7,100
2024-09-13 05:00:00,23.3,91,0.0,16.6,3.0,100
2024-09-13 06:00:00,24.1,93,0.0,20.9,9.1,100
2024-09-13 07:00:00,24.3,94,29.0,16.9,2.8,83
2024-09-13 08:00:00,24.9,91,86.0,17.9,0.5,100
2024-09-13 09:00:00,26.0,85,113.0,18.4,0.0,100
2024-09-13 10:00:00,27.4,83,257.0,14.2,0.0,92
2024-09-13 11:00:00,30.0,75,674.0,13.9,0.0,81
2024-09-13 12:00:00,29.6,77,782.0,19.2,0.2,89
2024-09-13 13:00:00,25.8,90,554.0,22.7,3.0,100
2024-09-13 14:00:00,26.5,88,210.0,16.3,1.4,86
2024-09-13 15:00:00,28.3,83,478.0,14.0,0.1,100
2024-09-13 16:00:00,28.3,80,392.0,16.8,0.0,99
2024-09-13 17:00:00,26.6,86,145.0,11.9,0.6,32
2024-09-13 18:00:00,24.9,92,4.0,8.9,3.1,100
2024-09-13 19:00:00,24.6,94,0.0,3.3,0.0,100
2024-09-13 20:00:00,24.7,94,0.0,1.1,0.0,25
2024-09-13 21:00:00,24.5,93,0.0,5.7,0.1,40
2024-09-13 22:00:00,24.2,94,0.0,7.4,0.1,40
2024-09-13 23:00:00,24.0,95,0.0,6.0,0.1,27
2024-09-14 00:00:00,23.7,95,0.0,4.6,0.0,76
2024-09-14 01:00:00,24.0,94,0.0,9.6,0.2,95
2024-09-14 02:00:00,24.0,94,0.0,1.6,0.1,98
2024-09-14 03:00:00,23.6,97,0.0,4.0,0.1,30
2024-09-14 04:00:00,23.1,99,0.0,1.5,0.0,12
2024-09-14 05:00:00,22.6,99,0.0,2.2,0.0,98
2024-09-14 06:00:00,24.0,87,3.0,12.6,0.0,69
2024-09-14 07:00:00,24.8,84,75.0,14.7,0.0,43
2024-09-14 08:00:00,25.8,81,251.0,18.4,0.2,79
2024-09-14 09:00:00,26.7,78,385.0,18.7,0.2,47
2024-09-14 10:00:00,27.8,76,474.0,18.3,0.1,19
2024-09-14 11:00:00,28.6,75,622.0,17.1,0.0,77
2024-09-14 12:00:00,29.6,72,675.0,16.7,0.0,15
2024-09-14 13:00:00,29.9,69,717.0,16.4,0.0,28
2024-09-14 14:00:00,29.7,66,640.0,16.7,0.0,31
2024-09-14 15:00:00,29.4,67,462.0,13.8,0.0,26
2024-09-14 16:00:00,29.1,70,374.0,13.1,0.0,20
2024-09-14 17:00:00,28.4,76,179.0,9.5,0.0,27
2024-09-14 18:00:00,28.5,76,32.0,2.5,0.0,46
2024-09-14 19:00:00,24.4,92,0.0,9.3,2.6,100
2024-09-14 20:00:00,24.2,92,0.0,5.5,0.5,25
2024-09-14 21:00:00,24.1,93,0.0,3.5,0.4,44
2024-09-14 22:00:00,24.1,89,0.0,7.6,0.3,17
2024-09-14 23:00:00,23.7,91,0.0,4.8,0.0,11
2024-09-15 00:00:00,23.2,94,0.0,5.3,0.0,16
2024-09-15 01:00:00,23.3,93,0.0,5.9,0.0,20
2024-09-15 02:00:00,23.2,94,0.0,5.9,0.0,31
2024-09-15 03:00:00,22.7,96,0.0,4.4,0.0,16
2024-09-15 04:00:00,22.7,95,0.0,5.2,0.0,22
2024-09-15 05:00:00,22.5,96,0.0,5.5,0.0,1
2024-09-15 06:00:00,24.1,88,4.0,13.3,0.0,1
2024-09-15 07:00:00,24.8,84,100.0,13.8,0.0,14
2024-09-15 08:00:00,26.0,78,278.0,15.7,0.0,8
2024-09-15 09:00:00,27.4,72,476.0,16.3,0.0,5
2024-09-15 10:00:00,28.6,69,647.0,17.1,0.0,7
2024-09-15 11:00:00,29.7,66,769.0,17.4,0.0,11
2024-09-15 12:00:00,30.5,64,815.0,18.7,0.0,13
2024-09-15 13:00:00,31.0,62,797.0,19.0,0.0,10
2024-09-15 14:00:00,31.2,60,685.0,18.5,0.0,23
2024-09-15 15:00:00,30.9,61,531.0,19.8,0.0,13
2024-09-15 16:00:00,30.5,64,358.0,17.2,0.0,15
2024-09-15 17:00:00,29.6,68,186.0,11.7,0.0,19
2024-09-15 18:00:00,25.9,80,33.0,9.5,0.1,34
2024-09-15 19:00:00,25.2,87,0.0,4.9,0.0,25
2024-09-15 20:00:00,25.0,85,0.0,5.0,0.0,20
2024-09-15 21:00:00,25.4,81,0.0,5.8,0.0,13
2024-09-15 22:00:00,25.4,82,0.0,6.9,0.0,9
2024-09-15 23:00:00,25.1,84,0.0,6.2,0.0,11
2024-09-16 00:00:00,24.5,88,0.0,5.5,0.0,10
2024-09-16 01:00:00,24.3,88,0.0,5.8,0.0,6
2024-09-16 02:00:00,24.2,85,0.0,9.0,0.0,11
2024-09-16 03:00:00,24.2,82,0.0,12.6,0.0,4
2024-09-16 04:00:00,24.2,78,0.0,14.2,0.0,0
2024-09-16 05:00:00,23.7,78,0.0,11.9,0.0,1
2024-09-16 06:00:00,24.2,81,4.0,15.1,0.0,4
2024-09-16 07:00:00,25.0,79,99.0,14.8,0.0,0
2024-09-16 08:00:00,26.4,75,292.0,15.7,0.0,7
2024-09-16 09:00:00,28.0,70,491.0,16.7,0.0,0
2024-09-16 10:00:00,29.4,65,660.0,17.0,0.0,0
2024-09-16 11:00:00,30.5,62,777.0,16.9,0.0,0
2024-09-16 12:00:00,31.5,56,833.0,17.2,0.0,9
2024-09-16 13:00:00,31.8,54,750.0,17.3,0.0,6
2024-09-16 14:00:00,32.1,53,705.0,16.0,0.0,4
2024-09-16 15:00:00,32.1,53,578.0,15.3,0.0,3
2024-09-16 16:00:00,31.5,59,396.0,12.2,0.0,3
2024-09-16 17:00:00,30.3,66,199.0,8.2,0.0,4
2024-09-16 18:00:00,27.9,70,38.0,8.7,0.0,4
2024-09-16 19:00:00,26.8,75,0.0,7.6,0.0,8
2024-09-16 20:00:00,25.9,79,0.0,6.2,0.0,2
2024-09-16 21:00:00,25.1,82,0.0,7.3,0.0,3
2024-09-16 22:00:00,25.2,80,0.0,6.6,0.0,0
2024-09-16 23:00:00,24.5,83,0.0,9.0,0.0,0
2024-09-17 00:00:00,24.3,84,0.0,7.3,0.0,0
2024-09-17 01:00:00,24.0,86,0.0,5.2,0.0,47
2024-09-17 02:00:00,24.4,83,0.0,9.7,0.0,81
2024-09-17 03:00:00,24.3,83,0.0,8.3,0.0,92
2024-09-17 04:00:00,23.9,85,0.0,8.7,0.0,98
2024-09-17 05:00:00,24.0,82,0.0,10.1,0.0,100
2024-09-17 06:00:00,24.2,82,4.0,7.6,0.0,30
2024-09-17 07:00:00,24.9,82,74.0,8.8,0.0,41
2024-09-17 08:00:00,26.4,78,232.0,10.2,0.0,17
2024-09-17 09:00:00,28.1,74,405.0,9.3,0.0,32
2024-09-17 10:00:00,29.5,67,533.0,9.0,0.0,82
2024-09-17 11:00:00,30.3,63,544.0,11.6,0.0,96
2024-09-17 12:00:00,30.5,63,494.0,10.2,0.0,84
2024-09-17 13:00:00,31.3,61,667.0,9.3,0.0,75
2024-09-17 14:00:00,31.5,60,529.0,8.0,0.0,58
2024-09-17 15:00:00,31.5,59,447.0,6.8,0.0,42
2024-09-17 16:00:00,31.3,60,327.0,6.3,0.0,83
2024-09-17 17:00:00,30.2,70,178.0,4.9,0.0,88
2024-09-17 18:00:00,30.3,63,30.0,1.1,0.0,35
2024-09-17 19:00:00,28.0,78,0.0,5.2,0.0,24
2024-09-17 20:00:00,27.9,78,0.0,2.1,0.0,15
2024-09-17 21:00:00,27.9,76,0.0,1.8,0.0,71
2024-09-17 22:00:00,28.0,75,0.0,2.7,0.0,99
2024-09-17 23:00:00,26.4,86,0.0,5.8,0.0,91
2024-09-18 00:00:00,25.9,86,0.0,3.8,0.0,94
2024-09-18 01:00:00,25.4,88,0.0,4.2,0.0,90
2024-09-18 02:00:00,24.8,91,0.0,4.5,0.0,99
2024-09-18 03:00:00,24.9,90,0.0,5.8,0.0,100
2024-09-18 04:00:00,24.7,91,0.0,4.0,0.0,100
2024-09-18 05:00:00,24.3,92,0.0,3.9,0.0,100
2024-09-18 06:00:00,25.3,93,1.0,5.8,0.0,100
2024-09-18 07:00:00,25.6,92,30.0,5.7,0.0,100
2024-09-18 08:00:00,26.2,88,108.0,9.0,0.0,100
2024-09-18 09:00:00,27.1,84,247.0,11.1,0.0,100
2024-09-18 10:00:00,27.7,77,380.0,15.1,0.0,100
2024-09-18 11:00:00,27.5,69,364.0,16.9,0.0,100
2024-09-18 12:00:00,26.5,69,327.0,16.9,0.0,100
2024-09-18 13:00:00,25.8,75,224.0,15.8,0.0,100
2024-09-18 14:00:00,25.7,76,279.0,16.3,0.3,100
2024-09-18 15:00:00,24.8,82,155.0,13.8,0.7,100
2024-09-18 16:00:00,24.2,90,56.0,12.7,2.8,100
2024-09-18 17:00:00,24.0,90,22.0,16.3,6.5,100
2024-09-18 18:00:00,23.7,89,8.0,17.9,1.5,100
2024-09-18 19:00:00,23.3,90,0.0,17.2,2.7,100
2024-09-18 20:00:00,22.9,89,0.0,15.2,11.9,100
2024-09-18 21:00:00,22.8,91,0.0,10.0,14.8,100
2024-09-18 22:00:00,23.0,92,0.0,5.1,16.1,100
2024-09-18 23:00:00,22.9,92,0.0,9.4,5.4,100
2024-09-19 00:00:00,22.8,94,0.0,13.4,2.6,100
2024-09-19 01:00:00,22.9,93,0.0,13.6,0.1,100
2024-09-19 02:00:00,23.0,93,0.0,11.8,0.0,98
2024-09-19 03:00:00,23.0,94,0.0,12.2,0.0,100
2024-09-19 04:00:00,23.0,95,0.0,14.1,0.0,100
2024-09-19 05:00:00,23.1,96,0.0,13.6,0.0,100
2024-09-19 06:00:00,23.5,96,3.0,11.6,0.0,18
2024-09-19 07:00:00,24.8,91,91.0,14.1,0.0,45
2024-09-19 08:00:00,26.1,85,268.0,14.2,0.0,50
2024-09-19 09:00:00,27.3,82,424.0,13.4,0.0,70
2024-09-19 10:00:00,28.5,78,543.0,14.5,0.1,100
2024-09-19 11:00:00,28.9,74,448.0,15.5,0.3,100
2024-09-19 12:00:00,28.9,75,436.0,15.3,0.1,20
2024-09-19 13:00:00,29.4,75,670.0,15.7,0.2,37
2024-09-19 14:00:00,29.6,73,597.0,13.8,0.1,32
2024-09-19 15:00:00,29.8,70,498.0,13.0,0.1,17
2024-09-19 16:00:00,29.8,70,342.0,11.1,0.0,26
2024-09-19 17:00:00,29.3,73,172.0,7.4,0.0,12
2024-09-19 18:00:00,27.1,85,27.0,4.9,0.1,77
2024-09-19 19:00:00,26.7,87,0.0,5.1,0.0,65
2024-09-19 20:00:00,26.3,90,0.0,5.4,0.0,100
2024-09-19 21:00:00,25.8,93,0.0,5.4,0.0,33
2024-09-19 22:00:00,25.4,94,0.0,5.8,0.0,0
2024-09-19 23:00:00,24.5,96,0.0,6.6,0.0,21
2024-09-20 00:00:00,24.3,96,0.0,4.8,0.0,50
2024-09-20 01:00:00,24.3,96,0.0,3.7,0.0,3
2024-09-20 02:00:00,24.3,97,0.0,3.3,0.0,94
2024-09-20 03:00:00,24.4,98,0.0,3.3,0.0,99
2024-09-20 04:00:00,24.2,98,0.0,5.1,0.0,99
2024-09-20 05:00:00,24.2,98,0.0,4.6,0.0,86
2024-09-20 06:00:00,24.0,99,3.0,1.1,0.0,0
2024-09-20 07:00:00,25.5,93,89.0,4.1,0.0,0
2024-09-20 08:00:00,27.3,79,282.0,5.9,0.0,0
2024-09-20 09:00:00,28.4,73,479.0,7.9,0.0,0
2024-09-20 10:00:00,29.4,69,646.0,10.5,0.0,14
2024-09-20 11:00:00,30.1,66,738.0,12.2,0.0,23
2024-09-20 12:00:00,30.8,63,773.0,11.6,0.0,25
2024-09-20 13:00:00,31.1,59,733.0,11.4,0.0,49
2024-09-20 14:00:00,31.1,58,543.0,10.8,0.0,35
2024-09-20 15:00:00,31.1,59,422.0,9.5,0.0,28
2024-09-20 16:00:00,30.8,61,312.0,8.6,0.0,15
2024-09-20 17:00:00,29.7,70,160.0,6.4,0.0,8
2024-09-20 18:00:00,27.9,78,27.0,5.1,0.0,3
2024-09-20 19:00:00,26.9,81,0.0,5.1,0.0,8
2024-09-20 20:00:00,26.3,83,0.0,4.5,0.0,7
2024-09-20 21:00:00,26.0,84,0.0,6.6,0.0,7
2024-09-20 22:00:00,25.8,85,0.0,7.1,0.0,10
2024-09-20 23:00:00,25.5,87,0.0,6.5,0.0,9
2024-09-21 00:00:00,25.1,88,0.0,5.6,0.0,28
2024-09-21 01:00:00,24.8,90,0.0,4.3,0.0,100
2024-09-21 02:00:00,24.8,90,0.0,4.0,0.0,100
2024-09-21 03:00:00,24.9,90,0.0,3.9,0.0,99
2024-09-21 04:00:00,24.8,94,0.0,3.6,0.0,100
2024-09-21 05:00:00,25.0,91,0.0,1.1,0.0,100
2024-09-21 06:00:00,25.5,89,2.0,4.3,0.1,100
2024-09-21 07:00:00,26.2,89,61.0,4.0,0.1,100
2024-09-21 08:00:00,27.5,83,188.0,3.3,0.0,70
2024-09-21 09:00:00,28.9,76,391.0,1.4,0.0,27
2024-09-21 10:00:00,30.0,71,569.0,2.9,0.0,66
2024-09-21 11:00:00,30.8,67,649.0,7.9,0.0,56
2024-09-21 12:00:00,31.2,65,605.0,9.2,0.0,50
2024-09-21 13:00:00,31.5,64,631.0,8.4,0.0,40
2024-09-21 14:00:00,31.6,62,488.0,6.8,0.0,20
2024-09-21 15:00:00,31.6,62,448.0,5.7,0.0,5
2024-09-21 16:00:00,31.5,63,287.0,5.2,0.0,9
2024-09-21 17:00:00,30.6,73,157.0,3.4,0.0,7
2024-09-21 18:00:00,28.5,82,27.0,5.2,0.0,0
2024-09-21 19:00:00,27.8,81,0.0,4.1,0.0,1
2024-09-21 20:00:00,27.1,82,0.0,4.5,0.0,2
2024-09-21 21:00:00,26.7,84,0.0,4.6,0.0,2
2024-09-21 22:00:00,26.6,83,0.0,4.8,0.0,3
2024-09-21 23:00:00,26.4,83,0.0,5.0,0.0,5
2024-09-22 00:00:00,26.2,83,0.0,4.1,0.0,4
2024-09-22 01:00:00,26.0,84,0.0,4.7,0.0,12
2024-09-22 02:00:00,25.3,88,0.0,4.4,0.0,68
2024-09-22 03:00:00,25.6,87,0.0,4.9,0.0,100
2024-09-22 04:00:00,26.3,83,0.0,6.4,0.0,99
2024-09-22 05:00:00,26.4,83,0.0,5.4,0.0,97
2024-09-22 06:00:00,26.0,89,3.0,4.5,0.0,1
2024-09-22 07:00:00,27.3,86,91.0,5.7,0.0,0
2024-09-22 08:00:00,29.0,80,277.0,5.9,0.0,0
2024-09-22 09:00:00,30.1,76,473.0,6.9,0.0,0
2024-09-22 10:00:00,31.2,70,638.0,6.1,0.0,33
2024-09-22 11:00:00,31.9,66,700.0,6.8,0.0,42
2024-09-22 12:00:00,32.5,64,697.0,6.5,0.0,38
2024-09-22 13:00:00,32.8,62,711.0,6.3,0.0,37
2024-09-22 14:00:00,33.1,60,641.0,6.0,0.0,43
2024-09-22 15:00:00,33.0,59,493.0,6.1,0.0,25
2024-09-22 16:00:00,32.8,60,342.0,5.8,0.0,25
2024-09-22 17:00:00,31.7,72,153.0,3.3,0.0,14
2024-09-22 18:00:00,30.0,78,26.0,5.4,0.0,3
2024-09-22 19:00:00,29.1,80,0.0,6.2,0.0,2
2024-09-22 20:00:00,28.4,82,0.0,5.9,0.0,1
2024-09-22 21:00:00,28.0,83,0.0,6.9,0.0,0
2024-09-22 22:00:00,27.4,86,0.0,6.2,0.0,0
2024-09-22 23:00:00,26.6,90,0.0,6.6,0.0,0
2024-09-23 00:00:00,26.1,92,0.0,7.8,0.0,0
2024-09-23 01:00:00,25.8,92,0.0,6.8,0.0,0
2024-09-23 02:00:00,26.0,90,0.0,4.9,0.0,0
2024-09-23 03:00:00,25.6,92,0.0,5.2,0.0,0
2024-09-23 04:00:00,25.3,93,0.0,5.8,0.0,0
2024-09-23 05:00:00,25.1,93,0.0,6.5,0.0,0
2024-09-23 06:00:00,25.5,92,3.0,5.0,0.0,0
2024-09-23 07:00:00,26.9,88,93.0,4.7,0.0,0
2024-09-23 08:00:00,28.7,80,278.0,4.1,0.0,0
2024-09-23 09:00:00,30.3,73,473.0,5.5,0.0,0
2024-09-23 10:00:00,31.5,67,638.0,7.1,0.0,0
2024-09-23 11:00:00,32.3,65,753.0,7.6,0.0,1
2024-09-23 12:00:00,32.9,63,794.0,7.4,0.0,1
2024-09-23 13:00:00,33.2,62,778.0,8.0,0.0,4
2024-09-23 14:00:00,33.3,61,690.0,9.0,0.0,9
2024-09-23 15:00:00,33.2,61,545.0,10.2,0.0,11
2024-09-23 16:00:00,32.8,62,354.0,10.7,0.0,6
2024-09-23 17:00:00,31.6,69,165.0,8.7,0.0,0
2024-09-23 18:00:00,29.9,73,24.0,6.4,0.0,0
2024-09-23 19:00:00,28.9,78,0.0,5.9,0.0,0
2024-09-23 20:00:00,28.3,81,0.0,6.1,0.0,0
2024-09-23 21:00:00,27.5,85,0.0,7.6,0.0,0
2024-09-23 22:00:00,27.3,83,0.0,5.2,0.0,0
2024-09-23 23:00:00,26.8,85,0.0,4.1,0.0,0
2024-09-24 00:00:00,26.2,89,0.0,4.6,0.0,0
2024-09-24 01:00:00,25.9,90,0.0,5.2,0.0,0
2024-09-24 02:00:00,25.9,88,0.0,4.8,0.0,0
2024-09-24 03:00:00,25.8,89,0.0,5.1,0.0,0
2024-09-24 04:00:00,25.5,91,0.0,5.9,0.0,0
2024-09-24 05:00:00,25.2,93,0.0,6.0,0.0,0
2024-09-24 06:00:00,26.1,91,3.0,2.9,0.0,0
2024-09-24 07:00:00,27.6,87,90.0,2.3,0.0,0
2024-09-24 08:00:00,29.5,78,273.0,1.1,0.0,0
2024-09-24 09:00:00,30.9,71,468.0,1.0,0.0,0
2024-09-24 10:00:00,31.7,66,633.0,1.5,0.0,0
2024-09-24 11:00:00,32.4,63,747.0,1.1,0.0,2
2024-09-24 12:00:00,32.9,61,794.0,0.5,0.0,5
2024-09-24 13:00:00,33.3,59,764.0,0.7,0.0,18
2024-09-24 14:00:00,33.6,56,664.0,2.2,0.0,24
2024-09-24 15:00:00,33.5,56,506.0,3.4,0.0,27
2024-09-24 16:00:00,33.2,58,338.0,4.5,0.0,26
2024-09-24 17:00:00,32.0,71,157.0,2.9,0.0,39
2024-09-24 18:00:00,30.1,81,21.0,6.2,0.0,17
2024-09-24 19:00:00,29.3,83,0.0,6.0,0.0,2
2024-09-24 20:00:00,29.1,81,0.0,5.4,0.0,2
2024-09-24 21:00:00,28.7,82,0.0,6.9,0.0,1
2024-09-24 22:00:00,28.2,83,0.0,5.5,0.0,1
2024-09-24 23:00:00,27.9,84,0.0,5.8,0.0,0
2024-09-25 00:00:00,27.6,85,0.0,5.9,0.0,0
2024-09-25 01:00:00,27.4,87,0.0,5.6,0.0,53
2024-09-25 02:00:00,26.9,90,0.0,4.4,0.0,73
2024-09-25 03:00:00,26.8,92,0.0,6.2,0.0,66
2024-09-25 04:00:00,26.7,91,0.0,5.1,0.0,40
2024-09-25 05:00:00,26.4,93,0.0,15.5,0.1,28
2024-09-25 06:00:00,26.9,93,2.0,6.8,0.0,11
2024-09-25 07:00:00,27.9,91,84.0,7.1,0.0,0
2024-09-25 08:00:00,29.2,86,260.0,8.8,0.0,0
2024-09-25 09:00:00,30.4,79,454.0,12.8,0.1,16
2024-09-25 10:00:00,31.5,74,557.0,13.0,0.1,8
2024-09-25 11:00:00,32.4,66,641.0,11.9,0.0,14
2024-09-25 12:00:00,33.0,63,745.0,11.4,0.0,18
2024-09-25 13:00:00,32.8,62,702.0,10.0,0.0,20
2024-09-25 14:00:00,31.6,68,623.0,14.3,0.1,40
2024-09-25 15:00:00,31.0,75,449.0,11.2,0.0,97
2024-09-25 16:00:00,31.1,75,302.0,9.5,0.0,93
2024-09-25 17:00:00,30.5,77,145.0,8.5,0.0,89
2024-09-25 18:00:00,28.9,79,19.0,12.5,0.0,57
2024-09-25 19:00:00,28.4,82,0.0,14.4,0.0,93
2024-09-25 20:00:00,28.0,85,0.0,16.1,0.0,100
2024-09-25 21:00:00,27.5,87,0.0,16.0,0.0,100
2024-09-25 22:00:00,26.9,87,0.0,13.9,0.0,96
2024-09-25 23:00:00,26.4,88,0.0,13.5,0.0,97
2024-09-26 00:00:00,26.1,90,0.0,12.7,0.0,100
2024-09-26 01:00:00,25.9,91,0.0,12.4,0.0,100
2024-09-26 02:00:00,25.7,93,0.0,11.6,0.0,89
2024-09-26 03:00:00,25.5,94,0.0,10.6,0.0,94
2024-09-26 04:00:00,25.4,95,0.0,10.2,0.0,67
2024-09-26 05:00:00,25.3,96,0.0,11.2,0.0,67
2024-09-26 06:00:00,25.6,91,1.0,8.6,0.1,96
2024-09-26 07:00:00,26.2,90,54.0,11.7,0.0,100
2024-09-26 08:00:00,27.3,85,180.0,13.2,0.0,100
2024-09-26 09:00:00,27.9,84,283.0,12.3,0.1,100
2024-09-26 10:00:00,29.0,79,428.0,13.0,0.1,100
2024-09-26 11:00:00,29.9,74,495.0,12.0,0.0,100
2024-09-26 12:00:00,30.8,71,619.0,8.0,0.1,100
2024-09-26 13:00:00,31.0,70,607.0,8.5,0.0,100
2024-09-26 14:00:00,31.4,66,513.0,10.7,0.0,57
2024-09-26 15:00:00,31.3,66,470.0,8.8,0.0,14
2024-09-26 16:00:00,30.5,68,295.0,11.1,0.0,92
2024-09-26 17:00:00,29.8,74,132.0,9.1,0.0,88
2024-09-26 18:00:00,28.6,78,19.0,5.7,0.0,100
2024-09-26 19:00:00,28.2,79,0.0,8.3,0.0,98
2024-09-26 20:00:00,27.7,81,0.0,9.4,0.0,88
2024-09-26 21:00:00,27.5,81,0.0,12.1,0.0,78
2024-09-26 22:00:00,27.3,82,0.0,12.9,0.0,61
2024-09-26 23:00:00,26.9,83,0.0,11.9,0.0,74
2024-09-27 00:00:00,26.4,85,0.0,10.3,0.0,92
2024-09-27 01:00:00,26.1,86,0.0,8.7,0.0,76
2024-09-27 02:00:00,25.7,88,0.0,8.2,0.0,76
2024-09-27 03:00:00,25.4,89,0.0,9.3,0.0,30
2024-09-27 04:00:00,25.2,89,0.0,10.5,0.0,33
2024-09-27 05:00:00,25.0,88,0.0,11.7,0.0,80
2024-09-27 06:00:00,25.4,88,2.0,10.6,0.0,0
2024-09-27 07:00:00,25.9,84,82.0,14.2,0.0,16
2024-09-27 08:00:00,26.6,81,250.0,12.3,0.0,5
2024-09-27 09:00:00,27.8,78,438.0,12.1,0.0,20
2024-09-27 10:00:00,29.1,71,573.0,16.0,0.0,41
2024-09-27 11:00:00,29.5,69,624.0,15.4,0.1,27
2024-09-27 12:00:00,30.0,68,692.0,13.2,0.1,11
2024-09-27 13:00:00,30.8,65,736.0,9.2,0.0,13
2024-09-27 14:00:00,30.9,65,560.0,9.1,0.0,16
2024-09-27 15:00:00,30.7,64,487.0,12.1,0.1,65
2024-09-27 16:00:00,29.3,73,282.0,11.3,0.4,50
2024-09-27 17:00:00,28.9,75,139.0,10.1,0.0,13
2024-09-27 18:00:00,27.6,79,15.0,4.9,0.1,44
2024-09-27 19:00:00,26.9,83,0.0,6.2,0.0,17
2024-09-27 20:00:00,26.3,86,0.0,7.5,0.0,5
2024-09-27 21:00:00,25.9,88,0.0,7.7,0.0,4
2024-09-27 22:00:00,25.4,86,0.0,9.2,0.0,0
2024-09-27 23:00:00,24.8,84,0.0,11.8,0.0,2
2024-09-28 00:00:00,24.4,86,0.0,11.5,0.0,9
2024-09-28 01:00:00,24.0,88,0.0,7.6,0.0,34
2024-09-28 02:00:00,23.6,91,0.0,7.6,0.0,97
2024-09-28 03:00:00,23.3,93,0.0,7.5,0.0,100
2024-09-28 04:00:00,23.2,94,0.0,7.8,0.0,90
2024-09-28 05:00:00,23.1,95,0.0,7.8,0.0,100
2024-09-28 06:00:00,23.2,95,2.0,4.9,0.0,100
2024-09-28 07:00:00,24.2,91,67.0,6.2,0.0,100
2024-09-28 08:00:00,25.3,86,197.0,6.8,0.0,100
2024-09-28 09:00:00,26.6,81,371.0,7.4,0.0,99
2024-09-28 10:00:00,28.2,73,532.0,10.8,0.0,100
2024-09-28 11:00:00,29.0,71,476.0,11.6,0.0,82
2024-09-28 12:00:00,30.0,65,602.0,10.1,0.0,100
2024-09-28 13:00:00,30.2,64,489.0,9.4,0.0,100
2024-09-28 14:00:00,30.5,63,506.0,9.4,0.0,99
2024-09-28 15:00:00,30.4,63,355.0,9.3,0.0,67
2024-09-28 16:00:00,29.9,65,235.0,9.6,0.0,96
2024-09-28 17:00:00,29.1,71,112.0,7.8,0.0,100
2024-09-28 18:00:00,27.0,79,17.0,5.6,0.0,9
2024-09-28 19:00:00,26.1,84,0.0,6.0,0.0,23
2024-09-28 20:00:00,25.6,86,0.0,5.0,0.0,26
2024-09-28 21:00:00,25.3,87,0.0,5.2,0.0,42
2024-09-28 22:00:00,24.9,89,0.0,8.5,0.0,56
2024-09-28 23:00:00,24.4,91,0.0,5.9,0.0,11
2024-09-29 00:00:00,23.8,93,0.0,6.0,0.0,5
2024-09-29 01:00:00,23.5,93,0.0,6.9,0.0,5
2024-09-29 02:00:00,23.2,94,0.0,6.5,0.0,3
2024-09-29 03:00:00,23.0,96,0.0,5.9,0.0,31
2024-09-29 04:00:00,22.9,97,0.0,6.2,0.0,69
2024-09-29 05:00:00,22.6,98,0.0,3.9,0.0,63
2024-09-29 06:00:00,23.3,96,2.0,6.6,0.0,15
2024-09-29 07:00:00,24.2,93,79.0,8.6,0.0,34
2024-09-29 08:00:00,25.6,85,229.0,9.8,0.0,100
2024-09-29 09:00:00,27.1,78,340.0,8.1,0.1,100
2024-09-29 10:00:00,27.8,75,333.0,7.0,0.1,100
2024-09-29 11:00:00,28.6,72,411.0,7.9,0.1,95
2024-09-29 12:00:00,29.2,70,466.0,9.6,0.0,67
2024-09-29 13:00:00,30.3,65,599.0,9.2,0.0,51
2024-09-29 14:00:00,30.7,64,543.0,9.4,0.0,36
2024-09-29 15:00:00,30.5,64,410.0,10.1,0.0,69
2024-09-29 16:00:00,30.3,65,284.0,9.4,0.0,21
2024-09-29 17:00:00,29.3,72,127.0,5.8,0.0,32
2024-09-29 18:00:00,28.0,80,15.0,4.1,0.0,98
2024-09-29 19:00:00,27.1,85,0.0,4.5,0.0,97
2024-09-29 20:00:00,26.2,89,0.0,4.8,0.0,100
2024-09-29 21:00:00,25.8,89,0.0,3.9,0.0,98
2024-09-29 22:00:00,25.3,91,0.0,4.3,0.0,95
2024-09-29 23:00:00,24.9,92,0.0,3.9,0.0,89
2024-09-30 00:00:00,25.4,88,0.0,1.8,0.0,99
2024-09-30 01:00:00,24.5,91,0.0,3.3,0.0,4
2024-09-30 02:00:00,24.5,91,0.0,4.9,0.0,1
2024-09-30 03:00:00,24.2,92,0.0,7.9,0.0,50
2024-09-30 04:00:00,23.8,94,0.0,7.5,0.0,0
2024-09-30 05:00:00,23.5,95,0.0,7.2,0.0,0
2024-09-30 06:00:00,24.1,94,2.0,7.1,0.0,0
2024-09-30 07:00:00,25.4,91,83.0,8.6,0.0,6
2024-09-30 08:00:00,27.3,83,264.0,8.7,0.0,41
2024-09-30 09:00:00,29.0,74,455.0,9.2,0.0,94
2024-09-30 10:00:00,30.2,67,604.0,9.8,0.0,91
2024-09-30 11:00:00,31.1,62,668.0,11.6,0.0,100
2024-09-30 12:00:00,31.9,58,693.0,13.9,0.0,97
2024-09-30 13:00:00,32.4,54,631.0,15.2,0.0,84
2024-09-30 14:00:00,32.7,54,599.0,15.1,0.0,10
2024-09-30 15:00:00,32.4,55,496.0,13.9,0.0,6
2024-09-30 16:00:00,31.9,60,333.0,11.3,0.0,19
2024-09-30 17:00:00,30.4,68,143.0,7.3,0.0,1
2024-09-30 18:00:00,28.1,77,15.0,6.1,0.0,3
2024-09-30 19:00:00,27.7,80,0.0,7.1,0.0,1
2024-09-30 20:00:00,27.8,77,0.0,6.1,0.0,0
2024-09-30 21:00:00,26.5,83,0.0,6.7,0.0,0
2024-09-30 22:00:00,25.9,85,0.0,7.4,0.0,0
2024-09-30 23:00:00,25.6,86,0.0,5.9,0.0,0
2024-10-01 00:00:00,25.1,89,0.0,5.2,0.0,0
2024-10-01 01:00:00,24.8,91,0.0,5.4,0.0,0
2024-10-01 02:00:00,24.6,92,0.0,6.2,0.0,0
2024-10-01 03:00:00,24.3,94,0.0,6.6,0.0,0
2024-10-01 04:00:00,24.2,93,0.0,6.7,0.0,0
2024-10-01 05:00:00,24.0,93,0.0,6.7,0.0,0
2024-10-01 06:00:00,24.4,91,1.0,8.6,0.0,0
2024-10-01 07:00:00,25.6,87,83.0,9.5,0.0,0
2024-10-01 08:00:00,27.4,80,265.0,8.7,0.0,0
2024-10-01 09:00:00,29.2,73,460.0,10.1,0.0,1
2024-10-01 10:00:00,30.4,66,624.0,11.4,0.0,4
2024-10-01 11:00:00,31.5,61,735.0,12.6,0.0,6
2024-10-01 12:00:00,32.3,59,780.0,13.4,0.0,8
2024-10-01 13:00:00,32.9,58,756.0,13.9,0.0,0
2024-10-01 14:00:00,33.1,58,665.0,14.7,0.0,1
2024-10-01 15:00:00,33.2,57,517.0,14.9,0.0,1
2024-10-01 16:00:00,32.8,60,332.0,12.1,0.0,0
2024-10-01 17:00:00,31.3,67,141.0,7.2,0.0,0
2024-10-01 18:00:00,28.9,76,14.0,6.9,0.0,2
2024-10-01 19:00:00,28.4,78,0.0,7.9,0.0,1
2024-10-01 20:00:00,29.8,69,0.0,5.5,0.0,0
2024-10-01 21:00:00,29.1,72,0.0,3.2,0.0,0
2024-10-01 22:00:00,26.4,85,0.0,3.6,0.0,0
2024-10-01 23:00:00,26.4,83,0.0,4.4,0.0,0
2024-10-02 00:00:00,25.7,87,0.0,5.0,0.0,0
2024-10-02 01:00:00,24.9,92,0.0,6.1,0.0,0
2024-10-02 02:00:00,24.9,91,0.0,4.5,0.0,0
2024-10-02 03:00:00,24.7,92,0.0,4.8,0.0,0
2024-10-02 04:00:00,24.8,91,0.0,5.0,0.0,0
2024-10-02 05:00:00,24.8,89,0.0,7.1,0.0,0
2024-10-02 06:00:00,25.8,87,1.0,7.4,0.0,0
2024-10-02 07:00:00,26.9,85,81.0,10.2,0.0,0
2024-10-02 08:00:00,28.7,80,263.0,8.5,0.0,0
2024-10-02 09:00:00,30.3,73,459.0,10.9,0.0,0
2024-10-02 10:00:00,31.8,63,624.0,13.4,0.0,0
2024-10-02 11:00:00,33.0,57,738.0,15.4,0.0,0
2024-10-02 12:00:00,33.8,52,787.0,17.1,0.0,0
2024-10-02 13:00:00,34.3,49,766.0,17.7,0.0,0
2024-10-02 14:00:00,34.6,47,675.0,17.1,0.0,0
2024-10-02 15:00:00,34.5,47,526.0,15.5,0.0,0
2024-10-02 16:00:00,33.6,53,338.0,12.1,0.0,0
2024-10-02 17:00:00,31.4,63,142.0,7.3,0.0,0
2024-10-02 18:00:00,28.9,74,13.0,9.0,0.0,1
2024-10-02 19:00:00,28.7,73,0.0,6.2,0.0,0
2024-10-02 20:00:00,28.0,74,0.0,5.4,0.0,0
2024-10-02 21:00:00,27.5,72,0.0,5.8,0.0,0
2024-10-02 22:00:00,26.7,75,0.0,6.9,0.0,0
2024-10-02 23:00:00,26.2,76,0.0,5.8,0.0,0
2024-10-03 00:00:00,26.1,75,0.0,6.8,0.0,0
2024-10-03 01:00:00,25.2,79,0.0,5.8,0.0,0
2024-10-03 02:00:00,24.6,83,0.0,6.0,0.0,0
2024-10-03 03:00:00,24.5,83,0.0,8.3,0.0,0
2024-10-03 04:00:00,24.5,81,0.0,10.3,0.0,0
2024-10-03 05:00:00,24.9,70,0.0,11.6,0.0,0
2024-10-03 06:00:00,25.9,59,1.0,15.6,0.0,0
2024-10-03 07:00:00,26.3,63,82.0,16.8,0.0,0
2024-10-03 08:00:00,28.0,64,269.0,15.6,0.0,0
2024-10-03 09:00:00,29.8,59,468.0,16.4,0.0,0
2024-10-03 10:00:00,31.2,55,631.0,17.5,0.0,0
2024-10-03 11:00:00,32.3,52,743.0,18.4,0.0,0
2024-10-03 12:00:00,33.1,49,789.0,17.4,0.0,0
2024-10-03 13:00:00,33.7,47,764.0,14.8,0.0,0
2024-10-03 14:00:00,33.9,47,674.0,12.0,0.0,0
2024-10-03 15:00:00,33.8,47,525.0,9.9,0.0,0
2024-10-03 16:00:00,33.0,55,337.0,6.6,0.0,0
2024-10-03 17:00:00,30.6,74,141.0,6.8,0.0,0
2024-10-03 18:00:00,29.5,67,13.0,6.7,0.0,0
2024-10-03 19:00:00,27.4,76,0.0,8.8,0.0,0
2024-10-03 20:00:00,27.1,77,0.0,8.0,0.0,0
2024-10-03 21:00:00,28.7,69,0.0,2.3,0.0,0
2024-10-03 22:00:00,26.3,77,0.0,4.6,0.0,0
2024-10-03 23:00:00,26.4,75,0.0,6.2,0.0,0
2024-10-04 00:00:00,25.1,81,0.0,7.8,0.0,0
2024-10-04 01:00:00,25.1,81,0.0,6.2,0.0,0
2024-10-04 02:00:00,24.4,84,0.0,6.9,0.0,0
2024-10-04 03:00:00,24.7,82,0.0,7.0,0.0,0
2024-10-04 04:00:00,24.5,82,0.0,7.6,0.0,0
2024-10-04 05:00:00,23.8,82,0.0,6.9,0.0,0
2024-10-04 06:00:00,25.6,61,1.0,13.2,0.0,0
2024-10-04 07:00:00,25.8,64,80.0,11.2,0.0,0
2024-10-04 08:00:00,27.5,62,263.0,9.6,0.0,0
2024-10-04 09:00:00,29.1,56,458.0,12.0,0.0,0
2024-10-04 10:00:00,30.6,54,621.0,13.3,0.0,0
2024-10-04 11:00:00,31.7,53,732.0,13.4,0.0,0
2024-10-04 12:00:00,32.7,52,778.0,13.3,0.0,0
2024-10-04 13:00:00,33.2,51,754.0,12.3,0.0,0
2024-10-04 14:00:00,33.5,51,662.0,11.2,0.0,0
2024-10-04 15:00:00,33.4,52,515.0,11.0,0.0,0
2024-10-04 16:00:00,32.8,57,326.0,7.9,0.0,0
2024-10-04 17:00:00,30.9,75,133.0,6.1,0.0,0
2024-10-04 18:00:00,29.1,72,11.0,7.0,0.0,0
2024-10-04 19:00:00,30.0,65,0.0,5.6,0.0,0
2024-10-04 20:00:00,28.3,73,0.0,4.4,0.0,1
2024-10-04 21:00:00,26.4,82,0.0,6.1,0.0,2
2024-10-04 22:00:00,26.5,79,0.0,5.4,0.0,3
2024-10-04 23:00:00,26.0,81,0.0,6.1,0.0,1
2024-10-05 00:00:00,25.9,81,0.0,6.6,0.0,0
2024-10-05 01:00:00,25.5,83,0.0,8.0,0.0,0
2024-10-05 02:00:00,24.7,86,0.0,5.8,0.0,0
2024-10-05 03:00:00,24.4,87,0.0,5.5,0.0,0
2024-10-05 04:00:00,24.2,82,0.0,7.3,0.0,0
2024-10-05 05:00:00,24.3,75,0.0,10.5,0.0,0
2024-10-05 06:00:00,25.4,68,1.0,12.4,0.0,27
2024-10-05 07:00:00,26.1,68,67.0,13.2,0.0,30
2024-10-05 08:00:00,27.4,67,221.0,13.5,0.0,27
2024-10-05 09:00:00,28.9,65,386.0,16.8,0.0,21
2024-10-05 10:00:00,30.3,62,545.0,17.8,0.0,15
2024-10-05 11:00:00,31.6,58,667.0,17.6,0.0,14
2024-10-05 12:00:00,32.6,54,737.0,16.2,0.0,1
2024-10-05 13:00:00,33.3,51,739.0,13.7,0.0,0
2024-10-05 14:00:00,33.5,49,653.0,11.1,0.0,1
2024-10-05 15:00:00,33.6,48,511.0,9.4,0.0,3
2024-10-05 16:00:00,32.6,54,301.0,7.8,0.0,17
2024-10-05 17:00:00,30.6,63,118.0,7.3,0.0,3
2024-10-05 18:00:00,28.5,67,10.0,8.0,0.0,8
2024-10-05 19:00:00,30.2,56,0.0,4.4,0.0,3
2024-10-05 20:00:00,29.5,57,0.0,2.4,0.0,2
2024-10-05 21:00:00,26.1,72,0.0,6.2,0.0,1
2024-10-05 22:00:00,26.2,67,0.0,6.2,0.0,1
2024-10-05 23:00:00,26.1,68,0.0,11.6,0.0,1
2024-10-06 00:00:00,26.2,69,0.0,10.7,0.0,1
2024-10-06 01:00:00,25.7,71,0.0,10.6,0.0,1
2024-10-06 02:00:00,25.1,72,0.0,9.2,0.0,0
2024-10-06 03:00:00,24.7,72,0.0,8.3,0.0,0
2024-10-06 04:00:00,24.2,74,0.0,8.1,0.0,0
2024-10-06 05:00:00,23.7,75,0.0,9.1,0.0,0
2024-10-06 06:00:00,23.8,81,1.0,5.4,0.0,0
2024-10-06 07:00:00,25.1,78,75.0,6.1,0.0,0
2024-10-06 08:00:00,27.3,72,252.0,5.6,0.0,0
2024-10-06 09:00:00,29.2,65,447.0,8.9,0.0,0
2024-10-06 10:00:00,30.8,59,610.0,8.1,0.0,0
2024-10-06 11:00:00,31.9,55,719.0,8.2,0.0,0
2024-10-06 12:00:00,32.8,49,764.0,8.7,0.0,0
2024-10-06 13:00:00,33.4,45,744.0,10.6,0.0,0
2024-10-06 14:00:00,33.6,42,637.0,11.6,0.0,22
2024-10-06 15:00:00,32.6,43,472.0,15.9,0.0,45
2024-10-06 16:00:00,31.2,51,252.0,11.7,0.0,29
2024-10-06 17:00:00,29.5,60,112.0,6.5,0.0,10
2024-10-06 18:00:00,28.6,62,9.0,8.1,0.0,9
2024-10-06 19:00:00,27.1,68,0.0,6.9,0.0,2
2024-10-06 20:00:00,25.8,75,0.0,9.2,0.0,2
2024-10-06 21:00:00,25.3,77,0.0,10.1,0.0,0
2024-10-06 22:00:00,24.8,78,0.0,10.4,0.0,0
2024-10-06 23:00:00,24.7,77,0.0,9.1,0.0,0
2024-10-07 00:00:00,24.7,77,0.0,6.8,0.0,0
2024-10-07 01:00:00,24.0,80,0.0,6.0,0.0,0
2024-10-07 02:00:00,23.2,83,0.0,4.7,0.0,0
2024-10-07 03:00:00,22.8,86,0.0,4.7,0.0,0
2024-10-07 04:00:00,21.9,90,0.0,5.8,0.0,0
2024-10-07 05:00:00,21.9,90,0.0,4.3,0.0,0
2024-10-07 06:00:00,22.9,88,1.0,4.4,0.0,0
2024-10-07 07:00:00,24.2,84,73.0,4.3,0.0,0
2024-10-07 08:00:00,26.1,76,248.0,3.9,0.0,0
2024-10-07 09:00:00,27.7,69,440.0,5.0,0.0,0
2024-10-07 10:00:00,29.2,63,604.0,6.0,0.0,0
2024-10-07 11:00:00,30.6,56,714.0,7.4,0.0,0
2024-10-07 12:00:00,31.6,52,759.0,9.0,0.0,0
2024-10-07 13:00:00,32.2,49,733.0,9.0,0.0,0
2024-10-07 14:00:00,32.4,48,642.0,9.1,0.0,0
2024-10-07 15:00:00,32.2,48,494.0,9.0,0.0,0
2024-10-07 16:00:00,31.6,51,308.0,7.5,0.0,0
2024-10-07 17:00:00,29.4,63,121.0,5.5,0.0,0
2024-10-07 18:00:00,27.1,68,8.0,8.6,0.0,0
2024-10-07 19:00:00,26.1,73,0.0,8.9,0.0,0
2024-10-07 20:00:00,25.5,76,0.0,9.0,0.0,0
2024-10-07 21:00:00,25.1,76,0.0,8.5,0.0,0
2024-10-07 22:00:00,25.0,75,0.0,7.7,0.0,0
2024-10-07 23:00:00,23.6,84,0.0,8.5,0.0,0
2024-10-08 00:00:00,23.0,88,0.0,9.7,0.0,0
2024-10-08 01:00:00,23.8,84,0.0,7.6,0.0,0
2024-10-08 02:00:00,23.3,87,0.0,7.7,0.0,0
2024-10-08 03:00:00,22.4,91,0.0,7.8,0.0,0
2024-10-08 04:00:00,23.7,86,0.0,5.2,0.0,0
2024-10-08 05:00:00,22.2,92,0.0,2.0,0.0,0
2024-10-08 06:00:00,23.1,91,1.0,4.5,0.0,0
2024-10-08 07:00:00,24.4,85,72.0,5.4,0.0,0
2024-10-08 08:00:00,26.6,78,245.0,5.1,0.0,0
2024-10-08 09:00:00,28.5,72,436.0,5.2,0.0,0
2024-10-08 10:00:00,30.1,62,597.0,6.1,0.0,3
2024-10-08 11:00:00,31.1,55,684.0,6.9,0.0,1
2024-10-08 12:00:00,31.9,50,738.0,8.3,0.0,3
2024-10-08 13:00:00,32.3,47,713.0,9.4,0.0,3
2024-10-08 14:00:00,32.5,44,631.0,10.0,0.0,3
2024-10-08 15:00:00,32.2,45,477.0,10.0,0.0,6
2024-10-08 16:00:00,31.5,48,301.0,8.3,0.0,2
2024-10-08 17:00:00,29.6,56,118.0,7.6,0.0,2
2024-10-08 18:00:00,27.8,61,8.0,8.4,0.0,0
2024-10-08 19:00:00,27.0,64,0.0,6.9,0.0,0
2024-10-08 20:00:00,25.6,71,0.0,8.5,0.0,0
2024-10-08 21:00:00,24.6,77,0.0,9.0,0.0,0
2024-10-08 22:00:00,25.1,74,0.0,7.0,0.0,0
2024-10-08 23:00:00,25.8,69,0.0,4.1,0.0,0
2024-10-09 00:00:00,25.5,69,0.0,2.1,0.0,1
2024-10-09 01:00:00,24.1,75,0.0,0.9,0.0,0
2024-10-09 02:00:00,22.3,83,0.0,3.9,0.0,0
2024-10-09 03:00:00,21.5,86,0.0,6.1,0.0,0
2024-10-09 04:00:00,21.0,89,0.0,5.5,0.0,0
2024-10-09 05:00:00,20.6,89,0.0,4.9,0.0,0
2024-10-09 06:00:00,21.9,83,1.0,5.3,0.0,0
2024-10-09 07:00:00,23.4,79,71.0,8.3,0.0,0
2024-10-09 08:00:00,25.7,71,245.0,6.7,0.0,0
2024-10-09 09:00:00,27.7,63,436.0,6.0,0.0,0
2024-10-09 10:00:00,29.5,55,597.0,5.8,0.0,0
2024-10-09 11:00:00,30.7,49,705.0,7.1,0.0,0
2024-10-09 12:00:00,31.5,46,750.0,8.8,0.0,0
2024-10-09 13:00:00,32.0,45,726.0,10.6,0.0,0
2024-10-09 14:00:00,32.2,43,635.0,13.1,0.0,0
2024-10-09 15:00:00,31.9,42,486.0,14.8,0.0,4
2024-10-09 16:00:00,31.1,45,298.0,12.7,0.0,1
2024-10-09 17:00:00,29.4,50,114.0,9.1,0.0,0
2024-10-09 18:00:00,27.3,60,7.0,7.0,0.0,5
2024-10-09 19:00:00,25.9,69,0.0,8.6,0.0,5
2024-10-09 20:00:00,25.9,69,0.0,7.4,0.0,1
2024-10-09 21:00:00,26.7,63,0.0,6.2,0.0,6
2024-10-09 22:00:00,24.5,72,0.0,8.7,0.0,3
2024-10-09 23:00:00,24.3,71,0.0,6.7,0.0,11
2024-10-10 00:00:00,23.5,74,0.0,7.6,0.0,9
2024-10-10 01:00:00,23.2,76,0.0,7.9,0.0,93
2024-10-10 02:00:00,23.4,76,0.0,8.1,0.0,48
2024-10-10 03:00:00,22.9,79,0.0,8.0,0.0,14
2024-10-10 04:00:00,21.9,82,0.0,6.6,0.0,6
2024-10-10 05:00:00,21.0,83,0.0,8.0,0.0,0
2024-10-10 06:00:00,22.3,77,0.0,8.1,0.0,0
2024-10-10 07:00:00,23.4,76,70.0,9.6,0.0,0
2024-10-10 08:00:00,25.4,68,245.0,8.4,0.0,0
2024-10-10 09:00:00,27.3,59,434.0,8.9,0.0,0
2024-10-10 10:00:00,29.0,53,595.0,9.9,0.0,0
2024-10-10 11:00:00,30.5,46,704.0,12.2,0.0,0
2024-10-10 12:00:00,31.6,41,751.0,13.0,0.0,0
2024-10-10 13:00:00,32.1,38,728.0,13.1,0.0,0
2024-10-10 14:00:00,32.3,36,637.0,13.2,0.0,0
2024-10-10 15:00:00,32.1,35,489.0,13.9,0.0,1
2024-10-10 16:00:00,31.2,38,302.0,11.8,0.0,5
2024-10-10 17:00:00,28.9,45,112.0,8.3,0.0,5
2024-10-10 18:00:00,26.4,52,6.0,9.4,0.0,2
2024-10-10 19:00:00,25.5,58,0.0,10.0,0.0,2
2024-10-10 20:00:00,24.7,62,0.0,11.3,0.0,1
2024-10-10 21:00:00,23.8,62,0.0,8.1,0.0,1
2024-10-10 22:00:00,23.3,63,0.0,7.2,0.0,0
2024-10-10 23:00:00,22.1,68,0.0,7.6,0.0,0
2024-10-11 00:00:00,22.2,67,0.0,8.6,0.0,0
2024-10-11 01:00:00,21.5,67,0.0,8.7,0.0,0
2024-10-11 02:00:00,20.7,66,0.0,7.7,0.0,0
2024-10-11 03:00:00,20.1,67,0.0,7.0,0.0,0
2024-10-11 04:00:00,19.4,69,0.0,6.1,0.0,0
2024-10-11 05:00:00,19.1,69,0.0,5.7,0.0,0
2024-10-11 06:00:00,19.4,72,0.0,7.0,0.0,0
2024-10-11 07:00:00,21.0,68,72.0,10.7,0.0,0
2024-10-11 08:00:00,23.7,62,250.0,9.7,0.0,0
2024-10-11 09:00:00,26.5,54,443.0,9.1,0.0,0
2024-10-11 10:00:00,28.7,48,606.0,8.7,0.0,0
2024-10-11 11:00:00,30.3,41,716.0,11.0,0.0,0
2024-10-11 12:00:00,31.2,37,760.0,13.3,0.0,0
2024-10-11 13:00:00,31.6,36,734.0,13.7,0.0,0
2024-10-11 14:00:00,31.7,36,641.0,13.7,0.0,0
2024-10-11 15:00:00,31.3,37,490.0,13.4,0.0,0
2024-10-11 16:00:00,30.6,40,301.0,10.7,0.0,0
2024-10-11 17:00:00,27.9,51,112.0,6.6,0.0,0
2024-10-11 18:00:00,25.8,54,6.0,8.7,0.0,0
2024-10-11 19:00:00,24.4,61,0.0,10.9,0.0,1
2024-10-11 20:00:00,24.4,61,0.0,8.3,0.0,55
2024-10-11 21:00:00,23.7,61,0.0,6.9,0.0,54
2024-10-11 22:00:00,23.1,64,0.0,8.0,0.0,0
2024-10-11 23:00:00,22.7,65,0.0,7.4,0.0,0
2024-10-12 00:00:00,21.8,71,0.0,7.4,0.0,0
2024-10-12 01:00:00,20.7,78,0.0,7.5,0.0,0
2024-10-12 02:00:00,20.3,80,0.0,6.5,0.0,0
2024-10-12 03:00:00,20.0,80,0.0,6.6,0.0,0
2024-10-12 04:00:00,19.5,81,0.0,6.6,0.0,0
2024-10-12 05:00:00,19.1,82,0.0,6.8,0.0,0
2024-10-12 06:00:00,19.6,83,0.0,8.0,0.0,0
2024-10-12 07:00:00,21.5,76,69.0,10.6,0.0,0
2024-10-12 08:00:00,24.5,69,247.0,7.6,0.0,0
2024-10-12 09:00:00,27.3,57,440.0,9.1,0.0,0
2024-10-12 10:00:00,29.3,48,603.0,9.4,0.0,0
2024-10-12 11:00:00,30.5,43,714.0,9.4,0.0,0
2024-10-12 12:00:00,31.2,40,757.0,9.9,0.0,0
2024-10-12 13:00:00,31.7,37,730.0,10.0,0.0,0
2024-10-12 14:00:00,32.0,35,636.0,9.5,0.0,3
2024-10-12 15:00:00,31.8,35,482.0,8.7,0.0,0
2024-10-12 16:00:00,31.0,40,295.0,6.2,0.0,0
2024-10-12 17:00:00,28.1,54,107.0,7.2,0.0,0
2024-10-12 18:00:00,27.6,49,5.0,8.5,0.0,0
2024-10-12 19:00:00,25.8,59,0.0,7.6,0.0,0
2024-10-12 20:00:00,24.4,66,0.0,9.4,0.0,0
2024-10-12 21:00:00,24.2,66,0.0,7.4,0.0,0
2024-10-12 22:00:00,22.7,71,0.0,6.1,0.0,0
2024-10-12 23:00:00,22.8,68,0.0,6.0,0.0,0
2024-10-13 00:00:00,22.5,69,0.0,6.5,0.0,0
2024-10-13 01:00:00,22.1,71,0.0,6.5,0.0,0
2024-10-13 02:00:00,22.0,70,0.0,6.9,0.0,0
2024-10-13 03:00:00,21.3,72,0.0,7.1,0.0,4
2024-10-13 04:00:00,20.7,76,0.0,6.8,0.0,0
2024-10-13 05:00:00,20.1,78,0.0,7.3,0.0,0
2024-10-13 06:00:00,19.7,84,0.0,5.5,0.0,21
2024-10-13 07:00:00,21.8,77,63.0,5.2,0.0,1
2024-10-13 08:00:00,25.0,68,242.0,5.6,0.0,0
2024-10-13 09:00:00,27.7,56,433.0,4.7,0.0,0
2024-10-13 10:00:00,29.5,45,594.0,2.3,0.0,0
2024-10-13 11:00:00,30.7,38,702.0,3.4,0.0,21
2024-10-13 12:00:00,31.5,34,744.0,5.2,0.0,26
2024-10-13 13:00:00,31.9,32,718.0,6.9,0.0,0
2024-10-13 14:00:00,32.1,31,628.0,7.9,0.0,4
2024-10-13 15:00:00,31.8,32,479.0,7.7,0.0,6
2024-10-13 16:00:00,30.9,37,285.0,5.9,0.0,5
2024-10-13 17:00:00,28.0,56,98.0,8.0,0.0,99
2024-10-13 18:00:00,27.8,43,4.0,8.7,0.0,76
2024-10-13 19:00:00,27.0,49,0.0,8.4,0.0,81
2024-10-13 20:00:00,25.9,54,0.0,6.9,0.0,93
2024-10-13 21:00:00,25.7,56,0.0,5.9,0.0,73
2024-10-13 22:00:00,24.3,65,0.0,7.1,0.0,22
2024-10-13 23:00:00,23.5,66,0.0,7.0,0.0,62
2024-10-14 00:00:00,22.8,68,0.0,6.5,0.0,4
2024-10-14 01:00:00,22.2,68,0.0,5.1,0.0,2
2024-10-14 02:00:00,21.9,69,0.0,5.4,0.0,69
2024-10-14 03:00:00,21.5,69,0.0,7.2,0.0,4
2024-10-14 04:00:00,21.1,70,0.0,7.7,0.0,3
2024-10-14 05:00:00,21.2,69,0.0,6.5,0.0,0
2024-10-14 06:00:00,20.5,79,0.0,5.3,0.0,0
2024-10-14 07:00:00,22.1,76,64.0,6.8,0.0,1
2024-10-14 08:00:00,24.4,69,235.0,3.4,0.0,8
2024-10-14 09:00:00,26.8,59,425.0,3.3,0.0,18
2024-10-14 10:00:00,28.7,51,585.0,4.2,0.0,12
2024-10-14 11:00:00,30.2,42,696.0,4.4,0.0,1
2024-10-14 12:00:00,31.1,36,741.0,5.8,0.0,1
2024-10-14 13:00:00,31.7,34,716.0,7.9,0.0,0
2024-10-14 14:00:00,31.8,32,623.0,10.0,0.0,0
2024-10-14 15:00:00,31.4,34,473.0,10.4,0.0,0
2024-10-14 16:00:00,30.3,38,286.0,8.5,0.0,0
2024-10-14 17:00:00,27.7,46,101.0,6.9,0.0,0
2024-10-14 18:00:00,26.5,47,4.0,8.1,0.0,0
2024-10-14 19:00:00,24.4,57,0.0,9.4,0.0,0
2024-10-14 20:00:00,26.5,47,0.0,5.9,0.0,0
2024-10-14 21:00:00,25.6,50,0.0,2.1,0.0,0
2024-10-14 22:00:00,23.4,59,0.0,3.8,0.0,0
2024-10-14 23:00:00,22.7,61,0.0,5.2,0.0,0
2024-10-15 00:00:00,22.4,62,0.0,6.3,0.0,0
2024-10-15 01:00:00,22.0,62,0.0,7.2,0.0,0
2024-10-15 02:00:00,21.0,66,0.0,9.4,0.0,0
2024-10-15 03:00:00,20.4,68,0.0,8.7,0.0,0
2024-10-15 04:00:00,19.9,70,0.0,9.5,0.0,0
2024-10-15 05:00:00,19.4,70,0.0,9.0,0.0,0
2024-10-15 06:00:00,19.7,74,0.0,8.0,0.0,0
2024-10-15 07:00:00,21.1,71,64.0,9.8,0.0,0
2024-10-15 08:00:00,23.9,64,236.0,6.6,0.0,0
2024-10-15 09:00:00,26.5,56,427.0,6.9,0.0,0
2024-10-15 10:00:00,28.6,48,587.0,9.1,0.0,0
2024-10-15 11:00:00,30.0,44,693.0,10.2,0.0,0
2024-10-15 12:00:00,30.9,42,735.0,11.5,0.0,0
2024-10-15 13:00:00,31.6,39,709.0,12.5,0.0,0
2024-10-15 14:00:00,31.9,36,617.0,13.1,0.0,0
2024-10-15 15:00:00,31.7,35,468.0,13.1,0.0,0
2024-10-15 16:00:00,30.9,39,282.0,9.3,0.0,0
2024-10-15 17:00:00,27.9,50,98.0,7.6,0.0,0
2024-10-15 18:00:00,25.6,56,4.0,10.5,0.0,0
2024-10-15 19:00:00,25.3,58,0.0,10.0,0.0,0
2024-10-15 20:00:00,24.2,62,0.0,8.5,0.0,0
2024-10-15 21:00:00,23.9,60,0.0,6.7,0.0,0
2024-10-15 22:00:00,23.1,63,0.0,7.1,0.0,0
2024-10-15 23:00:00,22.5,66,0.0,7.4,0.0,0
2024-10-16 00:00:00,21.4,70,0.0,7.6,0.0,0
2024-10-16 01:00:00,20.3,74,0.0,7.6,0.0,0
2024-10-16 02:00:00,20.6,70,0.0,9.0,0.0,0
2024-10-16 03:00:00,19.8,70,0.0,6.7,0.0,8
2024-10-16 04:00:00,19.7,70,0.0,7.6,0.0,0
2024-10-16 05:00:00,19.6,69,0.0,8.0,0.0,0
2024-10-16 06:00:00,20.2,71,0.0,6.8,0.0,75
2024-10-16 07:00:00,21.8,69,59.0,8.0,0.0,0
2024-10-16 08:00:00,24.7,63,228.0,5.0,0.0,2
2024-10-16 09:00:00,27.4,54,421.0,3.2,0.0,3
2024-10-16 10:00:00,29.5,46,579.0,3.4,0.0,14
2024-10-16 11:00:00,30.9,41,687.0,4.7,0.0,45
2024-10-16 12:00:00,31.7,37,693.0,5.8,0.0,81
2024-10-16 13:00:00,32.0,35,591.0,7.6,0.0,41
2024-10-16 14:00:00,32.4,34,593.0,7.7,0.0,100
2024-10-16 15:00:00,31.9,35,389.0,7.8,0.0,100
2024-10-16 16:00:00,30.8,45,213.0,5.0,0.0,100
2024-10-16 17:00:00,28.1,58,66.0,7.4,0.0,97
2024-10-16 18:00:00,28.4,52,2.0,6.2,0.0,100
2024-10-16 19:00:00,26.6,59,0.0,7.1,0.0,100
2024-10-16 20:00:00,25.8,62,0.0,6.9,0.0,100
2024-10-16 21:00:00,25.4,62,0.0,6.6,0.0,97
2024-10-16 22:00:00,24.7,66,0.0,7.4,0.0,100
2024-10-16 23:00:00,23.6,68,0.0,7.4,0.0,100
2024-10-17 00:00:00,23.0,70,0.0,8.3,0.0,100
2024-10-17 01:00:00,23.3,68,0.0,6.0,0.0,98
2024-10-17 02:00:00,22.8,70,0.0,5.9,0.0,91
2024-10-17 03:00:00,22.5,72,0.0,6.0,0.0,71
2024-10-17 04:00:00,21.8,76,0.0,6.2,0.0,3
2024-10-17 05:00:00,20.6,83,0.0,8.1,0.0,0
2024-10-17 06:00:00,20.7,85,0.0,7.1,0.0,0
2024-10-17 07:00:00,22.9,77,60.0,6.6,0.0,0
2024-10-17 08:00:00,25.6,70,228.0,5.4,0.0,0
2024-10-17 09:00:00,28.0,61,415.0,6.0,0.0,0
2024-10-17 10:00:00,29.7,52,573.0,5.1,0.0,13
2024-10-17 11:00:00,30.9,47,676.0,3.1,0.0,59
2024-10-17 12:00:00,31.7,44,694.0,2.3,0.0,23
2024-10-17 13:00:00,32.3,41,688.0,1.8,0.0,64
2024-10-17 14:00:00,32.7,38,588.0,3.1,0.0,27
2024-10-17 15:00:00,32.8,35,446.0,5.9,0.0,1
2024-10-17 16:00:00,31.8,41,250.0,6.3,0.0,53
2024-10-17 17:00:00,29.2,53,74.0,6.9,0.0,95
2024-10-17 18:00:00,28.2,57,2.0,6.7,0.0,86
2024-10-17 19:00:00,26.4,64,0.0,7.2,0.0,1
2024-10-17 20:00:00,24.9,71,0.0,7.4,0.0,0
2024-10-17 21:00:00,23.9,75,0.0,7.4,0.0,0
2024-10-17 22:00:00,23.0,79,0.0,9.2,0.0,0
2024-10-17 23:00:00,22.3,81,0.0,7.6,0.0,0
2024-10-18 00:00:00,22.1,80,0.0,8.0,0.0,0
2024-10-18 01:00:00,22.3,78,0.0,7.5,0.0,0
2024-10-18 02:00:00,21.4,82,0.0,7.6,0.0,0
2024-10-18 03:00:00,20.9,85,0.0,7.5,0.0,0
2024-10-18 04:00:00,20.5,87,0.0,7.4,0.0,0
2024-10-18 05:00:00,20.1,89,0.0,6.4,0.0,0
2024-10-18 06:00:00,20.4,87,0.0,6.4,0.0,0
2024-10-18 07:00:00,22.6,79,59.0,7.7,0.0,0
2024-10-18 08:00:00,25.5,71,225.0,2.8,0.0,0
2024-10-18 09:00:00,28.0,64,411.0,1.7,0.0,0
2024-10-18 10:00:00,30.2,52,570.0,3.0,0.0,0
2024-10-18 11:00:00,31.7,44,677.0,4.0,0.0,0
2024-10-18 12:00:00,32.5,40,719.0,2.8,0.0,0
2024-10-18 13:00:00,33.1,36,691.0,2.0,0.0,0
2024-10-18 14:00:00,33.4,34,597.0,3.6,0.0,0
2024-10-18 15:00:00,33.3,33,449.0,6.7,0.0,0
2024-10-18 16:00:00,32.1,41,266.0,5.9,0.0,0
2024-10-18 17:00:00,28.7,59,88.0,8.7,0.0,0
2024-10-18 18:00:00,27.5,57,2.0,8.5,0.0,0
2024-10-18 19:00:00,26.1,65,0.0,8.4,0.0,0
2024-10-18 20:00:00,25.0,69,0.0,10.1,0.0,0
2024-10-18 21:00:00,24.1,73,0.0,9.4,0.0,0
2024-10-18 22:00:00,23.1,77,0.0,9.4,0.0,0
2024-10-18 23:00:00,22.8,78,0.0,7.0,0.0,0
2024-10-19 00:00:00,22.4,79,0.0,6.7,0.0,0
2024-10-19 01:00:00,22.3,79,0.0,6.8,0.0,0
2024-10-19 02:00:00,22.5,77,0.0,7.1,0.0,0
2024-10-19 03:00:00,22.4,78,0.0,7.0,0.0,0
2024-10-19 04:00:00,22.0,79,0.0,7.0,0.0,0
2024-10-19 05:00:00,21.7,80,0.0,7.6,0.0,0
2024-10-19 06:00:00,21.0,85,0.0,6.7,0.0,0
2024-10-19 07:00:00,22.7,80,57.0,6.3,0.0,0
2024-10-19 08:00:00,25.6,73,222.0,2.8,0.0,0
2024-10-19 09:00:00,28.4,59,409.0,0.9,0.0,0
2024-10-19 10:00:00,30.5,50,567.0,0.5,0.0,0
2024-10-19 11:00:00,31.8,45,673.0,1.5,0.0,0
2024-10-19 12:00:00,32.6,41,714.0,0.6,0.0,0
2024-10-19 13:00:00,33.2,38,687.0,2.9,0.0,0
2024-10-19 14:00:00,33.7,34,594.0,6.1,0.0,0
2024-10-19 15:00:00,33.5,33,446.0,9.2,0.0,0
2024-10-19 16:00:00,32.1,41,262.0,7.6,0.0,1
2024-10-19 17:00:00,28.7,60,85.0,8.6,0.0,7
2024-10-19 18:00:00,27.7,62,2.0,9.9,0.0,6
2024-10-19 19:00:00,26.7,67,0.0,8.3,0.0,1
2024-10-19 20:00:00,26.0,69,0.0,7.4,0.0,2
2024-10-19 21:00:00,25.6,71,0.0,7.6,0.0,3
2024-10-19 22:00:00,26.5,66,0.0,4.6,0.0,0
2024-10-19 23:00:00,25.5,70,0.0,4.6,0.0,0
2024-10-20 00:00:00,25.0,72,0.0,2.7,0.0,0
2024-10-20 01:00:00,25.2,70,0.0,2.1,0.0,0
2024-10-20 02:00:00,24.4,74,0.0,3.2,0.0,0
2024-10-20 03:00:00,23.2,80,0.0,5.3,0.0,0
2024-10-20 04:00:00,20.9,91,0.0,7.5,0.0,0
2024-10-20 05:00:00,20.2,95,0.0,8.3,0.0,0
2024-10-20 06:00:00,21.0,94,0.0,6.9,0.0,0
2024-10-20 07:00:00,22.6,87,56.0,8.5,0.0,0
2024-10-20 08:00:00,25.2,79,220.0,5.2,0.0,0
2024-10-20 09:00:00,27.8,69,407.0,7.7,0.0,0
2024-10-20 10:00:00,29.9,59,564.0,10.5,0.0,0
2024-10-20 11:00:00,31.4,49,669.0,10.3,0.0,0
2024-10-20 12:00:00,32.3,43,709.0,8.7,0.0,0
2024-10-20 13:00:00,32.7,40,680.0,6.5,0.0,0
2024-10-20 14:00:00,33.0,37,574.0,2.7,0.0,21
2024-10-20 15:00:00,32.8,35,377.0,2.7,0.0,32
2024-10-20 16:00:00,31.7,43,230.0,5.6,0.0,5
2024-10-20 17:00:00,29.2,49,78.0,10.1,0.0,4
2024-10-20 18:00:00,26.6,69,2.0,8.5,0.0,8
2024-10-20 19:00:00,25.5,73,0.0,9.1,0.0,3
2024-10-20 20:00:00,24.9,74,0.0,7.7,0.0,2
2024-10-20 21:00:00,24.3,76,0.0,7.0,0.0,5
2024-10-20 22:00:00,23.2,82,0.0,8.8,0.0,4
2024-10-20 23:00:00,22.7,84,0.0,8.5,0.0,3
2024-10-21 00:00:00,22.4,85,0.0,7.4,0.0,1
2024-10-21 01:00:00,21.9,86,0.0,7.7,0.0,1
2024-10-21 02:00:00,21.2,89,0.0,8.8,0.0,0
2024-10-21 03:00:00,21.0,89,0.0,7.1,0.0,0
2024-10-21 04:00:00,20.8,89,0.0,6.0,0.0,0
2024-10-21 05:00:00,20.5,89,0.0,5.8,0.0,0
2024-10-21 06:00:00,20.0,95,0.0,7.2,0.0,0
2024-10-21 07:00:00,22.1,85,54.0,7.8,0.0,0
2024-10-21 08:00:00,24.8,75,215.0,8.0,0.0,0
2024-10-21 09:00:00,27.4,65,398.0,8.6,0.0,0
2024-10-21 10:00:00,29.2,58,553.0,7.2,0.0,0
2024-10-21 11:00:00,30.2,54,658.0,4.1,0.0,0
2024-10-21 12:00:00,31.1,51,698.0,1.4,0.0,0
2024-10-21 13:00:00,31.7,46,670.0,1.5,0.0,0
2024-10-21 14:00:00,32.2,41,578.0,3.4,0.0,0
2024-10-21 15:00:00,32.3,38,433.0,4.6,0.0,1
2024-10-21 16:00:00,31.4,43,252.0,4.5,0.0,2
2024-10-21 17:00:00,28.3,55,79.0,6.4,0.0,0
2024-10-21 18:00:00,26.8,63,1.0,6.9,0.0,0
2024-10-21 19:00:00,25.4,71,0.0,9.1,0.0,0
2024-10-21 20:00:00,25.0,73,0.0,7.0,0.0,0
2024-10-21 21:00:00,23.8,81,0.0,7.9,0.0,0
2024-10-21 22:00:00,23.0,85,0.0,8.7,0.0,1
2024-10-21 23:00:00,22.8,85,0.0,8.4,0.0,1
2024-10-22 00:00:00,23.5,80,0.0,6.6,0.0,0
2024-10-22 01:00:00,23.2,80,0.0,6.9,0.0,0
2024-10-22 02:00:00,22.0,84,0.0,7.7,0.0,0
2024-10-22 03:00:00,20.7,89,0.0,7.6,0.0,0
2024-10-22 04:00:00,20.5,91,0.0,5.8,0.0,0
2024-10-22 05:00:00,20.1,92,0.0,5.9,0.0,0
2024-10-22 06:00:00,20.1,93,0.0,7.1,0.0,0
2024-10-22 07:00:00,22.1,84,52.0,5.3,0.0,0
2024-10-22 08:00:00,24.7,75,212.0,6.2,0.0,0
2024-10-22 09:00:00,27.1,65,394.0,7.5,0.0,0
2024-10-22 10:00:00,28.8,55,548.0,7.5,0.0,0
2024-10-22 11:00:00,29.8,50,653.0,8.1,0.0,0
2024-10-22 12:00:00,30.6,46,696.0,7.7,0.0,0
2024-10-22 13:00:00,31.3,42,671.0,8.0,0.0,0
2024-10-22 14:00:00,31.5,41,580.0,8.5,0.0,1
2024-10-22 15:00:00,31.2,41,433.0,9.4,0.0,0
2024-10-22 16:00:00,30.4,44,252.0,7.4,0.0,0
2024-10-22 17:00:00,27.4,58,78.0,7.2,0.0,0
2024-10-22 18:00:00,26.0,63,1.0,8.0,0.0,0
2024-10-22 19:00:00,25.9,63,0.0,7.6,0.0,0
2024-10-22 20:00:00,25.0,66,0.0,7.1,0.0,0
2024-10-22 21:00:00,23.2,77,0.0,9.5,0.0,0
2024-10-22 22:00:00,24.0,73,0.0,7.0,0.0,1
2024-10-22 23:00:00,24.7,69,0.0,4.5,0.0,0
2024-10-23 00:00:00,24.3,71,0.0,4.4,0.0,0
2024-10-23 01:00:00,24.0,72,0.0,2.2,0.0,0
2024-10-23 02:00:00,22.2,80,0.0,4.5,0.0,0
2024-10-23 03:00:00,20.6,89,0.0,6.6,0.0,0
2024-10-23 04:00:00,20.4,91,0.0,4.9,0.0,0
2024-10-23 05:00:00,20.1,91,0.0,5.2,0.0,0
2024-10-23 06:00:00,20.9,89,0.0,5.3,0.0,0
2024-10-23 07:00:00,22.5,82,50.0,8.5,0.0,0
2024-10-23 08:00:00,24.8,73,210.0,7.4,0.0,0
2024-10-23 09:00:00,27.2,65,392.0,9.2,0.0,0
2024-10-23 10:00:00,29.4,55,548.0,12.6,0.0,0
2024-10-23 11:00:00,30.8,46,654.0,16.2,0.0,0
2024-10-23 12:00:00,31.7,40,696.0,17.0,0.0,0
2024-10-23 13:00:00,32.1,36,668.0,17.5,0.0,3
2024-10-23 14:00:00,32.1,34,552.0,17.3,0.0,3
2024-10-23 15:00:00,31.7,34,420.0,16.5,0.0,5
2024-10-23 16:00:00,30.7,38,239.0,13.4,0.0,4
2024-10-23 17:00:00,28.5,44,75.0,9.4,0.0,1
2024-10-23 18:00:00,27.4,55,1.0,10.0,0.0,0
2024-10-23 19:00:00,26.4,56,0.0,10.1,0.0,0
2024-10-23 20:00:00,25.7,56,0.0,10.7,0.0,0
2024-10-23 21:00:00,24.8,57,0.0,10.6,0.0,0
2024-10-23 22:00:00,24.1,58,0.0,10.7,0.0,0
2024-10-23 23:00:00,23.4,59,0.0,10.6,0.0,0
2024-10-24 00:00:00,22.7,62,0.0,10.4,0.0,0
2024-10-24 01:00:00,22.0,65,0.0,9.5,0.0,0
2024-10-24 02:00:00,21.4,67,0.0,8.8,0.0,0
2024-10-24 03:00:00,20.9,70,0.0,8.7,0.0,0
2024-10-24 04:00:00,20.5,72,0.0,8.9,0.0,0
2024-10-24 05:00:00,20.2,74,0.0,10.4,0.0,0
2024-10-24 06:00:00,20.5,77,0.0,11.6,0.0,0
2024-10-24 07:00:00,21.5,76,50.0,13.5,0.0,0
2024-10-24 08:00:00,23.6,71,211.0,12.4,0.0,0
2024-10-24 09:00:00,25.9,65,395.0,13.0,0.0,0
2024-10-24 10:00:00,27.9,59,551.0,14.3,0.0,0
2024-10-24 11:00:00,29.7,53,657.0,14.8,0.0,0
2024-10-24 12:00:00,31.2,46,697.0,14.2,0.0,0
2024-10-24 13:00:00,32.2,42,668.0,12.6,0.0,0
2024-10-24 14:00:00,32.6,39,575.0,11.8,0.0,0
2024-10-24 15:00:00,32.4,39,427.0,12.2,0.0,0
2024-10-24 16:00:00,31.2,44,245.0,10.7,0.0,0
2024-10-24 17:00:00,28.4,53,74.0,7.5,0.0,0
2024-10-24 18:00:00,26.9,59,1.0,9.0,0.0,0
2024-10-24 19:00:00,25.8,60,0.0,9.0,0.0,0
2024-10-24 20:00:00,24.9,58,0.0,9.6,0.0,0
2024-10-24 21:00:00,24.1,56,0.0,9.7,0.0,0
2024-10-24 22:00:00,23.2,58,0.0,9.6,0.0,0
2024-10-24 23:00:00,22.4,62,0.0,9.5,0.0,0
2024-10-25 00:00:00,21.7,65,0.0,9.9,0.0,0
2024-10-25 01:00:00,21.2,68,0.0,9.2,0.0,0
2024-10-25 02:00:00,20.5,71,0.0,8.5,0.0,0
2024-10-25 03:00:00,20.0,73,0.0,8.1,0.0,0
2024-10-25 04:00:00,19.5,76,0.0,6.9,0.0,0
2024-10-25 05:00:00,19.1,79,0.0,6.4,0.0,0
2024-10-25 06:00:00,19.5,80,0.0,7.7,0.0,0
2024-10-25 07:00:00,20.8,77,49.0,9.8,0.0,0
2024-10-25 08:00:00,23.3,71,209.0,8.3,0.0,0
2024-10-25 09:00:00,25.8,64,392.0,9.7,0.0,0
2024-10-25 10:00:00,28.2,58,549.0,11.9,0.0,0
2024-10-25 11:00:00,30.0,51,654.0,14.3,0.0,0
2024-10-25 12:00:00,31.2,45,695.0,16.0,0.0,0
2024-10-25 13:00:00,31.9,41,667.0,17.7,0.0,0
2024-10-25 14:00:00,32.1,39,573.0,17.9,0.0,0
2024-10-25 15:00:00,31.8,39,425.0,17.2,0.0,0
2024-10-25 16:00:00,30.7,43,243.0,13.9,0.0,0
2024-10-25 17:00:00,28.4,50,72.0,8.5,0.0,0
2024-10-25 18:00:00,26.7,57,1.0,8.6,0.0,0
2024-10-25 19:00:00,25.9,56,0.0,9.5,0.0,0
2024-10-25 20:00:00,24.6,56,0.0,8.0,0.0,0
2024-10-25 21:00:00,23.2,61,0.0,7.3,0.0,0
2024-10-25 22:00:00,22.3,66,0.0,7.2,0.0,0
2024-10-25 23:00:00,21.8,70,0.0,7.2,0.0,0
2024-10-26 00:00:00,21.6,73,0.0,7.3,0.0,0
2024-10-26 01:00:00,21.0,76,0.0,6.3,0.0,0
2024-10-26 02:00:00,20.0,82,0.0,9.0,0.0,0
2024-10-26 03:00:00,19.5,84,0.0,8.6,0.0,0
2024-10-26 04:00:00,19.2,85,0.0,7.8,0.0,0
2024-10-26 05:00:00,19.0,85,0.0,6.0,0.0,0
2024-10-26 06:00:00,19.5,85,0.0,7.8,0.0,0
2024-10-26 07:00:00,20.6,81,48.0,9.0,0.0,0
2024-10-26 08:00:00,23.0,72,207.0,6.3,0.0,0
2024-10-26 09:00:00,25.5,64,391.0,8.1,0.0,0
2024-10-26 10:00:00,27.4,57,546.0,8.6,0.0,0
2024-10-26 11:00:00,29.1,51,651.0,9.2,0.0,0
2024-10-26 12:00:00,30.4,46,690.0,10.7,0.0,0
2024-10-26 13:00:00,31.3,42,660.0,12.4,0.0,0
2024-10-26 14:00:00,31.6,40,565.0,13.2,0.0,0
2024-10-26 15:00:00,31.4,41,417.0,12.2,0.0,0
2024-10-26 16:00:00,30.5,45,237.0,9.0,0.0,0
2024-10-26 17:00:00,27.5,55,69.0,7.1,0.0,0
2024-10-26 18:00:00,26.4,58,0.0,7.5,0.0,0
2024-10-26 19:00:00,25.6,62,0.0,7.5,0.0,0
2024-10-26 20:00:00,24.0,70,0.0,9.5,0.0,0
2024-10-26 21:00:00,23.3,73,0.0,9.9,0.0,0
2024-10-26 22:00:00,22.5,76,0.0,9.7,0.0,0
2024-10-26 23:00:00,21.8,80,0.0,7.9,0.0,0
2024-10-27 00:00:00,21.1,84,0.0,8.0,0.0,0
2024-10-27 01:00:00,20.9,88,0.0,7.1,0.0,0
2024-10-27 02:00:00,20.5,92,0.0,5.9,0.0,0
2024-10-27 03:00:00,20.4,93,0.0,6.3,0.0,0
2024-10-27 04:00:00,20.5,93,0.0,6.8,0.0,0
2024-10-27 05:00:00,20.4,94,0.0,6.3,0.0,0
2024-10-27 06:00:00,20.4,96,0.0,5.4,0.0,0
2024-10-27 07:00:00,21.7,92,45.0,7.2,0.0,0
2024-10-27 08:00:00,24.2,83,199.0,5.6,0.0,0
2024-10-27 09:00:00,26.7,72,380.0,7.2,0.0,0
2024-10-27 10:00:00,28.6,62,535.0,8.4,0.0,0
2024-10-27 11:00:00,29.7,55,637.0,8.5,0.0,0
2024-10-27 12:00:00,30.4,52,677.0,7.6,0.0,0
2024-10-27 13:00:00,30.9,49,649.0,6.3,0.0,0
2024-10-27 14:00:00,31.1,47,556.0,4.7,0.0,0
2024-10-27 15:00:00,30.9,47,409.0,3.7,0.0,0
2024-10-27 16:00:00,30.5,49,231.0,3.5,0.0,0
2024-10-27 17:00:00,27.7,62,66.0,5.9,0.0,0
2024-10-27 18:00:00,26.6,69,0.0,7.3,0.0,1
2024-10-27 19:00:00,25.6,73,0.0,8.0,0.0,0
2024-10-27 20:00:00,24.9,74,0.0,7.2,0.0,0
2024-10-27 21:00:00,24.2,77,0.0,6.3,0.0,0
2024-10-27 22:00:00,23.4,82,0.0,6.7,0.0,0
2024-10-27 23:00:00,22.7,85,0.0,7.5,0.0,0
2024-10-28 00:00:00,22.3,87,0.0,8.0,0.0,0
2024-10-28 01:00:00,21.8,88,0.0,7.7,0.0,0
2024-10-28 02:00:00,21.6,88,0.0,6.6,0.0,0
2024-10-28 03:00:00,21.1,91,0.0,6.6,0.0,0
2024-10-28 04:00:00,21.0,91,0.0,6.1,0.0,0
2024-10-28 05:00:00,21.0,91,0.0,6.9,0.0,0
2024-10-28 06:00:00,21.8,90,0.0,7.4,0.0,0
2024-10-28 07:00:00,23.2,84,44.0,9.7,0.0,0
2024-10-28 08:00:00,25.6,75,196.0,6.7,0.0,0
2024-10-28 09:00:00,27.7,64,374.0,7.8,0.0,0
2024-10-28 10:00:00,29.2,56,528.0,9.9,0.0,0
2024-10-28 11:00:00,30.1,52,631.0,10.9,0.0,0
2024-10-28 12:00:00,30.7,49,673.0,10.0,0.0,0
2024-10-28 13:00:00,31.2,47,645.0,8.4,0.0,0
2024-10-28 14:00:00,31.4,46,552.0,7.5,0.0,0
2024-10-28 15:00:00,31.1,47,405.0,7.5,0.0,0
2024-10-28 16:00:00,30.5,49,228.0,7.5,0.0,0
2024-10-28 17:00:00,28.0,59,64.0,5.9,0.0,0
2024-10-28 18:00:00,26.5,67,0.0,6.4,0.0,0
2024-10-28 19:00:00,25.6,70,0.0,6.0,0.0,0
2024-10-28 20:00:00,24.6,75,0.0,6.5,0.0,0
2024-10-28 21:00:00,24.0,77,0.0,6.1,0.0,0
2024-10-28 22:00:00,23.5,80,0.0,6.4,0.0,0
2024-10-28 23:00:00,23.2,81,0.0,7.1,0.0,0
2024-10-29 00:00:00,22.7,84,0.0,6.8,0.0,0
2024-10-29 01:00:00,22.0,88,0.0,6.2,0.0,0
2024-10-29 02:00:00,21.3,92,0.0,5.5,0.0,0
2024-10-29 03:00:00,21.0,92,0.0,5.5,0.0,0
2024-10-29 04:00:00,20.7,92,0.0,6.2,0.0,0
2024-10-29 05:00:00,20.6,92,0.0,5.8,0.0,0
2024-10-29 06:00:00,21.0,92,0.0,6.7,0.0,0
2024-10-29 07:00:00,22.8,84,43.0,6.7,0.0,0
2024-10-29 08:00:00,25.5,75,195.0,4.6,0.0,0
2024-10-29 09:00:00,28.1,65,373.0,6.4,0.0,0
2024-10-29 10:00:00,29.9,57,525.0,8.4,0.0,0
2024-10-29 11:00:00,31.1,51,627.0,7.6,0.0,0
2024-10-29 12:00:00,31.9,48,666.0,6.0,0.0,0
2024-10-29 13:00:00,32.5,46,637.0,5.2,0.0,0
2024-10-29 14:00:00,32.9,44,544.0,6.0,0.0,0
2024-10-29 15:00:00,32.9,43,400.0,6.5,0.0,0
2024-10-29 16:00:00,32.2,46,224.0,4.8,0.0,0
2024-10-29 17:00:00,29.4,59,62.0,7.0,0.0,0
2024-10-29 18:00:00,28.3,63,0.0,8.9,0.0,0
2024-10-29 19:00:00,27.3,66,0.0,8.1,0.0,0
2024-10-29 20:00:00,26.3,70,0.0,7.8,0.0,0
2024-10-29 21:00:00,25.3,74,0.0,7.2,0.0,0
2024-10-29 22:00:00,24.4,79,0.0,6.9,0.0,0
2024-10-29 23:00:00,24.1,80,0.0,7.0,0.0,0
2024-10-30 00:00:00,23.8,81,0.0,6.6,0.0,0
2024-10-30 01:00:00,23.2,83,0.0,7.6,0.0,0
2024-10-30 02:00:00,22.8,85,0.0,8.0,0.0,0
2024-10-30 03:00:00,22.2,89,0.0,6.1,0.0,0
2024-10-30 04:00:00,21.7,91,0.0,5.8,0.0,0
2024-10-30 05:00:00,21.6,91,0.0,7.2,0.0,0
2024-10-30 06:00:00,21.3,93,0.0,5.1,0.0,0
2024-10-30 07:00:00,22.6,86,41.0,6.3,0.0,0
2024-10-30 08:00:00,25.5,67,193.0,4.9,0.0,0
2024-10-30 09:00:00,28.0,48,372.0,7.3,0.0,0
2024-10-30 10:00:00,30.1,41,526.0,6.7,0.0,0
2024-10-30 11:00:00,31.8,39,629.0,5.7,0.0,0
2024-10-30 12:00:00,33.0,39,667.0,5.7,0.0,0
2024-10-30 13:00:00,33.9,39,636.0,7.6,0.0,0
2024-10-30 14:00:00,34.3,33,542.0,9.9,0.0,0
2024-10-30 15:00:00,33.9,33,398.0,12.4,0.0,2
2024-10-30 16:00:00,32.6,39,221.0,9.9,0.0,0
2024-10-30 17:00:00,29.4,49,60.0,7.8,0.0,1
2024-10-30 18:00:00,28.0,61,0.0,9.6,0.0,2
2024-10-30 19:00:00,27.4,65,0.0,8.3,0.0,2
2024-10-30 20:00:00,26.1,72,0.0,9.5,0.0,2
2024-10-30 21:00:00,25.2,77,0.0,9.2,0.0,1
2024-10-30 22:00:00,24.9,78,0.0,7.7,0.0,0
2024-10-30 23:00:00,25.6,73,0.0,7.0,0.0,0
2024-10-31 00:00:00,23.9,80,0.0,8.5,0.0,1
2024-10-31 01:00:00,22.4,86,0.0,8.6,0.0,0
2024-10-31 02:00:00,21.5,89,0.0,8.2,0.0,0
2024-10-31 03:00:00,21.1,89,0.0,5.8,0.0,0
2024-10-31 04:00:00,21.1,88,0.0,8.9,0.0,0
2024-10-31 05:00:00,21.0,89,0.0,8.3,0.0,0
2024-10-31 06:00:00,20.8,90,0.0,8.3,0.0,0
2024-10-31 07:00:00,22.0,84,40.0,10.7,0.0,0
2024-10-31 08:00:00,24.5,74,189.0,8.6,0.0,0
2024-10-31 09:00:00,27.2,64,367.0,10.1,0.0,0
2024-10-31 10:00:00,29.5,54,519.0,13.3,0.0,0
2024-10-31 11:00:00,31.1,47,620.0,16.2,0.0,0
2024-10-31 12:00:00,32.0,43,660.0,17.8,0.0,0
2024-10-31 13:00:00,32.6,39,632.0,18.0,0.0,0
2024-10-31 14:00:00,32.8,36,540.0,17.5,0.0,0
2024-10-31 15:00:00,32.5,35,396.0,16.5,0.0,0
2024-10-31 16:00:00,31.5,38,219.0,12.8,0.0,0
2024-10-31 17:00:00,28.9,46,58.0,7.7,0.0,0
2024-10-31 18:00:00,27.0,58,0.0,7.4,0.0,0
2024-10-31 19:00:00,26.1,61,0.0,6.9,0.0,0
2024-10-31 20:00:00,24.9,62,0.0,7.9,0.0,0
2024-10-31 21:00:00,24.6,54,0.0,10.7,0.0,0
2024-10-31 22:00:00,24.0,52,0.0,12.2,0.0,0
2024-10-31 23:00:00,23.5,52,0.0,13.0,0.0,0
2024-11-01 00:00:00,22.6,54,0.0,11.4,0.0,0
2024-11-01 01:00:00,21.7,58,0.0,10.6,0.0,0
2024-11-01 02:00:00,21.1,61,0.0,10.4,0.0,0
2024-11-01 03:00:00,20.6,65,0.0,10.2,0.0,0
2024-11-01 04:00:00,20.1,68,0.0,10.4,0.0,0
2024-11-01 05:00:00,19.7,71,0.0,10.5,0.0,0
2024-11-01 06:00:00,19.3,81,0.0,9.5,0.0,0
2024-11-01 07:00:00,20.3,78,40.0,12.1,0.0,0
2024-11-01 08:00:00,22.9,70,194.0,11.6,0.0,0
2024-11-01 09:00:00,25.8,60,378.0,12.1,0.0,0
2024-11-01 10:00:00,28.3,50,535.0,13.8,0.0,0
2024-11-01 11:00:00,30.2,39,639.0,15.7,0.0,0
2024-11-01 12:00:00,31.3,32,678.0,17.4,0.0,0
2024-11-01 13:00:00,31.9,28,649.0,17.6,0.0,0
2024-11-01 14:00:00,32.0,27,554.0,17.2,0.0,0
2024-11-01 15:00:00,31.7,26,404.0,15.9,0.0,0
2024-11-01 16:00:00,30.6,29,223.0,11.1,0.0,0
2024-11-01 17:00:00,26.3,42,59.0,10.3,0.0,0
2024-11-01 18:00:00,25.3,50,0.0,8.0,0.0,0
2024-11-01 19:00:00,24.5,53,0.0,7.9,0.0,0
2024-11-01 20:00:00,24.6,51,0.0,8.7,0.0,0
2024-11-01 21:00:00,22.4,58,0.0,12.4,0.0,0
2024-11-01 22:00:00,22.7,54,0.0,8.8,0.0,0
2024-11-01 23:00:00,21.2,59,0.0,12.1,0.0,0
2024-11-02 00:00:00,20.8,61,0.0,10.7,0.0,0
2024-11-02 01:00:00,20.2,61,0.0,5.3,0.0,0
2024-11-02 02:00:00,19.5,63,0.0,6.0,0.0,0
2024-11-02 03:00:00,19.4,62,0.0,5.9,0.0,0
2024-11-02 04:00:00,19.2,63,0.0,6.3,0.0,0
2024-11-02 05:00:00,19.1,63,0.0,6.9,0.0,0
2024-11-02 06:00:00,17.7,78,0.0,6.5,0.0,0
2024-11-02 07:00:00,19.7,71,38.0,5.6,0.0,0
2024-11-02 08:00:00,22.9,63,186.0,4.7,0.0,0
2024-11-02 09:00:00,26.2,53,363.0,4.6,0.0,0
2024-11-02 10:00:00,28.6,45,515.0,6.7,0.0,0
2024-11-02 11:00:00,30.3,39,617.0,7.2,0.0,0
2024-11-02 12:00:00,31.2,36,657.0,7.5,0.0,0
2024-11-02 13:00:00,31.7,33,629.0,8.4,0.0,0
2024-11-02 14:00:00,31.7,32,537.0,8.8,0.0,0
2024-11-02 15:00:00,31.4,33,391.0,8.4,0.0,0
2024-11-02 16:00:00,30.2,38,214.0,5.9,0.0,0
2024-11-02 17:00:00,26.7,49,55.0,8.9,0.0,0
2024-11-02 18:00:00,26.0,49,0.0,8.1,0.0,0
2024-11-02 19:00:00,24.5,54,0.0,7.5,0.0,0
2024-11-02 20:00:00,23.9,55,0.0,7.8,0.0,0
2024-11-02 21:00:00,23.0,59,0.0,7.7,0.0,0
2024-11-02 22:00:00,22.0,63,0.0,7.0,0.0,0
2024-11-02 23:00:00,20.8,68,0.0,7.6,0.0,0
2024-11-03 00:00:00,20.2,70,0.0,7.2,0.0,0
2024-11-03 01:00:00,19.6,73,0.0,7.7,0.0,0
2024-11-03 02:00:00,19.2,74,0.0,7.5,0.0,0
2024-11-03 03:00:00,18.6,76,0.0,8.1,0.0,0
2024-11-03 04:00:00,18.4,76,0.0,7.3,0.0,0
2024-11-03 05:00:00,18.2,76,0.0,7.3,0.0,0
2024-11-03 06:00:00,18.3,81,0.0,6.6,0.0,0
2024-11-03 07:00:00,20.6,73,37.0,3.6,0.0,0
2024-11-03 08:00:00,23.5,65,186.0,4.4,0.0,0
2024-11-03 09:00:00,26.4,55,365.0,2.3,0.0,0
2024-11-03 10:00:00,28.6,42,519.0,0.6,0.0,0
2024-11-03 11:00:00,29.9,35,623.0,3.4,0.0,0
2024-11-03 12:00:00,30.9,30,662.0,6.5,0.0,0
2024-11-03 13:00:00,31.3,27,633.0,8.1,0.0,0
2024-11-03 14:00:00,31.3,27,541.0,8.7,0.0,0
2024-11-03 15:00:00,30.9,28,394.0,8.9,0.0,0
2024-11-03 16:00:00,29.5,33,215.0,7.1,0.0,0
2024-11-03 17:00:00,25.6,44,54.0,9.3,0.0,0
2024-11-03 18:00:00,24.0,53,0.0,9.2,0.0,0
2024-11-03 19:00:00,23.2,57,0.0,9.2,0.0,0
2024-11-03 20:00:00,24.9,50,0.0,7.1,0.0,0
2024-11-03 21:00:00,24.7,50,0.0,6.3,0.0,0
2024-11-03 22:00:00,24.1,53,0.0,5.8,0.0,0
2024-11-03 23:00:00,23.7,54,0.0,5.2,0.0,0
2024-11-04 00:00:00,21.5,64,0.0,6.3,0.0,0
2024-11-04 01:00:00,20.9,67,0.0,5.9,0.0,0
2024-11-04 02:00:00,19.1,75,0.0,6.8,0.0,0
2024-11-04 03:00:00,18.7,77,0.0,5.9,0.0,0
2024-11-04 04:00:00,18.1,80,0.0,6.3,0.0,0
2024-11-04 05:00:00,17.7,82,0.0,7.2,0.0,0
2024-11-04 06:00:00,17.5,87,0.0,7.0,0.0,0
2024-11-04 07:00:00,18.5,82,35.0,9.5,0.0,0
2024-11-04 08:00:00,21.5,71,181.0,7.5,0.0,0
2024-11-04 09:00:00,24.5,60,357.0,6.7,0.0,0
2024-11-04 10:00:00,26.9,51,509.0,6.7,0.0,0
2024-11-04 11:00:00,28.5,45,611.0,5.8,0.0,0
2024-11-04 12:00:00,29.6,41,650.0,5.8,0.0,0
2024-11-04 13:00:00,30.1,39,622.0,6.2,0.0,0
2024-11-04 14:00:00,30.4,38,530.0,6.7,0.0,0
2024-11-04 15:00:00,30.2,38,385.0,7.5,0.0,0
2024-11-04 16:00:00,29.1,42,210.0,5.4,0.0,0
2024-11-04 17:00:00,25.8,54,52.0,7.4,0.0,0
2024-11-04 18:00:00,24.5,60,0.0,7.8,0.0,0
2024-11-04 19:00:00,24.0,63,0.0,7.2,0.0,0
2024-11-04 20:00:00,24.1,64,0.0,6.4,0.0,0
2024-11-04 21:00:00,24.2,63,0.0,5.2,0.0,0
2024-11-04 22:00:00,23.8,64,0.0,5.9,0.0,0
2024-11-04 23:00:00,21.0,77,0.0,8.0,0.0,0
2024-11-05 00:00:00,19.9,82,0.0,9.7,0.0,0
2024-11-05 01:00:00,18.9,87,0.0,10.5,0.0,0
2024-11-05 02:00:00,19.2,87,0.0,7.6,0.0,0
2024-11-05 03:00:00,18.7,92,0.0,7.0,0.0,0
2024-11-05 04:00:00,18.3,94,0.0,6.6,0.0,0
2024-11-05 05:00:00,18.1,94,0.0,6.8,0.0,0
2024-11-05 06:00:00,18.2,94,0.0,5.5,0.0,0
2024-11-05 07:00:00,19.3,90,33.0,8.5,0.0,0
2024-11-05 08:00:00,21.8,82,174.0,7.0,0.0,0
2024-11-05 09:00:00,24.3,72,347.0,6.5,0.0,0
2024-11-05 10:00:00,26.5,64,497.0,5.9,0.0,0
2024-11-05 11:00:00,27.9,56,597.0,4.9,0.0,2
2024-11-05 12:00:00,28.6,54,636.0,4.6,0.0,1
2024-11-05 13:00:00,29.2,51,609.0,3.8,0.0,1
2024-11-05 14:00:00,29.4,50,518.0,3.1,0.0,0
2024-11-05 15:00:00,29.3,50,375.0,3.6,0.0,3
2024-11-05 16:00:00,28.7,52,203.0,5.5,0.0,5
2024-11-05 17:00:00,25.9,61,50.0,5.9,0.0,1
2024-11-05 18:00:00,25.2,59,0.0,6.6,0.0,0
2024-11-05 19:00:00,23.8,64,0.0,8.8,0.0,0
2024-11-05 20:00:00,24.3,60,0.0,6.4,0.0,0
2024-11-05 21:00:00,23.9,62,0.0,6.0,0.0,0
2024-11-05 22:00:00,21.4,74,0.0,6.7,0.0,0
2024-11-05 23:00:00,21.7,73,0.0,6.9,0.0,0
2024-11-06 00:00:00,20.9,78,0.0,7.1,0.0,0
2024-11-06 01:00:00,21.4,77,0.0,6.8,0.0,0
2024-11-06 02:00:00,21.3,77,0.0,5.5,0.0,0
2024-11-06 03:00:00,20.9,79,0.0,3.7,0.0,0
2024-11-06 04:00:00,19.7,84,0.0,3.5,0.0,0
2024-11-06 05:00:00,18.3,90,0.0,4.3,0.0,0
2024-11-06 06:00:00,18.1,94,0.0,4.9,0.0,0
2024-11-06 07:00:00,19.7,88,32.0,3.8,0.0,0
2024-11-06 08:00:00,22.5,76,172.0,4.4,0.0,0
2024-11-06 09:00:00,25.6,62,345.0,4.8,0.0,0
2024-11-06 10:00:00,27.6,53,495.0,4.7,0.0,0
2024-11-06 11:00:00,28.6,49,595.0,3.5,0.0,0
2024-11-06 12:00:00,29.4,44,634.0,3.6,0.0,0
2024-11-06 13:00:00,30.0,41,606.0,4.6,0.0,0
2024-11-06 14:00:00,30.2,40,515.0,6.5,0.0,0
2024-11-06 15:00:00,30.0,41,371.0,8.9,0.0,0
2024-11-06 16:00:00,29.1,44,199.0,8.8,0.0,0
2024-11-06 17:00:00,26.0,56,48.0,7.0,0.0,0
2024-11-06 18:00:00,24.9,65,0.0,6.7,0.0,0
2024-11-06 19:00:00,23.4,73,0.0,7.8,0.0,0
2024-11-06 20:00:00,22.7,74,0.0,5.6,0.0,1
2024-11-06 21:00:00,22.1,76,0.0,4.9,0.0,0
2024-11-06 22:00:00,21.6,77,0.0,5.9,0.0,0
2024-11-06 23:00:00,21.3,78,0.0,6.3,0.0,0
2024-11-07 00:00:00,21.3,77,0.0,5.1,0.0,0
2024-11-07 01:00:00,20.8,79,0.0,5.5,0.0,0
2024-11-07 02:00:00,20.2,81,0.0,6.0,0.0,0
2024-11-07 03:00:00,20.0,81,0.0,6.1,0.0,0
2024-11-07 04:00:00,19.7,83,0.0,6.0,0.0,0
2024-11-07 05:00:00,19.3,85,0.0,6.9,0.0,0
2024-11-07 06:00:00,19.0,90,0.0,6.8,0.0,0
2024-11-07 07:00:00,20.6,83,30.0,4.9,0.0,0
2024-11-07 08:00:00,23.5,73,167.0,4.0,0.0,0
2024-11-07 09:00:00,26.2,63,338.0,2.4,0.0,0
2024-11-07 10:00:00,27.9,55,487.0,2.7,0.0,0
2024-11-07 11:00:00,28.9,50,588.0,4.8,0.0,0
2024-11-07 12:00:00,29.5,47,627.0,5.3,0.0,0
2024-11-07 13:00:00,30.0,44,600.0,5.3,0.0,0
2024-11-07 14:00:00,30.1,42,509.0,5.5,0.0,0
2024-11-07 15:00:00,29.9,41,364.0,5.9,0.0,0
2024-11-07 16:00:00,29.2,44,193.0,5.8,0.0,0
2024-11-07 17:00:00,26.3,55,46.0,6.2,0.0,0
2024-11-07 18:00:00,25.4,63,0.0,6.5,0.0,0
2024-11-07 19:00:00,23.9,69,0.0,6.9,0.0,0
2024-11-07 20:00:00,23.1,72,0.0,7.2,0.0,0
2024-11-07 21:00:00,22.6,73,0.0,7.2,0.0,0
2024-11-07 22:00:00,22.2,74,0.0,7.4,0.0,0
2024-11-07 23:00:00,21.7,75,0.0,6.9,0.0,0
2024-11-08 00:00:00,21.8,74,0.0,5.7,0.0,0
2024-11-08 01:00:00,22.8,69,0.0,4.5,0.0,0
2024-11-08 02:00:00,21.9,74,0.0,4.0,0.0,0
2024-11-08 03:00:00,21.4,77,0.0,4.2,0.0,0
2024-11-08 04:00:00,19.0,88,0.0,6.1,0.0,0
2024-11-08 05:00:00,19.2,86,0.0,5.0,0.0,0
2024-11-08 06:00:00,19.6,85,0.0,6.8,0.0,0
2024-11-08 07:00:00,21.0,81,30.0,8.1,0.0,0
2024-11-08 08:00:00,23.8,72,166.0,6.8,0.0,0
2024-11-08 09:00:00,26.4,62,336.0,6.0,0.0,0
2024-11-08 10:00:00,28.2,53,485.0,5.0,0.0,0
2024-11-08 11:00:00,29.1,49,585.0,3.1,0.0,0
2024-11-08 12:00:00,29.7,47,623.0,3.4,0.0,0
2024-11-08 13:00:00,30.1,45,596.0,3.1,0.0,1
2024-11-08 14:00:00,30.3,44,506.0,3.3,0.0,3
2024-11-08 15:00:00,30.1,44,364.0,3.6,0.0,5
2024-11-08 16:00:00,29.5,48,193.0,3.4,0.0,11
2024-11-08 17:00:00,26.1,62,45.0,8.1,0.0,13
2024-11-08 18:00:00,25.7,64,0.0,7.1,0.0,9
2024-11-08 19:00:00,24.4,69,0.0,5.9,0.0,0
2024-11-08 20:00:00,23.8,72,0.0,7.3,0.0,0
2024-11-08 21:00:00,23.2,72,0.0,6.5,0.0,0
2024-11-08 22:00:00,22.7,75,0.0,6.3,0.0,0
2024-11-08 23:00:00,22.0,79,0.0,6.5,0.0,0
2024-11-09 00:00:00,21.3,83,0.0,6.1,0.0,0
2024-11-09 01:00:00,20.9,86,0.0,6.2,0.0,0
2024-11-09 02:00:00,20.7,86,0.0,6.3,0.0,0
2024-11-09 03:00:00,20.2,87,0.0,5.8,0.0,0
2024-11-09 04:00:00,19.8,89,0.0,5.7,0.0,0
2024-11-09 05:00:00,19.7,90,0.0,6.2,0.0,0
2024-11-09 06:00:00,20.1,87,0.0,8.1,0.0,0
2024-11-09 07:00:00,21.0,83,28.0,11.0,0.0,0
2024-11-09 08:00:00,23.3,75,160.0,9.7,0.0,0
2024-11-09 09:00:00,25.8,64,328.0,11.0,0.0,0
2024-11-09 10:00:00,27.8,55,475.0,11.4,0.0,0
2024-11-09 11:00:00,29.1,49,575.0,9.9,0.0,0
2024-11-09 12:00:00,29.9,46,614.0,8.1,0.0,0
2024-11-09 13:00:00,30.3,45,588.0,6.7,0.0,7
2024-11-09 14:00:00,30.6,44,491.0,6.1,0.0,7
2024-11-09 15:00:00,30.3,43,344.0,6.2,0.0,9
2024-11-09 16:00:00,29.6,46,186.0,6.0,0.0,12
2024-11-09 17:00:00,26.7,57,44.0,6.0,0.0,8
2024-11-09 18:00:00,25.9,60,0.0,10.2,0.0,0
2024-11-09 19:00:00,25.1,63,0.0,9.7,0.0,0
2024-11-09 20:00:00,24.2,66,0.0,9.1,0.0,0
2024-11-09 21:00:00,23.1,70,0.0,7.9,0.0,0
2024-11-09 22:00:00,22.3,73,0.0,7.1,0.0,0
2024-11-09 23:00:00,21.8,75,0.0,6.9,0.0,0
2024-11-10 00:00:00,21.3,77,0.0,6.9,0.0,0
2024-11-10 01:00:00,20.7,80,0.0,7.6,0.0,0
2024-11-10 02:00:00,20.1,84,0.0,7.7,0.0,0
2024-11-10 03:00:00,19.7,87,0.0,8.0,0.0,0
2024-11-10 04:00:00,19.5,87,0.0,8.9,0.0,0
2024-11-10 05:00:00,19.3,87,0.0,9.0,0.0,0
2024-11-10 06:00:00,19.3,90,0.0,7.7,0.0,0
2024-11-10 07:00:00,20.1,86,27.0,9.6,0.0,0
2024-11-10 08:00:00,22.2,78,160.0,6.9,0.0,0
2024-11-10 09:00:00,24.7,69,330.0,6.9,0.0,0
2024-11-10 10:00:00,26.6,61,478.0,6.6,0.0,0
2024-11-10 11:00:00,28.1,55,578.0,6.0,0.0,0
2024-11-10 12:00:00,29.2,51,617.0,5.8,0.0,0
2024-11-10 13:00:00,29.9,47,589.0,5.9,0.0,0
2024-11-10 14:00:00,30.2,45,498.0,5.8,0.0,0
2024-11-10 15:00:00,30.0,45,357.0,5.8,0.0,0
2024-11-10 16:00:00,29.3,48,189.0,5.2,0.0,0
2024-11-10 17:00:00,26.5,58,43.0,6.8,0.0,0
2024-11-10 18:00:00,26.7,62,0.0,4.6,0.0,4
2024-11-10 19:00:00,26.1,65,0.0,3.5,0.0,3
2024-11-10 20:00:00,25.7,66,0.0,2.1,0.0,0
2024-11-10 21:00:00,24.4,71,0.0,5.2,0.0,0
2024-11-10 22:00:00,22.4,80,0.0,6.5,0.0,0
2024-11-10 23:00:00,21.6,86,0.0,6.8,0.0,0
2024-11-11 00:00:00,21.1,88,0.0,6.3,0.0,0
2024-11-11 01:00:00,20.5,91,0.0,6.7,0.0,0
2024-11-11 02:00:00,20.0,93,0.0,6.9,0.0,0
2024-11-11 03:00:00,19.3,95,0.0,8.0,0.0,0
2024-11-11 04:00:00,18.8,96,0.0,7.9,0.0,0
2024-11-11 05:00:00,18.5,97,0.0,7.4,0.0,0
2024-11-11 06:00:00,18.9,98,0.0,6.6,0.0,0
2024-11-11 07:00:00,20.2,94,26.0,7.6,0.0,0
2024-11-11 08:00:00,22.7,83,156.0,6.6,0.0,0
2024-11-11 09:00:00,25.3,72,323.0,6.4,0.0,0
2024-11-11 10:00:00,27.3,62,471.0,6.9,0.0,0
2024-11-11 11:00:00,28.4,55,571.0,6.0,0.0,0
2024-11-11 12:00:00,29.2,50,609.0,5.0,0.0,0
2024-11-11 13:00:00,29.6,48,582.0,4.5,0.0,0
2024-11-11 14:00:00,29.8,47,493.0,4.8,0.0,2
2024-11-11 15:00:00,29.7,47,353.0,4.2,0.0,5
2024-11-11 16:00:00,29.0,49,185.0,3.9,0.0,6
2024-11-11 17:00:00,26.1,61,41.0,7.1,0.0,4
2024-11-11 18:00:00,24.5,71,0.0,8.0,0.0,2
2024-11-11 19:00:00,25.6,65,0.0,5.3,0.0,6
2024-11-11 20:00:00,23.2,76,0.0,4.7,0.0,3
2024-11-11 21:00:00,22.3,80,0.0,5.0,0.0,0
2024-11-11 22:00:00,22.0,82,0.0,4.8,0.0,0
2024-11-11 23:00:00,21.3,86,0.0,5.5,0.0,0
2024-11-12 00:00:00,20.3,90,0.0,8.4,0.0,0
2024-11-12 01:00:00,20.0,91,0.0,6.2,0.0,0
2024-11-12 02:00:00,19.8,90,0.0,6.1,0.0,0
2024-11-12 03:00:00,21.1,84,0.0,3.8,0.0,0
2024-11-12 04:00:00,20.8,85,0.0,2.4,0.0,0
2024-11-12 05:00:00,20.4,87,0.0,3.2,0.0,0
2024-11-12 06:00:00,19.0,96,0.0,4.7,0.0,0
2024-11-12 07:00:00,20.1,93,25.0,7.9,0.0,0
2024-11-12 08:00:00,23.5,79,154.0,7.4,0.0,0
2024-11-12 09:00:00,26.2,66,323.0,8.2,0.0,0
2024-11-12 10:00:00,27.9,58,474.0,8.0,0.0,0
2024-11-12 11:00:00,29.3,49,577.0,6.5,0.0,0
2024-11-12 12:00:00,30.6,37,617.0,8.5,0.0,0
2024-11-12 13:00:00,31.2,28,591.0,13.9,0.0,0
2024-11-12 14:00:00,31.1,25,505.0,15.0,0.0,0
2024-11-12 15:00:00,30.5,26,364.0,15.0,0.0,0
2024-11-12 16:00:00,29.2,32,192.0,10.7,0.0,0
2024-11-12 17:00:00,25.8,42,42.0,7.2,0.0,0
2024-11-12 18:00:00,27.8,36,0.0,5.5,0.0,0
2024-11-12 19:00:00,26.8,42,0.0,6.5,0.0,0
2024-11-12 20:00:00,25.8,47,0.0,5.9,0.0,0
2024-11-12 21:00:00,24.7,51,0.0,5.1,0.0,0
2024-11-12 22:00:00,23.9,53,0.0,5.9,0.0,0
2024-11-12 23:00:00,23.2,54,0.0,6.0,0.0,0
2024-11-13 00:00:00,22.4,56,0.0,5.2,0.0,0
2024-11-13 01:00:00,21.4,60,0.0,4.5,0.0,0
2024-11-13 02:00:00,20.9,62,0.0,4.7,0.0,0
2024-11-13 03:00:00,20.5,63,0.0,5.2,0.0,0
2024-11-13 04:00:00,19.8,67,0.0,4.7,0.0,0
2024-11-13 05:00:00,19.1,70,0.0,4.0,0.0,0
2024-11-13 06:00:00,18.8,88,0.0,3.6,0.0,0
2024-11-13 07:00:00,19.5,84,25.0,4.7,0.0,0
2024-11-13 08:00:00,21.4,76,157.0,4.4,0.0,0
2024-11-13 09:00:00,23.9,66,328.0,4.2,0.0,0
2024-11-13 10:00:00,26.3,55,478.0,5.3,0.0,0
2024-11-13 11:00:00,28.0,45,580.0,7.3,0.0,0
2024-11-13 12:00:00,29.2,37,621.0,9.1,0.0,0
2024-11-13 13:00:00,29.8,34,595.0,10.1,0.0,0
2024-11-13 14:00:00,30.0,31,505.0,10.5,0.0,0
2024-11-13 15:00:00,29.8,29,363.0,10.2,0.0,0
2024-11-13 16:00:00,29.0,30,191.0,9.7,0.0,0
2024-11-13 17:00:00,27.5,36,42.0,6.5,0.0,0
2024-11-13 18:00:00,25.3,51,0.0,4.1,0.0,0
2024-11-13 19:00:00,24.4,55,0.0,4.1,0.0,0
2024-11-13 20:00:00,23.6,60,0.0,3.6,0.0,0
2024-11-13 21:00:00,23.0,62,0.0,2.2,0.0,0
2024-11-13 22:00:00,22.3,65,0.0,3.1,0.0,0
2024-11-13 23:00:00,22.1,65,0.0,1.3,0.0,0
2024-11-14 00:00:00,21.5,68,0.0,0.5,0.0,0
2024-11-14 01:00:00,20.9,70,0.0,0.6,0.0,0
2024-11-14 02:00:00,19.9,74,0.0,4.6,0.0,0
2024-11-14 03:00:00,19.7,75,0.0,1.9,0.0,0
2024-11-14 04:00:00,19.3,77,0.0,1.3,0.0,0
2024-11-14 05:00:00,19.0,79,0.0,2.0,0.0,0
2024-11-14 06:00:00,19.1,86,0.0,1.8,0.0,0
2024-11-14 07:00:00,19.7,84,23.0,0.8,0.0,0
2024-11-14 08:00:00,21.7,74,147.0,1.5,0.0,0
2024-11-14 09:00:00,24.1,63,319.0,1.8,0.0,0
2024-11-14 10:00:00,26.5,50,464.0,0.9,0.0,0
2024-11-14 11:00:00,28.1,41,565.0,1.8,0.0,0
2024-11-14 12:00:00,29.3,34,606.0,3.7,0.0,0
2024-11-14 13:00:00,30.0,30,580.0,6.3,0.0,0
2024-11-14 14:00:00,30.0,29,486.0,8.3,0.0,0
2024-11-14 15:00:00,29.4,30,346.0,9.4,0.0,1
2024-11-14 16:00:00,28.5,32,182.0,9.6,0.0,1
2024-11-14 17:00:00,27.2,37,40.0,4.6,0.0,0
2024-11-14 18:00:00,25.8,44,0.0,2.7,0.0,0
2024-11-14 19:00:00,25.3,45,0.0,3.2,0.0,0
2024-11-14 20:00:00,24.5,47,0.0,3.8,0.0,0
2024-11-14 21:00:00,23.6,51,0.0,3.1,0.0,0
2024-11-14 22:00:00,23.0,53,0.0,2.2,0.0,0
2024-11-14 23:00:00,22.2,57,0.0,1.7,0.0,0
2024-11-15 00:00:00,21.5,59,0.0,1.5,0.0,0
2024-11-15 01:00:00,20.9,61,0.0,1.7,0.0,0
2024-11-15 02:00:00,20.5,63,0.0,1.5,0.0,0
2024-11-15 03:00:00,20.0,64,0.0,2.1,0.0,0
2024-11-15 04:00:00,19.4,67,0.0,2.9,0.0,0
2024-11-15 05:00:00,19.0,69,0.0,2.7,0.0,0
2024-11-15 06:00:00,18.7,77,0.0,4.0,0.0,0
2024-11-15 07:00:00,19.2,74,22.0,3.8,0.0,0
2024-11-15 08:00:00,21.3,65,149.0,3.7,0.0,0
2024-11-15 09:00:00,23.8,56,318.0,3.2,0.0,0
2024-11-15 10:00:00,26.2,46,465.0,4.7,0.0,0
2024-11-15 11:00:00,27.8,36,566.0,8.0,0.0,0
2024-11-15 12:00:00,28.6,32,605.0,10.1,0.0,0
2024-11-15 13:00:00,28.9,30,581.0,11.5,0.0,0
2024-11-15 14:00:00,29.0,29,493.0,11.7,0.0,0
2024-11-15 15:00:00,28.7,28,353.0,12.6,0.0,0
2024-11-15 16:00:00,27.9,30,185.0,12.4,0.0,0
2024-11-15 17:00:00,26.5,34,39.0,7.8,0.0,0
2024-11-15 18:00:00,25.9,41,0.0,6.7,0.0,1
2024-11-15 19:00:00,25.0,45,0.0,6.7,0.0,0
2024-11-15 20:00:00,24.1,50,0.0,7.1,0.0,0
2024-11-15 21:00:00,23.3,54,0.0,6.0,0.0,0
2024-11-15 22:00:00,22.6,57,0.0,5.5,0.0,0
2024-11-15 23:00:00,21.8,61,0.0,5.2,0.0,0
2024-11-16 00:00:00,20.8,66,0.0,4.4,0.0,0
2024-11-16 01:00:00,20.3,69,0.0,3.1,0.0,0
2024-11-16 02:00:00,19.8,71,0.0,2.4,0.0,0
2024-11-16 03:00:00,19.0,74,0.0,3.5,0.0,0
2024-11-16 04:00:00,18.4,77,0.0,4.1,0.0,0
2024-11-16 05:00:00,18.0,78,0.0,4.6,0.0,0
2024-11-16 06:00:00,17.6,85,0.0,4.9,0.0,0
2024-11-16 07:00:00,18.1,82,21.0,5.7,0.0,0
2024-11-16 08:00:00,20.1,72,145.0,4.3,0.0,0
2024-11-16 09:00:00,23.0,60,312.0,4.3,0.0,0
2024-11-16 10:00:00,25.5,51,460.0,5.7,0.0,0
2024-11-16 11:00:00,27.0,43,560.0,7.2,0.0,0
2024-11-16 12:00:00,28.1,37,600.0,8.8,0.0,0
2024-11-16 13:00:00,28.7,33,575.0,10.0,0.0,3
2024-11-16 14:00:00,28.8,32,486.0,10.5,0.0,7
2024-11-16 15:00:00,28.4,32,339.0,10.2,0.0,7
2024-11-16 16:00:00,27.7,34,175.0,10.0,0.0,3
2024-11-16 17:00:00,26.4,38,37.0,5.9,0.0,2
2024-11-16 18:00:00,25.5,41,0.0,3.7,0.0,2
2024-11-16 19:00:00,24.9,43,0.0,4.6,0.0,2
2024-11-16 20:00:00,24.7,45,0.0,7.2,0.0,1
2024-11-16 21:00:00,23.4,52,0.0,5.0,0.0,1
2024-11-16 22:00:00,22.7,57,0.0,2.2,0.0,0
2024-11-16 23:00:00,22.3,61,0.0,0.8,0.0,0
2024-11-17 00:00:00,21.7,61,0.0,1.1,0.0,0
2024-11-17 01:00:00,21.0,64,0.0,1.7,0.0,0
2024-11-17 02:00:00,20.3,67,0.0,2.6,0.0,0
2024-11-17 03:00:00,19.5,71,0.0,3.8,0.0,0
2024-11-17 04:00:00,18.9,73,0.0,4.3,0.0,0
2024-11-17 05:00:00,18.5,76,0.0,4.9,0.0,0
2024-11-17 06:00:00,18.0,84,0.0,1.7,0.0,0
2024-11-17 07:00:00,18.4,83,20.0,2.1,0.0,0
2024-11-17 08:00:00,20.4,73,143.0,2.2,0.0,0
2024-11-17 09:00:00,23.1,62,308.0,1.9,0.0,0
2024-11-17 10:00:00,25.3,52,454.0,3.5,0.0,0
2024-11-17 11:00:00,26.8,45,555.0,4.9,0.0,0
2024-11-17 12:00:00,27.7,41,595.0,6.2,0.0,0
2024-11-17 13:00:00,28.4,37,571.0,7.5,0.0,0
2024-11-17 14:00:00,28.5,34,479.0,8.4,0.0,1
2024-11-17 15:00:00,27.9,36,333.0,8.9,0.0,12
2024-11-17 16:00:00,27.0,39,172.0,8.9,0.0,5
2024-11-17 17:00:00,25.9,43,36.0,7.3,0.0,4
2024-11-17 18:00:00,24.5,49,0.0,7.4,0.0,6
2024-11-17 19:00:00,23.5,55,0.0,8.0,0.0,2
2024-11-17 20:00:00,22.6,58,0.0,5.7,0.0,0
2024-11-17 21:00:00,21.7,60,0.0,4.8,0.0,0
2024-11-17 22:00:00,21.0,62,0.0,4.8,0.0,0
2024-11-17 23:00:00,20.1,65,0.0,5.2,0.0,0
2024-11-18 00:00:00,19.3,68,0.0,5.1,0.0,0
2024-11-18 01:00:00,18.6,69,0.0,4.8,0.0,0
2024-11-18 02:00:00,18.0,70,0.0,4.9,0.0,0
2024-11-18 03:00:00,17.3,72,0.0,4.8,0.0,0
2024-11-18 04:00:00,16.7,74,0.0,4.8,0.0,0
2024-11-18 05:00:00,16.3,76,0.0,4.6,0.0,0
2024-11-18 06:00:00,15.9,91,0.0,4.4,0.0,5
2024-11-18 07:00:00,16.2,89,20.0,5.5,0.0,0
2024-11-18 08:00:00,17.9,81,143.0,4.5,0.0,0
2024-11-18 09:00:00,20.3,70,312.0,4.3,0.0,0
2024-11-18 10:00:00,22.6,61,461.0,6.0,0.0,0
2024-11-18 11:00:00,24.2,50,563.0,6.9,0.0,0
2024-11-18 12:00:00,25.3,42,604.0,6.8,0.0,0
2024-11-18 13:00:00,26.1,37,578.0,6.9,0.0,0
2024-11-18 14:00:00,26.4,35,490.0,7.1,0.0,0
2024-11-18 15:00:00,26.1,35,349.0,7.6,0.0,0
2024-11-18 16:00:00,25.4,36,181.0,7.8,0.0,0
2024-11-18 17:00:00,24.1,39,37.0,5.8,0.0,0
2024-11-18 18:00:00,22.6,49,0.0,4.0,0.0,9
2024-11-18 19:00:00,21.8,52,0.0,4.1,0.0,0
2024-11-18 20:00:00,21.1,54,0.0,4.8,0.0,0
2024-11-18 21:00:00,20.2,57,0.0,5.2,0.0,0
2024-11-18 22:00:00,19.2,61,0.0,4.9,0.0,0
2024-11-18 23:00:00,18.5,63,0.0,4.7,0.0,0
2024-11-19 00:00:00,18.1,64,0.0,5.1,0.0,0
2024-11-19 01:00:00,17.5,65,0.0,5.0,0.0,0
2024-11-19 02:00:00,17.0,66,0.0,4.7,0.0,0
2024-11-19 03:00:00,16.5,67,0.0,4.5,0.0,0
2024-11-19 04:00:00,15.9,68,0.0,4.4,0.0,0
2024-11-19 05:00:00,15.4,71,0.0,4.5,0.0,0
2024-11-19 06:00:00,14.2,80,0.0,5.0,0.0,0
2024-11-19 07:00:00,14.5,78,19.0,6.5,0.0,0
2024-11-19 08:00:00,16.5,69,144.0,6.1,0.0,0
2024-11-19 09:00:00,19.4,56,313.0,5.4,0.0,0
2024-11-19 10:00:00,22.1,46,462.0,5.9,0.0,0
2024-11-19 11:00:00,24.1,39,565.0,6.6,0.0,0
2024-11-19 12:00:00,25.3,31,607.0,8.5,0.0,0
2024-11-19 13:00:00,25.8,29,582.0,8.5,0.0,0
2024-11-19 14:00:00,25.9,28,493.0,8.3,0.0,0
2024-11-19 15:00:00,25.6,29,351.0,8.7,0.0,0
2024-11-19 16:00:00,24.8,31,182.0,8.6,0.0,0
2024-11-19 17:00:00,23.4,34,37.0,5.9,0.0,0
2024-11-19 18:00:00,22.4,37,0.0,4.3,0.0,0
2024-11-19 19:00:00,21.4,41,0.0,4.0,0.0,0
2024-11-19 20:00:00,20.4,45,0.0,4.5,0.0,0
2024-11-19 21:00:00,19.5,50,0.0,4.7,0.0,0
2024-11-19 22:00:00,18.7,53,0.0,4.5,0.0,0
2024-11-19 23:00:00,18.1,54,0.0,4.3,0.0,0
2024-11-20 00:00:00,17.4,55,0.0,4.4,0.0,0
2024-11-20 01:00:00,16.8,57,0.0,4.9,0.0,0
2024-11-20 02:00:00,16.2,59,0.0,4.9,0.0,0
2024-11-20 03:00:00,15.7,61,0.0,5.4,0.0,0
2024-11-20 04:00:00,15.0,65,0.0,5.6,0.0,0
2024-11-20 05:00:00,14.4,67,0.0,5.6,0.0,0
2024-11-20 06:00:00,13.6,78,0.0,5.4,0.0,0
2024-11-20 07:00:00,13.8,77,18.0,6.0,0.0,0
2024-11-20 08:00:00,15.9,67,143.0,5.6,0.0,0
2024-11-20 09:00:00,18.8,55,312.0,4.4,0.0,0
2024-11-20 10:00:00,21.7,46,464.0,4.8,0.0,0
2024-11-20 11:00:00,23.9,38,569.0,6.0,0.0,0
2024-11-20 12:00:00,25.2,30,611.0,7.6,0.0,0
2024-11-20 13:00:00,25.8,28,585.0,8.2,0.0,0
2024-11-20 14:00:00,25.9,27,495.0,8.3,0.0,0
2024-11-20 15:00:00,25.6,28,352.0,8.3,0.0,0
2024-11-20 16:00:00,25.0,29,181.0,7.8,0.0,0
2024-11-20 17:00:00,23.2,34,37.0,4.5,0.0,0
2024-11-20 18:00:00,22.4,39,0.0,3.7,0.0,0
2024-11-20 19:00:00,21.5,42,0.0,3.8,0.0,0
2024-11-20 20:00:00,20.7,46,0.0,4.5,0.0,0
2024-11-20 21:00:00,19.7,50,0.0,4.4,0.0,0
2024-11-20 22:00:00,18.7,54,0.0,4.2,0.0,0
2024-11-20 23:00:00,18.0,57,0.0,4.2,0.0,0
2024-11-21 00:00:00,17.6,58,0.0,4.1,0.0,0
2024-11-21 01:00:00,17.1,59,0.0,4.6,0.0,0
2024-11-21 02:00:00,16.5,61,0.0,4.5,0.0,0
2024-11-21 03:00:00,15.7,63,0.0,4.6,0.0,0
2024-11-21 04:00:00,15.2,65,0.0,4.9,0.0,0
2024-11-21 05:00:00,14.5,67,0.0,5.1,0.0,0
2024-11-21 06:00:00,13.6,74,0.0,6.1,0.0,0
2024-11-21 07:00:00,13.7,73,17.0,6.3,0.0,0
2024-11-21 08:00:00,15.7,64,140.0,5.9,0.0,0
2024-11-21 09:00:00,18.8,52,308.0,4.3,0.0,0
2024-11-21 10:00:00,21.7,44,458.0,5.0,0.0,0
2024-11-21 11:00:00,23.7,40,562.0,5.8,0.0,0
2024-11-21 12:00:00,24.9,34,604.0,7.2,0.0,0
2024-11-21 13:00:00,25.5,31,580.0,7.6,0.0,0
2024-11-21 14:00:00,25.8,29,491.0,7.7,0.0,0
2024-11-21 15:00:00,25.4,30,350.0,7.6,0.0,0
2024-11-21 16:00:00,24.7,31,180.0,7.3,0.0,0
2024-11-21 17:00:00,23.0,36,36.0,4.7,0.0,0
2024-11-21 18:00:00,22.7,40,0.0,4.5,0.0,0
2024-11-21 19:00:00,21.6,45,0.0,4.4,0.0,0
2024-11-21 20:00:00,20.6,49,0.0,4.6,0.0,0
2024-11-21 21:00:00,19.6,53,0.0,4.7,0.0,0
2024-11-21 22:00:00,18.8,56,0.0,4.1,0.0,0
2024-11-21 23:00:00,18.3,58,0.0,4.1,0.0,0
2024-11-22 00:00:00,17.9,60,0.0,3.9,0.0,0
2024-11-22 01:00:00,17.7,61,0.0,3.0,0.0,0
2024-11-22 02:00:00,16.9,64,0.0,4.0,0.0,0
2024-11-22 03:00:00,16.0,68,0.0,4.2,0.0,0
2024-11-22 04:00:00,15.3,71,0.0,4.2,0.0,0
2024-11-22 05:00:00,14.7,72,0.0,4.2,0.0,0
2024-11-22 06:00:00,14.0,79,0.0,4.2,0.0,0
2024-11-22 07:00:00,14.3,76,16.0,6.1,0.0,0
2024-11-22 08:00:00,16.4,66,135.0,6.2,0.0,0
2024-11-22 09:00:00,19.6,53,301.0,3.9,0.0,0
2024-11-22 10:00:00,22.6,44,449.0,3.6,0.0,0
2024-11-22 11:00:00,24.4,40,550.0,4.2,0.0,0
2024-11-22 12:00:00,25.5,36,592.0,6.0,0.0,0
2024-11-22 13:00:00,26.1,34,568.0,7.0,0.0,0
2024-11-22 14:00:00,26.3,32,481.0,7.0,0.0,0
2024-11-22 15:00:00,26.0,33,342.0,6.4,0.0,0
2024-11-22 16:00:00,25.3,36,176.0,6.7,0.0,0
2024-11-22 17:00:00,23.5,42,35.0,3.8,0.0,0
2024-11-22 18:00:00,23.2,45,0.0,3.1,0.0,0
2024-11-22 19:00:00,22.4,49,0.0,3.3,0.0,0
2024-11-22 20:00:00,21.4,52,0.0,3.8,0.0,0
2024-11-22 21:00:00,20.5,56,0.0,4.0,0.0,0
2024-11-22 22:00:00,19.5,60,0.0,3.8,0.0,0
2024-11-22 23:00:00,18.7,64,0.0,3.6,0.0,0
2024-11-23 00:00:00,18.1,66,0.0,3.1,0.0,0
2024-11-23 01:00:00,17.6,68,0.0,3.1,0.0,0
2024-11-23 02:00:00,16.8,70,0.0,3.8,0.0,0
2024-11-23 03:00:00,16.2,71,0.0,4.0,0.0,0
2024-11-23 04:00:00,15.5,73,0.0,3.6,0.0,0
2024-11-23 05:00:00,15.0,74,0.0,4.0,0.0,2
2024-11-23 06:00:00,14.1,80,0.0,4.1,0.0,0
2024-11-23 07:00:00,14.7,76,15.0,4.8,0.0,0
2024-11-23 08:00:00,16.9,65,132.0,5.1,0.0,0
2024-11-23 09:00:00,20.1,52,296.0,3.6,0.0,0
2024-11-23 10:00:00,23.3,41,444.0,4.5,0.0,0
2024-11-23 11:00:00,25.4,34,545.0,5.9,0.0,0
2024-11-23 12:00:00,26.6,30,587.0,6.0,0.0,0
2024-11-23 13:00:00,27.3,27,563.0,5.2,0.0,0
2024-11-23 14:00:00,27.5,26,476.0,4.5,0.0,0
2024-11-23 15:00:00,27.2,27,339.0,4.2,0.0,0
2024-11-23 16:00:00,26.5,28,174.0,4.5,0.0,0
2024-11-23 17:00:00,24.4,35,34.0,4.0,0.0,0
2024-11-23 18:00:00,24.0,37,0.0,1.5,0.0,0
2024-11-23 19:00:00,22.7,40,0.0,4.3,0.0,0
2024-11-23 20:00:00,21.8,47,0.0,4.6,0.0,0
2024-11-23 21:00:00,20.8,52,0.0,4.3,0.0,0
2024-11-23 22:00:00,19.9,56,0.0,4.2,0.0,0
2024-11-23 23:00:00,19.4,57,0.0,4.8,0.0,0
2024-11-24 00:00:00,18.9,58,0.0,5.6,0.0,0
2024-11-24 01:00:00,18.3,60,0.0,6.5,0.0,0
2024-11-24 02:00:00,17.8,61,0.0,6.7,0.0,0
2024-11-24 03:00:00,17.4,62,0.0,6.9,0.0,0
2024-11-24 04:00:00,17.2,62,0.0,7.3,0.0,0
2024-11-24 05:00:00,16.8,62,0.0,8.3,0.0,0
2024-11-24 06:00:00,15.8,67,0.0,8.8,0.0,0
2024-11-24 07:00:00,15.7,67,15.0,9.2,0.0,0
2024-11-24 08:00:00,17.2,61,131.0,8.8,0.0,0
2024-11-24 09:00:00,19.8,52,296.0,6.5,0.0,0
2024-11-24 10:00:00,22.6,42,446.0,7.3,0.0,0
2024-11-24 11:00:00,24.8,36,547.0,8.3,0.0,0
2024-11-24 12:00:00,26.4,32,589.0,9.8,0.0,0
2024-11-24 13:00:00,27.3,29,564.0,10.6,0.0,0
2024-11-24 14:00:00,27.7,28,477.0,10.1,0.0,0
2024-11-24 15:00:00,27.4,28,338.0,9.8,0.0,1
2024-11-24 16:00:00,26.6,31,173.0,9.3,0.0,0
2024-11-24 17:00:00,24.9,36,34.0,6.2,0.0,0
2024-11-24 18:00:00,24.3,39,0.0,5.1,0.0,0
2024-11-24 19:00:00,23.1,44,0.0,4.8,0.0,0
2024-11-24 20:00:00,22.3,46,0.0,5.0,0.0,0
2024-11-24 21:00:00,21.9,47,0.0,5.6,0.0,0
2024-11-24 22:00:00,21.0,51,0.0,5.4,0.0,0
2024-11-24 23:00:00,20.2,55,0.0,5.4,0.0,0
2024-11-25 00:00:00,19.4,58,0.0,5.4,0.0,0
2024-11-25 01:00:00,18.6,62,0.0,6.4,0.0,0
2024-11-25 02:00:00,17.9,65,0.0,7.2,0.0,0
2024-11-25 03:00:00,17.4,67,0.0,7.3,0.0,0
2024-11-25 04:00:00,16.8,69,0.0,6.7,0.0,0
2024-11-25 05:00:00,16.3,72,0.0,7.0,0.0,0
2024-11-25 06:00:00,15.1,81,0.0,6.7,0.0,0
2024-11-25 07:00:00,15.3,82,14.0,7.8,0.0,0
2024-11-25 08:00:00,16.9,75,127.0,7.0,0.0,0
2024-11-25 09:00:00,19.7,64,292.0,5.8,0.0,0
2024-11-25 10:00:00,22.6,55,442.0,6.6,0.0,0
2024-11-25 11:00:00,24.4,45,549.0,9.8,0.0,0
2024-11-25 12:00:00,25.2,38,595.0,11.0,0.0,0
2024-11-25 13:00:00,25.7,38,569.0,11.0,0.0,0
2024-11-25 14:00:00,25.9,38,479.0,10.9,0.0,0
2024-11-25 15:00:00,25.6,40,338.0,10.8,0.0,0
2024-11-25 16:00:00,24.8,43,172.0,10.6,0.0,0
2024-11-25 17:00:00,23.5,47,34.0,7.9,0.0,0
2024-11-25 18:00:00,23.0,49,0.0,7.0,0.0,0
2024-11-25 19:00:00,21.9,52,0.0,7.2,0.0,0
2024-11-25 20:00:00,20.9,55,0.0,7.2,0.0,0
2024-11-25 21:00:00,20.0,57,0.0,6.4,0.0,0
2024-11-25 22:00:00,19.1,60,0.0,5.2,0.0,0
2024-11-25 23:00:00,18.4,63,0.0,5.2,0.0,0
2024-11-26 00:00:00,17.8,65,0.0,5.2,0.0,0
2024-11-26 01:00:00,17.0,69,0.0,4.9,0.0,0
2024-11-26 02:00:00,16.3,73,0.0,4.5,0.0,0
2024-11-26 03:00:00,15.7,76,0.0,5.0,0.0,0
2024-11-26 04:00:00,15.1,79,0.0,5.8,0.0,0
2024-11-26 05:00:00,14.5,81,0.0,5.8,0.0,0
2024-11-26 06:00:00,13.9,86,0.0,5.4,0.0,0
2024-11-26 07:00:00,14.1,83,13.0,6.0,0.0,0
2024-11-26 08:00:00,15.9,73,127.0,6.1,0.0,0
2024-11-26 09:00:00,18.8,59,292.0,5.1,0.0,0
2024-11-26 10:00:00,21.7,49,441.0,5.8,0.0,0
2024-11-26 11:00:00,23.8,41,544.0,7.1,0.0,0
2024-11-26 12:00:00,24.9,35,588.0,9.0,0.0,0
2024-11-26 13:00:00,25.5,33,565.0,10.0,0.0,0
2024-11-26 14:00:00,25.6,32,479.0,10.4,0.0,0
2024-11-26 15:00:00,25.3,30,341.0,10.3,0.0,0
2024-11-26 16:00:00,24.5,32,175.0,10.0,0.0,0
2024-11-26 17:00:00,22.8,38,34.0,5.8,0.0,0
2024-11-26 18:00:00,22.2,42,0.0,5.1,0.0,0
2024-11-26 19:00:00,21.2,47,0.0,5.6,0.0,0
2024-11-26 20:00:00,20.2,51,0.0,5.9,0.0,0
2024-11-26 21:00:00,19.3,53,0.0,5.8,0.0,0
2024-11-26 22:00:00,18.6,54,0.0,5.6,0.0,0
2024-11-26 23:00:00,17.8,57,0.0,5.1,0.0,0
2024-11-27 00:00:00,17.3,59,0.0,4.9,0.0,0
2024-11-27 01:00:00,16.9,60,0.0,4.0,0.0,0
2024-11-27 02:00:00,16.2,62,0.0,3.8,0.0,0
2024-11-27 03:00:00,15.5,65,0.0,4.6,0.0,0
2024-11-27 04:00:00,15.0,67,0.0,5.4,0.0,0
2024-11-27 05:00:00,14.4,70,0.0,5.2,0.0,0
2024-11-27 06:00:00,13.6,77,0.0,4.9,0.0,0
2024-11-27 07:00:00,14.0,75,13.0,4.2,0.0,0
2024-11-27 08:00:00,16.2,66,126.0,3.6,0.0,0
2024-11-27 09:00:00,19.0,55,291.0,1.5,0.0,0
2024-11-27 10:00:00,21.8,45,441.0,2.1,0.0,0
2024-11-27 11:00:00,23.9,37,544.0,3.3,0.0,0
2024-11-27 12:00:00,25.1,33,588.0,5.4,0.0,0
2024-11-27 13:00:00,25.8,29,566.0,7.3,0.0,0
2024-11-27 14:00:00,26.0,27,481.0,8.0,0.0,0
2024-11-27 15:00:00,25.6,27,343.0,8.1,0.0,0
2024-11-27 16:00:00,24.8,27,176.0,7.8,0.0,0
2024-11-27 17:00:00,22.8,32,34.0,4.3,0.0,0
2024-11-27 18:00:00,22.0,35,0.0,3.8,0.0,0
2024-11-27 19:00:00,21.3,39,0.0,2.1,0.0,0
2024-11-27 20:00:00,20.5,43,0.0,2.2,0.0,0
2024-11-27 21:00:00,19.7,46,0.0,2.6,0.0,0
2024-11-27 22:00:00,18.9,49,0.0,2.7,0.0,0
2024-11-27 23:00:00,18.2,52,0.0,2.3,0.0,0
2024-11-28 00:00:00,18.0,53,0.0,1.2,0.0,0
2024-11-28 01:00:00,17.6,55,0.0,1.0,0.0,0
2024-11-28 02:00:00,16.9,57,0.0,1.8,0.0,0
2024-11-28 03:00:00,16.3,60,0.0,1.5,0.0,0
2024-11-28 04:00:00,15.5,64,0.0,0.8,0.0,0
2024-11-28 05:00:00,14.2,69,0.0,2.1,0.0,0
2024-11-28 06:00:00,12.8,80,0.0,3.1,0.0,0
2024-11-28 07:00:00,12.8,80,12.0,3.5,0.0,0
2024-11-28 08:00:00,15.2,68,126.0,4.0,0.0,0
2024-11-28 09:00:00,18.5,55,294.0,2.9,0.0,0
2024-11-28 10:00:00,21.3,47,445.0,3.2,0.0,0
2024-11-28 11:00:00,23.3,38,549.0,4.0,0.0,0
2024-11-28 12:00:00,24.5,32,591.0,4.4,0.0,0
2024-11-28 13:00:00,25.3,27,567.0,5.3,0.0,0
2024-11-28 14:00:00,25.5,26,481.0,6.4,0.0,0
2024-11-28 15:00:00,25.2,27,343.0,6.5,0.0,0
2024-11-28 16:00:00,24.4,29,176.0,6.0,0.0,0
2024-11-28 17:00:00,22.0,36,34.0,4.4,0.0,0
2024-11-28 18:00:00,21.9,39,0.0,4.3,0.0,0
2024-11-28 19:00:00,20.8,46,0.0,4.0,0.0,0
2024-11-28 20:00:00,19.9,50,0.0,3.9,0.0,1
2024-11-28 21:00:00,19.2,53,0.0,2.9,0.0,0
2024-11-28 22:00:00,18.5,56,0.0,2.2,0.0,0
2024-11-28 23:00:00,17.7,59,0.0,1.8,0.0,0
2024-11-29 00:00:00,17.2,62,0.0,1.8,0.0,0
2024-11-29 01:00:00,16.7,65,0.0,1.9,0.0,0
2024-11-29 02:00:00,15.8,70,0.0,2.7,0.0,0
2024-11-29 03:00:00,15.1,74,0.0,2.0,0.0,0
2024-11-29 04:00:00,14.5,78,0.0,2.1,0.0,0
2024-11-29 05:00:00,13.7,82,0.0,2.4,0.0,0
2024-11-29 06:00:00,12.5,86,0.0,2.2,0.0,0
2024-11-29 07:00:00,12.7,86,11.0,1.2,0.0,0
2024-11-29 08:00:00,14.8,77,120.0,1.5,0.0,0
2024-11-29 09:00:00,17.7,68,284.0,1.7,0.0,0
2024-11-29 10:00:00,20.3,58,432.0,2.6,0.0,0
2024-11-29 11:00:00,22.2,49,535.0,3.4,0.0,0
2024-11-29 12:00:00,23.4,43,578.0,3.3,0.0,0
2024-11-29 13:00:00,24.2,38,556.0,2.6,0.0,0
2024-11-29 14:00:00,24.6,35,471.0,2.3,0.0,0
2024-11-29 15:00:00,24.5,34,334.0,2.4,0.0,0
2024-11-29 16:00:00,24.0,35,171.0,2.9,0.0,0
2024-11-29 17:00:00,22.0,43,33.0,3.2,0.0,0
2024-11-29 18:00:00,21.9,45,0.0,5.1,0.0,0
2024-11-29 19:00:00,20.5,53,0.0,3.2,0.0,0
2024-11-29 20:00:00,20.1,54,0.0,2.1,0.0,0
2024-11-29 21:00:00,19.4,57,0.0,2.0,0.0,0
2024-11-29 22:00:00,18.7,60,0.0,1.8,0.0,0
2024-11-29 23:00:00,18.2,63,0.0,1.0,0.0,0
2024-11-30 00:00:00,17.6,65,0.0,0.7,0.0,0
2024-11-30 01:00:00,16.9,68,0.0,0.5,0.0,0
2024-11-30 02:00:00,15.9,73,0.0,1.5,0.0,0
2024-11-30 03:00:00,15.0,78,0.0,2.3,0.0,0
2024-11-30 04:00:00,13.9,83,0.0,3.6,0.0,0
2024-11-30 05:00:00,13.2,86,0.0,4.0,0.0,0
2024-11-30 06:00:00,12.4,88,0.0,3.9,0.0,0
2024-11-30 07:00:00,12.7,86,10.0,3.8,0.0,0
2024-11-30 08:00:00,14.7,76,117.0,3.8,0.0,0
2024-11-30 09:00:00,17.6,63,278.0,3.1,0.0,0
2024-11-30 10:00:00,20.4,54,426.0,3.9,0.0,0
2024-11-30 11:00:00,22.5,44,530.0,5.3,0.0,0
2024-11-30 12:00:00,23.9,38,573.0,6.5,0.0,0
2024-11-30 13:00:00,24.6,35,550.0,6.6,0.0,0
2024-11-30 14:00:00,24.9,33,466.0,7.3,0.0,0
2024-11-30 15:00:00,24.7,34,332.0,8.0,0.0,0
2024-11-30 16:00:00,23.9,38,169.0,8.0,0.0,0
2024-11-30 17:00:00,22.1,45,33.0,4.7,0.0,0
2024-11-30 18:00:00,21.8,46,0.0,3.9,0.0,0
2024-11-30 19:00:00,20.8,52,0.0,4.0,0.0,0
2024-11-30 20:00:00,20.0,57,0.0,4.3,0.0,0
2024-11-30 21:00:00,19.1,62,0.0,4.6,0.0,0
2024-11-30 22:00:00,18.4,66,0.0,4.5,0.0,0
2024-11-30 23:00:00,17.6,70,0.0,4.5,0.0,0
2024-12-01 00:00:00,17.2,73,0.0,4.8,0.0,0
2024-12-01 01:00:00,16.5,76,0.0,4.2,0.0,0
2024-12-01 02:00:00,16.1,78,0.0,4.2,0.0,0
2024-12-01 03:00:00,15.6,80,0.0,4.3,0.0,0
2024-12-01 04:00:00,15.2,81,0.0,4.2,0.0,0
2024-12-01 05:00:00,15.0,81,0.0,3.1,0.0,0
2024-12-01 06:00:00,14.1,85,0.0,2.7,0.0,0
2024-12-01 07:00:00,14.0,85,10.0,3.4,0.0,0
2024-12-01 08:00:00,16.1,74,112.0,4.2,0.0,0
2024-12-01 09:00:00,18.4,64,271.0,3.4,0.0,0
2024-12-01 10:00:00,20.6,54,417.0,3.2,0.0,0
2024-12-01 11:00:00,22.5,45,520.0,3.5,0.0,0
2024-12-01 12:00:00,23.8,39,564.0,4.9,0.0,0
2024-12-01 13:00:00,24.6,37,545.0,6.5,0.0,0
2024-12-01 14:00:00,24.8,38,463.0,7.0,0.0,0
2024-12-01 15:00:00,24.4,40,330.0,7.5,0.0,0
2024-12-01 16:00:00,23.6,44,169.0,8.1,0.0,0
2024-12-01 17:00:00,22.3,49,33.0,5.5,0.0,0
2024-12-01 18:00:00,22.2,49,0.0,7.3,0.0,0
2024-12-01 19:00:00,21.5,52,0.0,6.1,0.0,0
2024-12-01 20:00:00,20.5,56,0.0,5.0,0.0,0
2024-12-01 21:00:00,19.5,61,0.0,4.6,0.0,0
2024-12-01 22:00:00,18.6,65,0.0,3.9,0.0,0
2024-12-01 23:00:00,17.8,69,0.0,4.1,0.0,0
2024-12-02 00:00:00,17.1,72,0.0,4.7,0.0,0
2024-12-02 01:00:00,16.5,74,0.0,5.2,0.0,0
2024-12-02 02:00:00,15.8,77,0.0,4.9,0.0,0
2024-12-02 03:00:00,15.1,80,0.0,4.6,0.0,0
2024-12-02 04:00:00,14.6,82,0.0,4.8,0.0,0
2024-12-02 05:00:00,14.2,82,0.0,4.9,0.0,0
2024-12-02 06:00:00,13.3,87,0.0,4.0,0.0,0
2024-12-02 07:00:00,13.5,85,9.0,3.2,0.0,0
2024-12-02 08:00:00,15.8,73,114.0,4.1,0.0,0
2024-12-02 09:00:00,18.3,61,275.0,3.2,0.0,0
2024-12-02 10:00:00,20.7,51,424.0,3.5,0.0,0
2024-12-02 11:00:00,22.8,42,528.0,4.5,0.0,0
2024-12-02 12:00:00,24.4,35,572.0,6.2,0.0,0
2024-12-02 13:00:00,25.4,32,551.0,7.1,0.0,0
2024-12-02 14:00:00,25.8,32,468.0,6.8,0.0,0
2024-12-02 15:00:00,25.5,33,333.0,6.2,0.0,0
2024-12-02 16:00:00,24.7,36,170.0,6.5,0.0,0
2024-12-02 17:00:00,22.7,43,33.0,4.7,0.0,0
2024-12-02 18:00:00,22.5,45,0.0,4.8,0.0,0
2024-12-02 19:00:00,21.5,48,0.0,4.8,0.0,0
2024-12-02 20:00:00,20.7,52,0.0,5.0,0.0,0
2024-12-02 21:00:00,19.9,55,0.0,5.1,0.0,0
2024-12-02 22:00:00,19.0,60,0.0,4.8,0.0,0
2024-12-02 23:00:00,18.2,64,0.0,4.4,0.0,0
2024-12-03 00:00:00,17.5,68,0.0,4.5,0.0,0
2024-12-03 01:00:00,17.1,70,0.0,5.8,0.0,0
2024-12-03 02:00:00,16.7,73,0.0,6.8,0.0,0
2024-12-03 03:00:00,16.1,74,0.0,5.5,0.0,0
2024-12-03 04:00:00,15.5,76,0.0,4.7,0.0,0
2024-12-03 05:00:00,14.8,78,0.0,4.4,0.0,0
2024-12-03 06:00:00,13.5,87,0.0,4.4,0.0,0
2024-12-03 07:00:00,13.8,85,9.0,4.9,0.0,0
2024-12-03 08:00:00,15.9,74,112.0,5.7,0.0,0
2024-12-03 09:00:00,18.7,60,272.0,4.5,0.0,0
2024-12-03 10:00:00,21.3,50,419.0,4.8,0.0,0
2024-12-03 11:00:00,23.7,41,523.0,5.9,0.0,0
2024-12-03 12:00:00,25.3,35,567.0,7.6,0.0,0
2024-12-03 13:00:00,26.3,31,547.0,9.1,0.0,0
2024-12-03 14:00:00,26.5,30,465.0,10.3,0.0,0
2024-12-03 15:00:00,26.1,31,332.0,10.7,0.0,0
2024-12-03 16:00:00,25.1,35,170.0,10.0,0.0,0
2024-12-03 17:00:00,23.4,41,33.0,6.7,0.0,0
2024-12-03 18:00:00,23.4,43,0.0,6.5,0.0,0
2024-12-03 19:00:00,22.4,47,0.0,7.0,0.0,0
2024-12-03 20:00:00,21.4,51,0.0,6.8,0.0,0
2024-12-03 21:00:00,20.4,54,0.0,6.9,0.0,0
2024-12-03 22:00:00,19.6,57,0.0,7.4,0.0,0
2024-12-03 23:00:00,18.9,59,0.0,8.0,0.0,0
2024-12-04 00:00:00,18.4,58,0.0,8.6,0.0,0
2024-12-04 01:00:00,17.9,55,0.0,8.9,0.0,0
2024-12-04 02:00:00,17.6,54,0.0,9.2,0.0,0
2024-12-04 03:00:00,17.2,55,0.0,9.6,0.0,0
2024-12-04 04:00:00,16.8,56,0.0,9.5,0.0,0
2024-12-04 05:00:00,16.4,59,0.0,9.3,0.0,0
2024-12-04 06:00:00,15.3,74,0.0,9.0,0.0,0
2024-12-04 07:00:00,15.2,75,8.0,9.4,0.0,0
2024-12-04 08:00:00,16.5,69,110.0,10.1,0.0,0
2024-12-04 09:00:00,18.6,61,271.0,9.3,0.0,0
2024-12-04 10:00:00,20.9,53,419.0,9.6,0.0,0
2024-12-04 11:00:00,23.2,44,524.0,10.7,0.0,0
2024-12-04 12:00:00,24.8,37,570.0,13.0,0.0,0
2024-12-04 13:00:00,25.5,35,552.0,13.5,0.0,0
2024-12-04 14:00:00,25.6,34,469.0,14.2,0.0,0
2024-12-04 15:00:00,25.1,34,335.0,14.1,0.0,0
2024-12-04 16:00:00,24.3,36,172.0,13.0,0.0,0
2024-12-04 17:00:00,22.8,39,34.0,9.0,0.0,0
2024-12-04 18:00:00,22.4,40,0.0,8.5,0.0,0
2024-12-04 19:00:00,21.3,43,0.0,8.1,0.0,0
2024-12-04 20:00:00,20.3,44,0.0,7.4,0.0,0
2024-12-04 21:00:00,19.5,45,0.0,7.1,0.0,0
2024-12-04 22:00:00,18.8,46,0.0,6.9,0.0,0
2024-12-04 23:00:00,17.9,48,0.0,6.6,0.0,0
2024-12-05 00:00:00,17.0,50,0.0,6.6,0.0,0
2024-12-05 01:00:00,16.2,53,0.0,7.3,0.0,0
2024-12-05 02:00:00,15.2,58,0.0,7.3,0.0,0
2024-12-05 03:00:00,14.6,61,0.0,7.5,0.0,0
2024-12-05 04:00:00,14.1,64,0.0,7.6,0.0,0
2024-12-05 05:00:00,13.6,64,0.0,7.6,0.0,0
2024-12-05 06:00:00,12.0,68,0.0,6.5,0.0,0
2024-12-05 07:00:00,12.0,66,8.0,7.4,0.0,0
2024-12-05 08:00:00,13.5,59,114.0,9.3,0.0,0
2024-12-05 09:00:00,15.9,48,281.0,7.7,0.0,0
2024-12-05 10:00:00,18.7,40,435.0,8.1,0.0,0
2024-12-05 11:00:00,21.1,34,542.0,9.4,0.0,0
2024-12-05 12:00:00,22.8,28,589.0,10.9,0.0,0
2024-12-05 13:00:00,23.5,25,569.0,12.1,0.0,0
2024-12-05 14:00:00,23.6,25,485.0,12.5,0.0,0
2024-12-05 15:00:00,23.2,26,347.0,12.7,0.0,0
2024-12-05 16:00:00,22.4,28,178.0,11.8,0.0,0
2024-12-05 17:00:00,20.7,32,35.0,6.9,0.0,0
2024-12-05 18:00:00,20.2,35,0.0,6.9,0.0,0
2024-12-05 19:00:00,19.2,38,0.0,6.6,0.0,0
2024-12-05 20:00:00,18.3,39,0.0,6.3,0.0,0
2024-12-05 21:00:00,17.6,41,0.0,5.8,0.0,0
2024-12-05 22:00:00,16.9,43,0.0,5.6,0.0,0
2024-12-05 23:00:00,16.5,44,0.0,5.9,0.0,0
2024-12-06 00:00:00,16.1,44,0.0,6.0,0.0,0
2024-12-06 01:00:00,15.3,46,0.0,5.5,0.0,0
2024-12-06 02:00:00,14.4,50,0.0,5.1,0.0,0
2024-12-06 03:00:00,13.8,53,0.0,5.1,0.0,0
2024-12-06 04:00:00,13.3,56,0.0,6.9,0.0,6
2024-12-06 05:00:00,12.5,61,0.0,6.9,0.0,0
2024-12-06 06:00:00,11.3,73,0.0,6.5,0.0,0
2024-12-06 07:00:00,11.3,73,8.0,7.2,0.0,0
2024-12-06 08:00:00,13.2,64,109.0,8.5,0.0,0
2024-12-06 09:00:00,16.2,52,272.0,6.0,0.0,0
2024-12-06 10:00:00,19.2,41,424.0,6.7,0.0,0
2024-12-06 11:00:00,21.6,35,531.0,8.5,0.0,0
2024-12-06 12:00:00,22.8,34,578.0,10.8,0.0,0
2024-12-06 13:00:00,23.4,34,558.0,11.9,0.0,0
2024-12-06 14:00:00,23.5,34,475.0,12.0,0.0,0
2024-12-06 15:00:00,23.1,35,340.0,11.3,0.0,0
2024-12-06 16:00:00,22.4,36,176.0,10.3,0.0,0
2024-12-06 17:00:00,20.7,40,35.0,5.9,0.0,0
2024-12-06 18:00:00,20.2,41,0.0,5.0,0.0,0
2024-12-06 19:00:00,19.1,45,0.0,5.1,0.0,0
2024-12-06 20:00:00,18.2,46,0.0,5.5,0.0,0
2024-12-06 21:00:00,17.3,44,0.0,5.5,0.0,0
2024-12-06 22:00:00,16.5,45,0.0,5.4,0.0,0
2024-12-06 23:00:00,16.1,45,0.0,4.4,0.0,0
2024-12-07 00:00:00,15.7,45,0.0,3.4,0.0,0
2024-12-07 01:00:00,15.0,47,0.0,4.2,0.0,0
2024-12-07 02:00:00,14.4,49,0.0,3.2,0.0,0
2024-12-07 03:00:00,13.4,52,0.0,3.2,0.0,0
2024-12-07 04:00:00,12.2,57,0.0,4.8,0.0,0
2024-12-07 05:00:00,11.4,62,0.0,4.8,0.0,0
2024-12-07 06:00:00,9.7,73,0.0,4.7,0.0,0
2024-12-07 07:00:00,9.9,74,7.0,4.4,0.0,0
2024-12-07 08:00:00,12.4,65,110.0,5.0,0.0,0
2024-12-07 09:00:00,15.8,53,276.0,1.3,0.0,0
2024-12-07 10:00:00,19.0,43,430.0,0.8,0.0,0
2024-12-07 11:00:00,21.2,33,537.0,0.5,0.0,0
2024-12-07 12:00:00,22.3,25,583.0,2.0,0.0,0
2024-12-07 13:00:00,22.9,22,563.0,2.7,0.0,0
2024-12-07 14:00:00,23.1,20,481.0,3.1,0.0,0
2024-12-07 15:00:00,22.9,20,345.0,2.7,0.0,0
2024-12-07 16:00:00,22.3,21,179.0,2.7,0.0,0
2024-12-07 17:00:00,20.4,27,35.0,1.2,0.0,0
2024-12-07 18:00:00,19.9,29,0.0,4.5,0.0,0
2024-12-07 19:00:00,18.8,35,0.0,5.0,0.0,0
2024-12-07 20:00:00,17.1,44,0.0,4.0,0.0,0
2024-12-07 21:00:00,16.1,49,0.0,3.9,0.0,0
2024-12-07 22:00:00,15.3,54,0.0,4.1,0.0,0
2024-12-07 23:00:00,14.4,58,0.0,4.5,0.0,0
2024-12-08 00:00:00,13.5,62,0.0,5.0,0.0,0
2024-12-08 01:00:00,12.9,64,0.0,5.4,0.0,0
2024-12-08 02:00:00,12.6,64,0.0,5.6,0.0,0
2024-12-08 03:00:00,12.2,65,0.0,6.1,0.0,0
2024-12-08 04:00:00,11.9,66,0.0,6.5,0.0,0
2024-12-08 05:00:00,11.7,67,0.0,7.7,0.0,0
2024-12-08 06:00:00,11.0,71,0.0,8.4,0.0,0
2024-12-08 07:00:00,11.1,70,7.0,8.7,0.0,2
2024-12-08 08:00:00,12.5,63,104.0,9.4,0.0,5
2024-12-08 09:00:00,14.9,54,264.0,8.1,0.0,8
2024-12-08 10:00:00,17.8,45,413.0,8.9,0.0,7
2024-12-08 11:00:00,20.3,37,518.0,12.5,0.0,10
2024-12-08 12:00:00,21.5,35,559.0,13.1,0.0,24
2024-12-08 13:00:00,22.1,35,528.0,12.3,0.0,26
2024-12-08 14:00:00,22.3,36,457.0,11.7,0.0,36
2024-12-08 15:00:00,21.8,38,290.0,11.3,0.0,41
2024-12-08 16:00:00,20.9,41,132.0,11.9,0.0,52
2024-12-08 17:00:00,19.0,50,27.0,2.9,0.1,68
2024-12-08 18:00:00,17.9,56,0.0,11.4,1.0,9
2024-12-08 19:00:00,17.3,61,0.0,9.5,0.0,69
2024-12-08 20:00:00,16.4,59,0.0,10.6,0.3,32
2024-12-08 21:00:00,15.7,65,0.0,6.8,0.0,38
2024-12-08 22:00:00,14.9,72,0.0,0.9,0.1,20
2024-12-08 23:00:00,14.6,72,0.0,2.0,0.0,0
2024-12-09 00:00:00,13.8,72,0.0,6.3,0.0,0
2024-12-09 01:00:00,13.2,76,0.0,7.6,0.0,0
2024-12-09 02:00:00,12.4,82,0.0,8.7,0.0,0
2024-12-09 03:00:00,11.7,86,0.0,7.7,0.0,0
2024-12-09 04:00:00,11.2,89,0.0,6.0,0.0,0
2024-12-09 05:00:00,10.4,91,0.0,4.3,0.0,0
2024-12-09 06:00:00,11.3,85,0.0,1.1,0.0,0
2024-12-09 07:00:00,11.2,86,6.0,2.0,0.0,0
2024-12-09 08:00:00,12.8,77,102.0,2.6,0.0,0
2024-12-09 09:00:00,14.6,70,264.0,2.0,0.0,0
2024-12-09 10:00:00,16.2,64,411.0,2.2,0.0,0
2024-12-09 11:00:00,17.8,58,516.0,2.0,0.0,0
2024-12-09 12:00:00,19.0,52,562.0,1.4,0.0,0
2024-12-09 13:00:00,19.8,47,541.0,0.4,0.0,0
2024-12-09 14:00:00,20.2,43,466.0,0.9,0.0,6
2024-12-09 15:00:00,20.2,42,330.0,2.2,0.0,8
2024-12-09 16:00:00,19.6,44,170.0,4.2,0.0,1
2024-12-09 17:00:00,17.7,54,34.0,4.2,0.0,0
2024-12-09 18:00:00,17.6,51,0.0,6.5,0.0,1
2024-12-09 19:00:00,16.9,56,0.0,5.8,0.0,0
2024-12-09 20:00:00,16.4,58,0.0,6.6,0.0,0
2024-12-09 21:00:00,15.5,61,0.0,6.6,0.0,0
2024-12-09 22:00:00,14.7,62,0.0,6.1,0.0,0
2024-12-09 23:00:00,14.1,63,0.0,6.3,0.0,0
2024-12-10 00:00:00,13.3,66,0.0,5.8,0.0,0
2024-12-10 01:00:00,12.7,69,0.0,6.1,0.0,0
2024-12-10 02:00:00,12.4,69,0.0,6.9,0.0,0
2024-12-10 03:00:00,11.8,69,0.0,6.9,0.0,0
2024-12-10 04:00:00,11.3,71,0.0,7.2,0.0,0
2024-12-10 05:00:00,10.7,74,0.0,7.3,0.0,0
2024-12-10 06:00:00,9.8,86,0.0,7.0,0.0,0
2024-12-10 07:00:00,9.8,85,6.0,7.6,0.0,0
2024-12-10 08:00:00,11.1,79,102.0,8.9,0.0,0
2024-12-10 09:00:00,13.1,70,266.0,8.2,0.0,0
2024-12-10 10:00:00,15.3,61,419.0,8.1,0.0,0
2024-12-10 11:00:00,17.5,51,528.0,8.6,0.0,0
2024-12-10 12:00:00,19.2,35,579.0,11.1,0.0,0
2024-12-10 13:00:00,20.1,22,565.0,13.0,0.0,0
2024-12-10 14:00:00,20.1,21,485.0,13.0,0.0,0
2024-12-10 15:00:00,19.7,22,350.0,12.9,0.0,0
2024-12-10 16:00:00,18.6,26,182.0,10.6,0.0,0
2024-12-10 17:00:00,16.6,33,36.0,7.4,0.0,0
2024-12-10 18:00:00,16.6,36,0.0,7.3,0.0,0
2024-12-10 19:00:00,15.7,38,0.0,7.2,0.0,0
2024-12-10 20:00:00,14.7,42,0.0,7.0,0.0,0
2024-12-10 21:00:00,13.6,46,0.0,6.6,0.0,0
2024-12-10 22:00:00,12.8,48,0.0,6.7,0.0,0
2024-12-10 23:00:00,12.2,50,0.0,6.9,0.0,0
2024-12-11 00:00:00,11.5,51,0.0,7.1,0.0,0
2024-12-11 01:00:00,10.9,53,0.0,6.8,0.0,0
2024-12-11 02:00:00,10.4,53,0.0,7.5,0.0,0
2024-12-11 03:00:00,10.1,52,0.0,7.9,0.0,0
2024-12-11 04:00:00,9.8,51,0.0,8.0,0.0,0
2024-12-11 05:00:00,9.4,52,0.0,8.5,0.0,0
2024-12-11 06:00:00,8.4,59,0.0,9.0,0.0,0
2024-12-11 07:00:00,8.2,61,6.0,9.0,0.0,0
2024-12-11 08:00:00,9.5,58,104.0,10.3,0.0,0
2024-12-11 09:00:00,11.8,52,270.0,7.6,0.0,0
2024-12-11 10:00:00,14.4,45,425.0,8.1,0.0,0
2024-12-11 11:00:00,16.9,39,535.0,9.2,0.0,0
2024-12-11 12:00:00,18.6,34,585.0,10.1,0.0,0
2024-12-11 13:00:00,19.7,31,568.0,10.0,0.0,0
2024-12-11 14:00:00,20.2,30,486.0,10.5,0.0,0
2024-12-11 15:00:00,20.0,31,350.0,10.5,0.0,0
2024-12-11 16:00:00,19.2,33,182.0,9.0,0.0,0
2024-12-11 17:00:00,16.9,41,37.0,5.9,0.0,0
2024-12-11 18:00:00,16.9,42,0.0,6.4,0.0,0
2024-12-11 19:00:00,15.9,46,0.0,6.5,0.0,0
2024-12-11 20:00:00,15.0,48,0.0,6.6,0.0,0
2024-12-11 21:00:00,14.2,50,0.0,6.4,0.0,0
2024-12-11 22:00:00,13.3,53,0.0,6.0,0.0,0
2024-12-11 23:00:00,12.5,56,0.0,5.8,0.0,0
2024-12-12 00:00:00,11.7,59,0.0,5.7,0.0,0
2024-12-12 01:00:00,10.8,63,0.0,5.4,0.0,0
2024-12-12 02:00:00,10.1,66,0.0,5.1,0.0,0
2024-12-12 03:00:00,9.6,68,0.0,5.2,0.0,0
2024-12-12 04:00:00,9.1,71,0.0,5.3,0.0,0
2024-12-12 05:00:00,8.8,72,0.0,5.6,0.0,0
2024-12-12 06:00:00,7.7,75,0.0,6.0,0.0,0
2024-12-12 07:00:00,8.0,74,5.0,6.8,0.0,0
2024-12-12 08:00:00,9.9,66,103.0,8.9,0.0,0
2024-12-12 09:00:00,12.5,57,269.0,5.6,0.0,0
2024-12-12 10:00:00,15.4,47,425.0,5.9,0.0,0
2024-12-12 11:00:00,17.9,39,534.0,7.8,0.0,0
2024-12-12 12:00:00,19.4,33,582.0,9.3,0.0,0
2024-12-12 13:00:00,20.2,31,564.0,9.7,0.0,0
2024-12-12 14:00:00,20.5,30,482.0,9.7,0.0,0
2024-12-12 15:00:00,20.2,31,346.0,9.7,0.0,0
2024-12-12 16:00:00,19.3,34,179.0,10.1,0.0,0
2024-12-12 17:00:00,17.8,39,36.0,7.2,0.0,0
2024-12-12 18:00:00,17.7,42,0.0,7.5,0.0,0
2024-12-12 19:00:00,16.7,47,0.0,7.9,0.0,0
2024-12-12 20:00:00,15.7,50,0.0,8.3,0.0,0
2024-12-12 21:00:00,15.0,52,0.0,8.5,0.0,0
2024-12-12 22:00:00,14.6,52,0.0,9.0,0.0,0
2024-12-12 23:00:00,13.8,53,0.0,8.7,0.0,0
2024-12-13 00:00:00,13.0,57,0.0,8.7,0.0,0
2024-12-13 01:00:00,12.5,59,0.0,8.9,0.0,8
2024-12-13 02:00:00,11.9,61,0.0,8.8,0.0,0
2024-12-13 03:00:00,11.3,63,0.0,9.0,0.0,0
2024-12-13 04:00:00,10.8,65,0.0,9.2,0.0,0
2024-12-13 05:00:00,10.4,65,0.0,10.0,0.0,0
2024-12-13 06:00:00,9.4,71,0.0,10.1,0.0,13
2024-12-13 07:00:00,9.2,70,5.0,10.3,0.0,0
2024-12-13 08:00:00,10.4,65,101.0,10.4,0.0,0
2024-12-13 09:00:00,12.5,55,267.0,9.7,0.0,0
2024-12-13 10:00:00,15.1,46,423.0,11.1,0.0,0
2024-12-13 11:00:00,17.5,38,536.0,13.0,0.0,0
2024-12-13 12:00:00,19.2,33,587.0,14.5,0.0,0
2024-12-13 13:00:00,20.3,29,572.0,15.1,0.0,0
2024-12-13 14:00:00,20.6,29,491.0,14.7,0.0,0
2024-12-13 15:00:00,20.2,30,354.0,14.7,0.0,0
2024-12-13 16:00:00,19.4,33,185.0,14.2,0.0,2
2024-12-13 17:00:00,17.8,39,38.0,11.8,0.0,9
2024-12-13 18:00:00,17.7,40,0.0,13.1,0.0,3
2024-12-13 19:00:00,16.9,39,0.0,13.8,0.0,0
2024-12-13 20:00:00,16.2,38,0.0,13.9,0.0,0
2024-12-13 21:00:00,15.4,39,0.0,14.0,0.0,0
2024-12-13 22:00:00,14.7,40,0.0,14.0,0.0,0
2024-12-13 23:00:00,14.0,41,0.0,13.1,0.0,0
2024-12-14 00:00:00,13.3,43,0.0,12.5,0.0,0
2024-12-14 01:00:00,12.6,45,0.0,11.8,0.0,0
2024-12-14 02:00:00,12.0,47,0.0,11.2,0.0,0
2024-12-14 03:00:00,11.4,48,0.0,10.9,0.0,0
2024-12-14 04:00:00,10.9,49,0.0,10.5,0.0,0
2024-12-14 05:00:00,10.5,50,0.0,10.1,0.0,0
2024-12-14 06:00:00,8.9,60,0.0,9.9,0.0,0
2024-12-14 07:00:00,8.6,61,5.0,10.6,0.0,0
2024-12-14 08:00:00,9.8,56,99.0,11.4,0.0,0
2024-12-14 09:00:00,11.9,49,265.0,10.7,0.0,0
2024-12-14 10:00:00,14.5,42,420.0,10.0,0.0,0
2024-12-14 11:00:00,17.0,35,530.0,9.0,0.0,0
2024-12-14 12:00:00,19.0,31,580.0,9.4,0.0,0
2024-12-14 13:00:00,20.2,29,564.0,10.4,0.0,0
2024-12-14 14:00:00,20.7,29,483.0,10.5,0.0,0
2024-12-14 15:00:00,20.5,30,349.0,10.4,0.0,0
2024-12-14 16:00:00,19.8,32,183.0,10.6,0.0,0
2024-12-14 17:00:00,18.0,38,38.0,8.1,0.0,0
2024-12-14 18:00:00,17.8,41,0.0,8.2,0.0,0
2024-12-14 19:00:00,16.7,44,0.0,7.6,0.0,0
2024-12-14 20:00:00,15.7,47,0.0,6.6,0.0,0
2024-12-14 21:00:00,14.9,49,0.0,6.3,0.0,0
2024-12-14 22:00:00,14.1,52,0.0,6.2,0.0,0
2024-12-14 23:00:00,13.4,54,0.0,6.5,0.0,0
2024-12-15 00:00:00,12.8,55,0.0,6.5,0.0,0
2024-12-15 01:00:00,12.0,57,0.0,6.3,0.0,0
2024-12-15 02:00:00,11.3,58,0.0,6.0,0.0,0
2024-12-15 03:00:00,10.6,60,0.0,6.2,0.0,0
2024-12-15 04:00:00,9.9,62,0.0,6.2,0.0,0
2024-12-15 05:00:00,9.3,64,0.0,5.9,0.0,0
2024-12-15 06:00:00,7.3,76,0.0,4.7,0.0,0
2024-12-15 07:00:00,7.3,76,4.0,4.3,0.0,0
2024-12-15 08:00:00,9.2,66,97.0,5.6,0.0,0
2024-12-15 09:00:00,12.0,55,261.0,3.8,0.0,0
2024-12-15 10:00:00,14.8,46,417.0,3.9,0.0,0
2024-12-15 11:00:00,17.3,38,529.0,3.4,0.0,0
2024-12-15 12:00:00,19.2,32,582.0,3.8,0.0,0
2024-12-15 13:00:00,20.5,28,568.0,3.6,0.0,0
2024-12-15 14:00:00,21.1,26,489.0,3.7,0.0,0
2024-12-15 15:00:00,21.0,26,354.0,4.1,0.0,0
2024-12-15 16:00:00,20.1,28,187.0,4.4,0.0,0
2024-12-15 17:00:00,17.5,38,39.0,3.9,0.0,0
2024-12-15 18:00:00,17.3,46,0.0,4.3,0.0,0
2024-12-15 19:00:00,16.2,52,0.0,3.3,0.0,0
2024-12-15 20:00:00,15.3,56,0.0,3.4,0.0,0
2024-12-15 21:00:00,14.4,60,0.0,2.8,0.0,0
2024-12-15 22:00:00,13.6,64,0.0,2.6,0.0,0
2024-12-15 23:00:00,12.8,67,0.0,2.7,0.0,0
2024-12-16 00:00:00,12.1,71,0.0,3.1,0.0,0
2024-12-16 01:00:00,11.4,76,0.0,3.1,0.0,0
2024-12-16 02:00:00,10.6,80,0.0,2.8,0.0,0
2024-12-16 03:00:00,9.6,84,0.0,3.3,0.0,0
2024-12-16 04:00:00,8.8,88,0.0,4.6,0.0,0
2024-12-16 05:00:00,8.2,90,0.0,4.5,0.0,0
2024-12-16 06:00:00,7.0,92,0.0,4.3,0.0,0
2024-12-16 07:00:00,7.0,92,4.0,4.9,0.0,0
2024-12-16 08:00:00,8.7,85,93.0,5.9,0.0,0
2024-12-16 09:00:00,11.4,74,243.0,3.4,0.0,2
2024-12-16 10:00:00,14.3,66,399.0,3.3,0.0,0
2024-12-16 11:00:00,16.8,57,529.0,4.4,0.0,0
2024-12-16 12:00:00,18.7,48,575.0,3.9,0.0,0
2024-12-16 13:00:00,20.1,42,561.0,3.6,0.0,0
2024-12-16 14:00:00,20.9,38,483.0,3.2,0.0,0
2024-12-16 15:00:00,21.0,38,351.0,3.4,0.0,0
2024-12-16 16:00:00,20.3,41,186.0,3.5,0.0,0
2024-12-16 17:00:00,17.9,52,39.0,2.6,0.0,0
2024-12-16 18:00:00,17.5,56,0.0,3.7,0.0,0
2024-12-16 19:00:00,16.8,61,0.0,2.8,0.0,0
2024-12-16 20:00:00,16.2,64,0.0,2.3,0.0,0
2024-12-16 21:00:00,15.9,67,0.0,1.6,0.0,0
2024-12-16 22:00:00,15.2,71,0.0,0.9,0.0,0
2024-12-16 23:00:00,14.0,76,0.0,1.7,0.0,0
2024-12-17 00:00:00,12.7,83,0.0,3.0,0.0,0
2024-12-17 01:00:00,11.5,90,0.0,2.4,0.0,0
2024-12-17 02:00:00,10.4,96,0.0,2.4,0.0,3
2024-12-17 03:00:00,9.4,100,0.0,2.9,0.0,100
2024-12-17 04:00:00,9.0,100,0.0,2.4,0.0,100
2024-12-17 05:00:00,9.0,99,0.0,3.2,0.0,100
2024-12-17 06:00:00,8.0,99,0.0,2.8,0.0,100
2024-12-17 07:00:00,7.7,98,3.0,2.9,0.0,100
2024-12-17 08:00:00,9.1,96,64.0,2.3,0.0,100
2024-12-17 09:00:00,11.1,92,157.0,1.9,0.0,97
2024-12-17 10:00:00,13.7,80,280.0,0.7,0.0,9
2024-12-17 11:00:00,16.6,67,430.0,1.4,0.0,0
2024-12-17 12:00:00,18.9,54,570.0,2.3,0.0,0
2024-12-17 13:00:00,20.1,48,556.0,3.0,0.0,0
2024-12-17 14:00:00,20.6,44,480.0,3.5,0.0,0
2024-12-17 15:00:00,20.5,43,349.0,4.1,0.0,0
2024-12-17 16:00:00,19.9,44,185.0,4.4,0.0,0
2024-12-17 17:00:00,17.7,52,39.0,4.1,0.0,0
2024-12-17 18:00:00,18.1,55,0.0,2.3,0.0,0
2024-12-17 19:00:00,16.8,62,0.0,3.3,0.0,0
2024-12-17 20:00:00,16.1,66,0.0,2.6,0.0,0
2024-12-17 21:00:00,15.5,68,0.0,2.7,0.0,0
2024-12-17 22:00:00,14.7,69,0.0,3.5,0.0,0
2024-12-17 23:00:00,13.8,71,0.0,3.5,0.0,0
2024-12-18 00:00:00,12.8,77,0.0,3.2,0.0,0
2024-12-18 01:00:00,11.8,82,0.0,3.0,0.0,0
2024-12-18 02:00:00,10.8,87,0.0,4.2,0.0,0
2024-12-18 03:00:00,10.1,89,0.0,4.5,0.0,0
2024-12-18 04:00:00,9.6,91,0.0,4.7,0.0,0
2024-12-18 05:00:00,9.2,92,0.0,4.9,0.0,0
2024-12-18 06:00:00,8.0,98,0.0,5.7,0.0,60
2024-12-18 07:00:00,7.6,99,3.0,5.7,0.0,100
2024-12-18 08:00:00,8.1,96,73.0,4.9,0.0,100
2024-12-18 09:00:00,10.1,86,208.0,4.0,0.0,19
2024-12-18 10:00:00,13.4,70,368.0,3.2,0.0,1
2024-12-18 11:00:00,17.0,56,521.0,2.9,0.0,0
2024-12-18 12:00:00,19.1,45,577.0,2.4,0.0,0
2024-12-18 13:00:00,20.4,38,565.0,1.8,0.0,0
2024-12-18 14:00:00,20.9,35,486.0,2.3,0.0,0
2024-12-18 15:00:00,20.8,36,353.0,4.8,0.0,0
2024-12-18 16:00:00,19.7,42,188.0,7.2,0.0,0
2024-12-18 17:00:00,17.7,50,41.0,6.0,0.0,0
2024-12-18 18:00:00,17.5,52,0.0,5.0,0.0,0
2024-12-18 19:00:00,16.2,59,0.0,3.9,0.0,0
2024-12-18 20:00:00,15.3,64,0.0,3.8,0.0,0
2024-12-18 21:00:00,14.5,68,0.0,4.2,0.0,0
2024-12-18 22:00:00,13.5,72,0.0,4.2,0.0,0
2024-12-18 23:00:00,12.4,76,0.0,4.0,0.0,0
2024-12-19 00:00:00,11.5,79,0.0,3.6,0.0,0
2024-12-19 01:00:00,10.7,82,0.0,3.1,0.0,0
2024-12-19 02:00:00,10.0,85,0.0,3.4,0.0,0
2024-12-19 03:00:00,9.5,87,0.0,2.5,0.0,0
2024-12-19 04:00:00,9.1,87,0.0,1.7,0.0,0
2024-12-19 05:00:00,9.1,86,0.0,1.3,0.0,0
2024-12-19 06:00:00,8.0,88,0.0,0.9,0.0,0
2024-12-19 07:00:00,8.0,89,3.0,2.3,0.0,0
2024-12-19 08:00:00,10.3,80,88.0,6.0,0.0,0
2024-12-19 09:00:00,13.5,67,251.0,4.3,0.0,0
2024-12-19 10:00:00,16.3,56,408.0,6.0,0.0,0
2024-12-19 11:00:00,18.1,47,517.0,8.2,0.0,0
2024-12-19 12:00:00,19.5,38,566.0,8.3,0.0,0
2024-12-19 13:00:00,20.4,34,552.0,7.9,0.0,0
2024-12-19 14:00:00,20.8,33,475.0,7.1,0.0,0
2024-12-19 15:00:00,20.8,33,345.0,6.4,0.0,0
2024-12-19 16:00:00,20.1,35,183.0,6.1,0.0,0
2024-12-19 17:00:00,18.2,43,40.0,4.5,0.0,0
2024-12-19 18:00:00,17.6,48,0.0,4.7,0.0,0
2024-12-19 19:00:00,16.6,54,0.0,4.4,0.0,0
2024-12-19 20:00:00,16.2,57,0.0,3.5,0.0,0
2024-12-19 21:00:00,15.6,60,0.0,3.2,0.0,0
2024-12-19 22:00:00,14.8,64,0.0,3.3,0.0,0
2024-12-19 23:00:00,14.0,69,0.0,3.6,0.0,0
2024-12-20 00:00:00,13.1,73,0.0,4.3,0.0,0
2024-12-20 01:00:00,12.3,77,0.0,4.5,0.0,0
2024-12-20 02:00:00,11.8,79,0.0,4.0,0.0,0
2024-12-20 03:00:00,11.5,81,0.0,3.5,0.0,0
2024-12-20 04:00:00,11.2,82,0.0,2.9,0.0,0
2024-12-20 05:00:00,10.9,83,0.0,3.3,0.0,5
2024-12-20 06:00:00,10.5,87,0.0,2.7,0.0,6
2024-12-20 07:00:00,10.2,88,3.0,3.3,0.0,7
2024-12-20 08:00:00,12.1,79,84.0,4.8,0.0,2
2024-12-20 09:00:00,14.9,66,239.0,2.6,0.0,2
2024-12-20 10:00:00,17.8,55,389.0,2.9,0.0,0
2024-12-20 11:00:00,20.0,46,500.0,2.8,0.0,0
2024-12-20 12:00:00,21.6,38,554.0,3.1,0.0,0
2024-12-20 13:00:00,22.6,33,543.0,3.4,0.0,0
2024-12-20 14:00:00,23.2,29,469.0,3.8,0.0,0
2024-12-20 15:00:00,23.2,29,341.0,4.8,0.0,0
2024-12-20 16:00:00,22.3,32,182.0,6.5,0.0,0
2024-12-20 17:00:00,20.0,42,40.0,4.8,0.0,0
2024-12-20 18:00:00,19.2,49,0.0,5.2,0.0,0
2024-12-20 19:00:00,18.3,57,0.0,5.7,0.0,0
2024-12-20 20:00:00,17.2,66,0.0,5.5,0.0,0
2024-12-20 21:00:00,16.2,71,0.0,5.0,0.0,0
2024-12-20 22:00:00,15.4,74,0.0,4.9,0.0,0
2024-12-20 23:00:00,14.5,78,0.0,5.0,0.0,0
2024-12-21 00:00:00,13.5,82,0.0,5.0,0.0,0
2024-12-21 01:00:00,12.7,85,0.0,4.8,0.0,0
2024-12-21 02:00:00,12.1,86,0.0,5.0,0.0,0
2024-12-21 03:00:00,11.5,86,0.0,5.0,0.0,0
2024-12-21 04:00:00,11.0,86,0.0,4.8,0.0,0
2024-12-21 05:00:00,10.6,86,0.0,4.6,0.0,0
2024-12-21 06:00:00,9.3,92,0.0,3.6,0.0,0
2024-12-21 07:00:00,9.2,92,3.0,4.1,0.0,0
2024-12-21 08:00:00,10.6,86,83.0,6.8,0.0,0
2024-12-21 09:00:00,13.3,73,243.0,4.8,0.0,0
2024-12-21 10:00:00,16.1,61,396.0,4.4,0.0,0
2024-12-21 11:00:00,18.7,49,508.0,4.3,0.0,0
2024-12-21 12:00:00,20.8,39,562.0,5.0,0.0,0
2024-12-21 13:00:00,21.8,34,551.0,5.9,0.0,0
2024-12-21 14:00:00,22.1,33,476.0,6.8,0.0,0
2024-12-21 15:00:00,21.8,35,347.0,7.3,0.0,0
2024-12-21 16:00:00,20.9,39,186.0,6.9,0.0,0
2024-12-21 17:00:00,18.5,51,42.0,4.5,0.0,0
2024-12-21 18:00:00,18.5,48,0.0,4.5,0.0,0
2024-12-21 19:00:00,17.5,53,0.0,4.4,0.0,0
2024-12-21 20:00:00,16.6,58,0.0,4.9,0.0,1
2024-12-21 21:00:00,15.6,63,0.0,4.2,0.0,10
2024-12-21 22:00:00,14.9,65,0.0,3.1,0.0,42
2024-12-21 23:00:00,14.2,69,0.0,3.4,0.0,29
2024-12-22 00:00:00,13.5,71,0.0,2.9,0.0,99
2024-12-22 01:00:00,13.1,73,0.0,2.1,0.0,97
2024-12-22 02:00:00,13.0,73,0.0,0.8,0.0,100
2024-12-22 03:00:00,13.1,71,0.0,0.6,0.0,100
2024-12-22 04:00:00,12.6,74,0.0,2.1,0.0,100
2024-12-22 05:00:00,12.1,77,0.0,2.4,0.0,97
2024-12-22 06:00:00,10.6,83,0.0,2.8,0.0,95
2024-12-22 07:00:00,10.5,83,2.0,1.5,0.0,31
2024-12-22 08:00:00,12.1,75,84.0,1.5,0.0,14
2024-12-22 09:00:00,15.2,62,244.0,1.9,0.0,9
2024-12-22 10:00:00,18.1,49,397.0,1.9,0.0,0
2024-12-22 11:00:00,20.1,42,510.0,2.3,0.0,0
2024-12-22 12:00:00,21.4,38,564.0,3.1,0.0,0
2024-12-22 13:00:00,22.2,35,553.0,3.7,0.0,0
2024-12-22 14:00:00,22.5,34,477.0,4.8,0.0,0
2024-12-22 15:00:00,22.2,35,348.0,6.1,0.0,0
2024-12-22 16:00:00,21.4,37,187.0,7.2,0.0,0
2024-12-22 17:00:00,19.8,43,43.0,6.2,0.0,0
2024-12-22 18:00:00,19.0,50,0.0,4.9,0.0,0
2024-12-22 19:00:00,17.5,58,0.0,3.9,0.0,0
2024-12-22 20:00:00,16.7,62,0.0,2.5,0.0,0
2024-12-22 21:00:00,15.5,66,0.0,4.4,0.0,0
2024-12-22 22:00:00,14.8,68,0.0,4.9,0.0,0
2024-12-22 23:00:00,14.3,70,0.0,5.5,0.0,0
2024-12-23 00:00:00,14.0,69,0.0,8.4,0.0,3
2024-12-23 01:00:00,13.4,69,0.0,6.9,0.0,7
2024-12-23 02:00:00,12.9,70,0.0,7.4,0.0,1
2024-12-23 03:00:00,12.4,71,0.0,8.4,0.0,1
2024-12-23 04:00:00,12.0,72,0.0,7.6,0.0,7
2024-12-23 05:00:00,11.6,73,0.0,5.6,0.0,100
2024-12-23 06:00:00,12.8,72,0.0,5.6,0.0,70
2024-12-23 07:00:00,12.1,75,2.0,3.1,0.1,62
2024-12-23 08:00:00,13.0,71,57.0,4.8,0.3,65
2024-12-23 09:00:00,14.3,68,149.0,4.8,0.0,95
2024-12-23 10:00:00,15.3,65,203.0,5.3,0.0,99
2024-12-23 11:00:00,15.5,67,157.0,7.3,0.0,87
2024-12-23 12:00:00,16.9,61,330.0,8.6,0.0,89
2024-12-23 13:00:00,17.6,57,313.0,8.8,0.0,100
2024-12-23 14:00:00,16.9,60,139.0,9.6,1.0,100
2024-12-23 15:00:00,16.3,63,93.0,10.1,0.0,81
2024-12-23 16:00:00,16.6,64,85.0,8.7,0.0,78
2024-12-23 17:00:00,16.4,65,25.0,6.9,0.0,100
2024-12-23 18:00:00,16.3,66,0.0,7.0,0.0,39
2024-12-23 19:00:00,15.6,69,0.0,5.2,0.0,62
2024-12-23 20:00:00,15.1,70,0.0,6.0,0.0,50
2024-12-23 21:00:00,14.5,70,0.0,6.9,0.0,23
2024-12-23 22:00:00,13.5,76,0.0,4.5,0.0,11
2024-12-23 23:00:00,12.8,80,0.0,4.0,0.0,20
2024-12-24 00:00:00,12.3,83,0.0,4.3,0.0,26
2024-12-24 01:00:00,11.8,86,0.0,4.1,0.0,88
2024-12-24 02:00:00,12.1,85,0.0,3.6,0.0,96
2024-12-24 03:00:00,12.3,82,0.0,4.3,0.0,98
2024-12-24 04:00:00,12.1,82,0.0,5.2,0.0,84
2024-12-24 05:00:00,11.4,86,0.0,8.0,0.0,98
2024-12-24 06:00:00,11.9,85,0.0,6.1,0.2,63
2024-12-24 07:00:00,11.9,84,2.0,7.5,0.2,94
2024-12-24 08:00:00,12.7,83,46.0,8.9,0.0,82
2024-12-24 09:00:00,13.8,78,147.0,6.7,0.0,60
2024-12-24 10:00:00,15.3,71,268.0,6.7,0.0,32
2024-12-24 11:00:00,17.1,64,409.0,4.5,0.0,34
2024-12-24 12:00:00,18.2,58,436.0,6.4,0.0,28
2024-12-24 13:00:00,18.2,59,374.0,6.9,0.0,28
2024-12-24 14:00:00,18.7,58,362.0,5.9,0.1,43
2024-12-24 15:00:00,18.3,61,244.0,4.6,0.0,25
2024-12-24 16:00:00,18.2,62,153.0,4.4,0.0,36
2024-12-24 17:00:00,16.9,72,37.0,3.7,0.0,17
2024-12-24 18:00:00,15.9,80,0.0,5.8,0.0,27
2024-12-24 19:00:00,15.6,80,0.0,2.7,0.0,46
2024-12-24 20:00:00,15.3,82,0.0,4.9,0.0,32
2024-12-24 21:00:00,14.8,84,0.0,3.8,0.0,32
2024-12-24 22:00:00,14.2,86,0.0,4.1,0.0,13
2024-12-24 23:00:00,13.7,87,0.0,5.4,0.0,1
2024-12-25 00:00:00,13.0,91,0.0,5.8,0.0,3
2024-12-25 01:00:00,12.4,93,0.0,4.9,0.0,3
2024-12-25 02:00:00,12.1,94,0.0,4.9,0.0,0
2024-12-25 03:00:00,11.7,95,0.0,4.9,0.0,0
2024-12-25 04:00:00,11.2,95,0.0,4.8,0.0,0
2024-12-25 05:00:00,10.8,94,0.0,3.9,0.0,0
2024-12-25 06:00:00,10.8,96,0.0,3.7,0.0,19
2024-12-25 07:00:00,10.9,96,2.0,4.8,0.0,38
2024-12-25 08:00:00,11.8,93,71.0,6.8,0.0,38
2024-12-25 09:00:00,13.6,85,206.0,5.2,0.0,25
2024-12-25 10:00:00,16.1,73,373.0,4.7,0.0,1
2024-12-25 11:00:00,18.0,63,492.0,5.7,0.0,0
2024-12-25 12:00:00,19.3,56,546.0,5.5,0.0,0
2024-12-25 13:00:00,20.2,51,538.0,6.1,0.0,0
2024-12-25 14:00:00,20.6,49,466.0,6.9,0.0,0
2024-12-25 15:00:00,20.6,49,342.0,7.5,0.0,0
2024-12-25 16:00:00,20.0,51,186.0,7.6,0.0,0
2024-12-25 17:00:00,18.0,64,45.0,4.2,0.0,0
2024-12-25 18:00:00,17.1,73,0.0,4.3,0.0,0
2024-12-25 19:00:00,16.3,76,0.0,4.1,0.0,0
2024-12-25 20:00:00,15.6,78,0.0,4.0,0.0,0
2024-12-25 21:00:00,14.8,80,0.0,4.5,0.0,0
2024-12-25 22:00:00,14.0,83,0.0,4.6,0.0,0
2024-12-25 23:00:00,13.3,85,0.0,4.7,0.0,0
2024-12-26 00:00:00,12.7,86,0.0,4.8,0.0,0
2024-12-26 01:00:00,12.0,88,0.0,4.6,0.0,0
2024-12-26 02:00:00,11.5,89,0.0,4.4,0.0,0
2024-12-26 03:00:00,10.9,90,0.0,4.3,0.0,0
2024-12-26 04:00:00,10.5,91,0.0,4.3,0.0,0
2024-12-26 05:00:00,10.1,92,0.0,4.1,0.0,0
2024-12-26 06:00:00,9.9,92,0.0,3.8,0.0,0
2024-12-26 07:00:00,9.9,92,2.0,3.0,0.0,0
2024-12-26 08:00:00,11.6,86,79.0,4.0,0.0,0
2024-12-26 09:00:00,14.0,77,235.0,1.8,0.0,0
2024-12-26 10:00:00,16.8,67,389.0,2.2,0.0,0
2024-12-26 11:00:00,19.4,56,503.0,2.4,0.0,0
2024-12-26 12:00:00,21.2,46,556.0,2.4,0.0,0
2024-12-26 13:00:00,22.2,41,544.0,1.9,0.0,0
2024-12-26 14:00:00,22.6,39,471.0,2.2,0.0,0
2024-12-26 15:00:00,22.5,40,344.0,2.3,0.0,2
2024-12-26 16:00:00,21.9,42,187.0,3.6,0.0,2
2024-12-26 17:00:00,20.0,57,45.0,1.6,0.0,0
2024-12-26 18:00:00,19.5,51,0.0,2.7,0.0,14
2024-12-26 19:00:00,18.6,54,0.0,3.1,0.0,33
2024-12-26 20:00:00,18.0,56,0.0,2.9,0.0,89
2024-12-26 21:00:00,17.4,60,0.0,2.3,0.0,100
2024-12-26 22:00:00,16.9,64,0.0,3.3,0.0,98
2024-12-26 23:00:00,16.5,67,0.0,2.7,0.0,93
2024-12-27 00:00:00,15.7,72,0.0,4.4,0.0,79
2024-12-27 01:00:00,15.7,71,0.0,4.4,0.0,75
2024-12-27 02:00:00,15.3,71,0.0,1.6,0.0,97
2024-12-27 03:00:00,15.6,70,0.0,0.4,0.0,88
2024-12-27 04:00:00,15.1,72,0.0,1.2,0.0,71
2024-12-27 05:00:00,14.9,73,0.0,8.2,0.0,75
2024-12-27 06:00:00,14.4,84,0.0,7.2,3.2,100
2024-12-27 07:00:00,14.4,85,1.0,9.0,0.0,100
2024-12-27 08:00:00,14.9,83,30.0,4.9,2.0,100
2024-12-27 09:00:00,15.0,85,81.0,10.8,1.6,100
2024-12-27 10:00:00,15.5,86,107.0,6.0,0.2,98
2024-12-27 11:00:00,16.6,84,213.0,7.8,0.4,96
2024-12-27 12:00:00,17.1,81,229.0,10.8,1.5,99
2024-12-27 13:00:00,16.8,81,210.0,9.6,2.8,100
2024-12-27 14:00:00,16.3,85,134.0,8.0,3.0,100
2024-12-27 15:00:00,15.6,92,93.0,7.3,2.8,100
2024-12-27 16:00:00,15.0,90,39.0,10.4,3.9,100
2024-12-27 17:00:00,14.3,94,15.0,10.3,3.2,100
2024-12-27 18:00:00,14.3,96,0.0,9.6,2.7,100
2024-12-27 19:00:00,14.4,95,0.0,10.3,1.2,98
2024-12-27 20:00:00,14.4,95,0.0,9.6,0.2,85
2024-12-27 21:00:00,14.4,93,0.0,10.8,0.7,69
2024-12-27 22:00:00,14.2,93,0.0,11.3,0.5,25
2024-12-27 23:00:00,13.8,93,0.0,9.2,0.0,27
2024-12-28 00:00:00,13.6,93,0.0,7.8,0.0,38
2024-12-28 01:00:00,13.2,93,0.0,4.7,0.0,89
2024-12-28 02:00:00,13.6,91,0.0,3.8,0.0,49
2024-12-28 03:00:00,13.0,94,0.0,6.0,0.1,41
2024-12-28 04:00:00,12.8,94,0.0,7.8,0.5,21
2024-12-28 05:00:00,12.3,94,0.0,4.4,0.2,51
2024-12-28 06:00:00,13.0,95,0.0,3.8,0.9,100
2024-12-28 07:00:00,13.8,93,1.0,3.3,0.2,100
2024-12-28 08:00:00,14.7,90,56.0,5.9,2.5,72
2024-12-28 09:00:00,15.1,91,82.0,4.3,0.2,100
2024-12-28 10:00:00,16.3,87,239.0,4.8,0.0,100
2024-12-28 11:00:00,17.3,83,307.0,6.9,0.0,100
2024-12-28 12:00:00,17.5,82,223.0,7.2,0.0,100
2024-12-28 13:00:00,17.4,82,151.0,7.6,0.0,100
2024-12-28 14:00:00,17.9,79,227.0,6.5,0.0,100
2024-12-28 15:00:00,18.1,77,192.0,5.4,0.0,70
2024-12-28 16:00:00,17.8,78,133.0,4.7,0.0,43
2024-12-28 17:00:00,16.6,85,38.0,3.6,0.0,39
2024-12-28 18:00:00,15.8,91,0.0,6.2,0.0,43
2024-12-28 19:00:00,15.4,92,0.0,4.4,0.0,69
2024-12-28 20:00:00,14.7,93,0.0,4.8,0.0,27
2024-12-28 21:00:00,13.3,95,0.0,4.7,0.0,36
2024-12-28 22:00:00,12.8,96,0.0,5.0,0.0,3
2024-12-28 23:00:00,12.9,96,0.0,6.4,0.0,1
2024-12-29 00:00:00,12.5,96,0.0,6.9,0.0,0
2024-12-29 01:00:00,12.0,96,0.0,7.5,0.0,5
2024-12-29 02:00:00,11.6,96,0.0,8.0,0.0,5
2024-12-29 03:00:00,11.3,96,0.0,8.2,0.0,2
2024-12-29 04:00:00,10.9,96,0.0,8.8,0.0,6
2024-12-29 05:00:00,10.6,97,0.0,9.2,0.0,3
2024-12-29 06:00:00,12.5,98,0.0,9.4,0.0,100
2024-12-29 07:00:00,12.5,97,1.0,8.4,0.0,62
2024-12-29 08:00:00,12.8,94,54.0,8.7,0.0,98
2024-12-29 09:00:00,13.4,91,152.0,8.8,0.0,36
2024-12-29 10:00:00,14.7,84,291.0,6.9,0.0,15
2024-12-29 11:00:00,16.0,78,456.0,6.8,0.0,20
2024-12-29 12:00:00,17.0,74,539.0,7.5,0.0,15
2024-12-29 13:00:00,17.8,70,542.0,8.5,0.0,7
2024-12-29 14:00:00,18.3,66,480.0,9.2,0.0,1
2024-12-29 15:00:00,18.2,64,356.0,9.6,0.0,0
2024-12-29 16:00:00,17.5,67,198.0,7.7,0.0,0
2024-12-29 17:00:00,15.8,75,50.0,5.8,0.0,0
2024-12-29 18:00:00,13.9,83,0.0,7.7,0.0,0
2024-12-29 19:00:00,13.2,86,0.0,7.5,0.0,0
2024-12-29 20:00:00,12.5,88,0.0,7.6,0.0,0
2024-12-29 21:00:00,11.9,90,0.0,8.2,0.0,0
2024-12-29 22:00:00,11.5,91,0.0,8.2,0.0,0
2024-12-29 23:00:00,11.1,92,0.0,8.2,0.0,0
2024-12-30 00:00:00,10.8,93,0.0,8.6,0.0,0
2024-12-30 01:00:00,10.6,94,0.0,8.8,0.0,0
2024-12-30 02:00:00,10.4,94,0.0,9.4,0.0,0
2024-12-30 03:00:00,10.1,95,0.0,9.1,0.0,0
2024-12-30 04:00:00,9.9,96,0.0,9.0,0.0,0
2024-12-30 05:00:00,9.6,96,0.0,9.0,0.0,0
2024-12-30 06:00:00,10.9,99,0.0,11.0,0.0,100
2024-12-30 07:00:00,11.0,99,1.0,9.7,0.0,100
2024-12-30 08:00:00,11.2,98,37.0,9.3,0.0,100
2024-12-30 09:00:00,12.1,93,126.0,9.5,0.0,100
2024-12-30 10:00:00,13.3,87,261.0,9.8,0.0,66
2024-12-30 11:00:00,14.9,79,420.0,7.9,0.0,12
2024-12-30 12:00:00,16.2,75,555.0,7.5,0.0,5
2024-12-30 13:00:00,17.3,71,557.0,7.8,0.0,0
2024-12-30 14:00:00,17.9,70,488.0,7.8,0.0,0
2024-12-30 15:00:00,18.1,68,362.0,8.1,0.0,0
2024-12-30 16:00:00,17.6,71,201.0,6.7,0.0,0
2024-12-30 17:00:00,15.9,79,52.0,5.6,0.0,0
2024-12-30 18:00:00,12.6,86,0.0,4.3,0.0,0
2024-12-30 19:00:00,12.0,87,0.0,4.7,0.0,0
2024-12-30 20:00:00,11.5,88,0.0,4.7,0.0,0
2024-12-30 21:00:00,10.9,90,0.0,4.7,0.0,0
2024-12-30 22:00:00,10.2,92,0.0,4.7,0.0,0
2024-12-30 23:00:00,9.6,94,0.0,4.7,0.0,0
2024-12-31 00:00:00,9.2,96,0.0,4.5,0.0,0
2024-12-31 01:00:00,8.7,97,0.0,4.5,0.0,0
2024-12-31 02:00:00,8.5,99,0.0,5.1,0.0,2
2024-12-31 03:00:00,8.4,98,0.0,5.1,0.0,8
2024-12-31 04:00:00,8.4,97,0.0,4.6,0.0,13
2024-12-31 05:00:00,7.5,97,0.0,4.8,0.0,17
2024-12-31 06:00:00,9.7,97,0.0,3.0,0.0,100
2024-12-31 07:00:00,9.8,97,1.0,2.5,0.0,100
2024-12-31 08:00:00,9.9,98,37.0,3.4,0.0,100
2024-12-31 09:00:00,10.3,98,131.0,3.4,0.0,100
2024-12-31 10:00:00,11.9,90,241.0,3.1,0.0,100
2024-12-31 11:00:00,13.3,83,348.0,2.5,0.0,69
2024-12-31 12:00:00,14.7,78,498.0,3.0,0.0,54
2024-12-31 13:00:00,15.5,74,497.0,3.9,0.0,44
2024-12-31 14:00:00,16.0,69,471.0,4.1,0.0,21
2024-12-31 15:00:00,16.1,69,357.0,4.2,0.0,10
2024-12-31 16:00:00,15.7,72,204.0,3.9,0.0,9
2024-12-31 17:00:00,14.0,81,53.0,2.9,0.0,2
2024-12-31 18:00:00,12.1,85,0.0,2.5,0.0,28
2024-12-31 19:00:00,11.5,87,0.0,2.4,0.0,88
2024-12-31 20:00:00,11.0,89,0.0,2.7,0.0,48
2024-12-31 21:00:00,10.4,91,0.0,2.7,0.0,27
2024-12-31 22:00:00,9.9,93,0.0,3.0,0.0,22
2024-12-31 23:00:00,9.2,96,0.0,2.7,0.0,31
